Código,Nombre,SubCategoría,Costo,Precio
7503033076842,BIG COLA 300ML,AJE,$6.083,$8.000
7503027753186,BIG COLA 911ML,AJE,$13.000,$16.000
813962527061,AGUA DOÑA VITA 1.5 LT,AJE,$3.596,$10.000
813962512036,AGUA DOÑA VITA 500 ML,AJE,$2.770,$7.000
7503033076989,BIG COLA 1.5 LT,AJE,$15.667,$20.000
7503033076958,BIG COLA 500ML,AJE,$8.667,$11.000
7503033076941,BIG COLA 300ML,AJE,$5.389,$6.000
7503037623691,VIDA AGUA NATURAL 3 LT,AJE,$13.000,$20.000
7503018023953,SANGRIA SEÑORIAL SIN AZUCAR 600 ML,AJE,$11.500,$15.000
7503018023779,SANGRIA SEÑORIAL 355ML,AJE,$9.000,$13.000
7500326103322,SANGRIA SEÑORIAL 1 LT,AJE,$21.000,$23.000
7503030524056,CITRUS  PUNCH 3 LT CITRICOS,AJE,$25.000,$26.000
7500326103339,SANGRIA SEÑORIAL 2 L,AJE,$29.380,$28.000
7506241202478,AQUA AJE 1.5 L,AJE,$9.000,$9.000
7506241202461,AQUA AJE 1 LITRO,AJE,$7.000,$7.000
7506241203543,CITRUS PUNCH 3.3 L,AJE,$21.000,$25.000
7503027753353,AQUA 625 ML,AJE,$6.000,$5.000
7506241202447,AQUA AJE 360 ML,AJE,$4.000,$4.000
7500326103551,TREBOL LIMON 600ML,AJE,$9.000,$11.000
7500326103582,TREBOL MANZANA 600ML,AJE,$9.000,$11.000
7500326103568,TREBOL FRESA 600ML,AJE,$9.000,$11.000
7500326103346,SANGRIA SEÑORIAL 2.6 LT,AJE,$35.333,$45.000
7500326103360,SANGRIA SEÑORIAL 600 ML,AJE,$13.750,$18.000
7501055905034,ALPURA SELECTA 100% VACA 1 LT,ALPURA,$0.000,$30.000
7501055917556,ALPURA YOGURT BEBIBLE PIÑA Y COCO 245GR,ALPURA,$0.000,$15.000
7501055917525,ALPURA YOGURT BEBIBLE MANZANA 245GR,ALPURA,$0.000,$15.000
7501055900022,ALPURA CLASICA FRESCA 1LT,ALPURA,$0.000,$27.000
7501055917532,ALPURA YOGURT BEBIBLE DURAZNO 245ML,ALPURA,$0.000,$16.000
7501055917549,ALPURA YOGURT BEBIBLE FRESA 245ML,ALPURA,$0.000,$16.000
7501055914036,ALPURA MANTEQUILLA SIN SAL,ALPURA,$17.740,$25.000
7501055917495,ALPURA YOGURT DE MANZANA 140GR,ALPURA,$6.300,$9.000
7501055917518,ALPURA YOGURT DE MANGO 140GR,ALPURA,$6.300,$9.000
7501055917501,ALPURA YOGURT DE DURAZNO 140GR,ALPURA,$6.300,$9.000
7501055917488,ALPURA YOGURT DE FRESA  140GR,ALPURA,$6.300,$9.000
75010555912537,ALPURA YOGURTH SABOR GUAYABA,ALPURA,$6.300,$9.000
7501055909575,ALPURA MALTEADA CHOCOLATE 250ML,ALPURA,$9.960,$13.000
7501055916177,ALPURA TETRAPACK FRUTAL FRESA 250ML,ALPURA,$0.000,$13.000
7501055914852,ALPURA YOGHURT MANGO 220GR,ALPURA,$12.000,$15.000
7501055916887,ALPURA FRUTAL FRESA PLATANO 900ML,ALPURA,$27.600,$35.000
7501055916931,FRUTAL FRESA- ZARZAMORA 1LT,ALPURA,$29.430,$34.000
7501055916900,ALPURA FRUTAL  MANGO 900ML,ALPURA,$29.440,$35.000
7501055914630,ALPURA BEBIBLE FRESA MORA 220G,ALPURA,$12.000,$15.000
7501055917235,YOGURTH ALPURA CRUNCHY ARROZ INFLADO 125G,ALPURA,$11.760,$15.000
7501055917242,YOGURTH ALPURA CRUNCHY HOJUELAS DE MAIZ 125G,ALPURA,$11.760,$15.000
7501055917259,YOGURTH ALPURA CRUNCHY ARITOS DE MAIZ TRIGO Y AVENA 125G,ALPURA,$11.760,$15.000
7501055915224,ALPURA CREMA DESLACTOSADA 200 GR,ALPURA,$19.550,$24.000
7501055915118,LECHE ALPURA CLASICA 200 ML.,ALPURA,$8.740,$12.000
7501055916030,CREMA ALPURA DESLACTOSADA 426 ML,ALPURA,$35.680,$44.000
7501055916740,ALPURA FRESCA DESLACTOSADA 1L.,ALPURA,$24.880,$28.000
7501055916894,ALPURA FRUTAL FRESA 900ML,ALPURA,$29.440,$37.000
7501055916917,ALPURA FRUTAL DURAZNO 900ML,ALPURA,$29.440,$32.000
7501055915682,LECHE ALPURA DE FRESA 200ML,ALPURA,$9.130,$12.000
7501055915705,LECHE ALPURA DE VAINILLA 200 ML,ALPURA,$8.700,$12.000
7501055916580,ALPURA DE VASO SABOR FRESA 120G,ALPURA,$6.800,$9.000
7501055916689,ALPURA DE VASO DE MANZANA 120 G,ALPURA,$7.000,$7.000
7501055916665,ALPURA DE VASO DE MANGO 120 G,ALPURA,$7.000,$9.000
7501055915620,ALPURA VAQUITA DE FRESA 180 ML,ALPURA,$9.000,$10.000
7501055909544,CREMA ALPURA 900ML,ALPURA,$60.800,$75.000
7501055915644,MALTEADA ALPURA SABOR VAINILLA 180 ML,ALPURA,$9.000,$10.000
7501055909421,CREMA ALPURA SELECTA 450ML,ALPURA,$30.000,$30.000
7501055909797,ALPURA NAT. 250ML,ALPURA,$8.788,$8.000
7501055912476,YOGURT ALPURA ZARZAMORA 125GR,ALPURA,$6.300,$9.000
7501055912438,ALPURA YOGHURT BATIDO MANZANA 125GR,ALPURA,$6.300,$9.000
7501055909124,ALPURA FRUTAL DE MANZANA  VERDE 250 ML,ALPURA,$8.000,$9.000
7501055909254,ALPURA FRUTAL DE FRUTOS DEL BOSQUE 250 ML,ALPURA,$0.000,$13.000
4514845145841,CREMA ALPURA CHICA,ALPURA,$13.000,$18.000
021541214,LECHE ALPURA DE VAINILLA DE 1 L,ALPURA,$23.000,$31.000
7501055903801,ALPURA FRUTAL DE MANGO 1 L,ALPURA,$23.000,$28.000
7501055903795,ALPURA FRUTAL DE DURAZNO 1 L,ALPURA,$23.000,$28.000
7501055916924,ALPURA FRUTAL PIÑA COCO 1 LT,ALPURA,$29.440,$35.000
7501055905850,ALPURA FRUTAL PIÑA COCO 250ML,ALPURA,$10.440,$13.000
7501055912452,ALPURA YOGHURT BATIDO MANGO 125GR,ALPURA,$0.000,$9.000
7501055903788,ALPURA FRUTAL DE FRESA NET. 1 L,ALPURA,$23.000,$28.000
7501055912414,ALPURA YOGHURT BATIDO DURAZNO 125GR,ALPURA,$6.300,$7.000
1581021510,ALPURA FRUTAL  MANGO  1 L,ALPURA,$23.000,$28.000
7501055912391,ALPURA YOGHURT BATIDO FRESA 125GR,ALPURA,$6.300,$9.000
7501055909520,ALPURA CREMA CHICA DE 200 ML,ALPURA,$17.480,$20.000
7501055916016,ALPURA CREMA 426 ML,ALPURA,$33.670,$40.000
7501055913497,BADMOOD FRESA 330ML,ALPURA,$12.000,$12.000
7501055913473,BADMOOD VAINILLA/CAJETA 330ML,ALPURA,$12.000,$12.000
7501055913466,BADMOOD PAY DE LIMON 330ML,ALPURA,$12.000,$12.000
4000074321090,LA VACA PINTA ENTERA 1 LT,ALPURA,$11.000,$13.000
7501055905836,YOGURT FRUTAL ALPURA FRESA 250ML,ALPURA,$10.440,$13.000
7501055905843,YOGURT FRUTAL ALPURA DURAZNO 250ML,ALPURA,$0.000,$13.000
7501055905942,YOGURT FRUTAL ALPURA GUANABANA 250ML,ALPURA,$6.000,$8.000
7501055914821,YOGURT ALPURA BEBIBLE MANZANA 250GR,ALPURA,$13.000,$15.000
7501055914814,YOGURT ALPURA BEBIBLE PIÑA-COCO 220GR,ALPURA,$12.000,$15.000
7501055914807,YOGURT ALPURA BEBIBLE FRESA-COCO 250GR,ALPURA,$12.000,$15.000
7501055914845,YOGURT ALPURA BEBIBLE FRESA 220GR,ALPURA,$12.000,$15.000
7501055914838,YOGURT ALPURA BEBIBLE DURAZNO 220GR,ALPURA,$12.000,$15.000
7501055902125,YOGURT ALPURA BEBIBLE MANGO 250GR,ALPURA,$6.000,$8.000
7501055908080,LECHE EVAPORADA 356ML ALPURA,ALPURA,$9.000,$13.000
7501055900084,MALTEADA VAINILLA ALPURA 1 LT,ALPURA,$25.500,$34.000
7501055359066,BARISTA BROS CAFE CON LECHE 250ML,ALPURA,$0.000,$17.000
7501055915668,LECHE ALPURA DE CHOCOLATE 200ML,ALPURA,$9.130,$12.000
7501055900077,LECHE ALPURA DE FRESA 1 LT,ALPURA,$25.500,$34.000
7501055900060,LECHE ALPURA DE CHOCOLATE 1 LT,ALPURA,$28.710,$34.000
7501055915606,MALTEADA ALPURA CHOCOLATE 180ML,ALPURA,$0.000,$10.000
7501055909599,MALTEADA ALPURA VAINILLA 250ML,ALPURA,$9.240,$13.000
7501055909582,MALTEADA ALPURA FRESA 250ML,ALPURA,$9.240,$13.000
7501055900039,ALPURA CLASICA 1 LT,ALPURA,$22.000,$28.000
7501055900046,ALPURA SEMI 1 LT,ALPURA,$25.760,$28.000
7501055900800,ALPURA LIGHT 1 LT,ALPURA,$25.760,$28.000
7501055904143,ALPURA DESLACTOSADA LIGHT 1 LT,ALPURA,$25.840,$28.000
7501055901425,ALPURA DESLACTOSADA 1 LT,ALPURA,$23.180,$28.000
7501003694416,ANIS DOMECQ DULCE 200ML,ANIS Y ROMPOPES,$0.000,$58.000
8410337219020,ANIS DEL MONO 1LT,ANIS Y ROMPOPES,$0.000,$380.000
7501022899113,CORONADO ROMPOPE VAINILLA 1L,ANIS Y ROMPOPES,$0.000,$190.000
7501035030190,SANTA CLARA ROMPOPE 1L,ANIS Y ROMPOPES,$0.000,$195.000
7501479700031,ANIS DEL CHANGO 250ML,ANIS Y ROMPOPES,$0.000,$51.000
7501022899397,ROMPOPE CORONADO DE PIÑON 900 ML,ANIS Y ROMPOPES,$138.000,$151.000
7503023578639,LOS REYES 900ML,ANIS Y ROMPOPES,$86.000,$102.000
7501035030107,ROMPOPE SANTA CLARA 1 LT,ANIS Y ROMPOPES,$0.000,$112.000
7501022899120,ROMPOPE CORONADO 1 L,ANIS Y ROMPOPES,$145.999,$190.000
7501043706407,ANIS MICO DULCE 1 LT,ANIS Y ROMPOPES,$136.996,$172.000
7501043706100,ANIS MICO DULCE 250ML,ANIS Y ROMPOPES,$38.509,$54.000
744607009409,NEW MIX TAMARINDO PIKOSITO 473 ML,BAJA GRADUACION,$0.000,$35.000
7501032485795,GOMICHELA BEAT 2L,BAJA GRADUACION,$0.000,$95.000
7503034941774,PACIFICO SUAVE 410ML,BAJA GRADUACION,$0.000,$22.000
7501032485757,VIUDA DE ROMERO CANTOR 355ML,BAJA GRADUACION,$0.000,$20.000
7501067607155,GOTA REAL SIDRA DURAZNO 355ML,BAJA GRADUACION,$0.000,$25.000
7501067608152,GOTA REAL SIDRA PERA 355ML,BAJA GRADUACION,$0.000,$25.000
7501067606349,GOTA REAL SIDRA ROSADA 1.72 LT,BAJA GRADUACION,$0.000,$165.000
7502213349448,HUASTECO IMPERIAL 600ML,BAJA GRADUACION,$0.000,$22.000
7500326957741,CAÑA DE ORO 1150ML,BAJA GRADUACION,$0.000,$49.000
7501053675205,VIÑA REAL BLUEBERRY 1L,BAJA GRADUACION,$0.000,$57.000
7501772803828,PARIS DE NOCHE 3LT,BAJA GRADUACION,$0.000,$130.000
7501064193873,BUD LIGHT 355ML,BAJA GRADUACION,$0.000,$18.000
7506192510721,KOOL FRESA & MORAS 355ML,BAJA GRADUACION,$0.000,$22.000
7501772803866,KOSAKO VODKA TAMARINDO 1LT,BAJA GRADUACION,$0.000,$48.000
7501053200520,"VIÑA REAL FRESA SANDIA 2,6LT",BAJA GRADUACION,$0.000,$179.000
7501053675311,"VIÑA REAL MANGO MARACUYAN 2,6LT",BAJA GRADUACION,$0.000,$179.000
7501053200513,"VIÑA REAL BLUBERRY 2,6LT",BAJA GRADUACION,$0.000,$179.000
7501772803965,KOSAKO VODKA NARANJA TONIC 600 ML,BAJA GRADUACION,$0.000,$33.000
7501772804153,KOSAKO SANGRIA 600ML,BAJA GRADUACION,$0.000,$32.000
7501032485818,VIUDA DE ROMERO PALOMA 275 ML,BAJA GRADUACION,$14.000,$18.000
7501032485825,VIUDA DE ROMERO CANTOR 275 ML,BAJA GRADUACION,$14.000,$18.000
7501772804078,KOSAKO VODKA FRESA 600 ML,BAJA GRADUACION,$28.500,$35.000
7501772804108,KOSAKO VODKA AZULGRANA 600 ML,BAJA GRADUACION,$28.500,$35.000
849806005723,FOUR LOKO PEACH 473 ML,BAJA GRADUACION,$30.010,$35.000
7503021910103,SKY COSMO ARANDANO LATA 355ML,BAJA GRADUACION,$25.250,$35.000
7501053200605,VIÑA REAL DURAZNO MANGO 400ML,BAJA GRADUACION,$20.583,$25.000
7501053673065,VIÑA REAL BLUEBERRY 355ML,BAJA GRADUACION,$18.700,$25.000
7501053672051,VIÑA REAL FRESA SANDIA 355ML,BAJA GRADUACION,$18.700,$25.000
7502247080454,DOUGLASS LATA WHISKEY 473ML,BAJA GRADUACION,$23.210,$35.000
7501772803750,KOSAKO GROSELLA 2 LT,BAJA GRADUACION,$76.700,$95.000
7501772803637,KOSAKO GUARANA PINK 2 LT,BAJA GRADUACION,$76.700,$95.000
7501053200506,VIÑA REAL DURAZNO 2.6LT,BAJA GRADUACION,$108.333,$138.000
7506192510028,MR BLUE AZULITO 473 ML,BAJA GRADUACION,$20.000,$25.000
7503021910073,SKYY CITRUS LATA 355 ML,BAJA GRADUACION,$25.250,$35.000
7503021910097,SKYY MANZANA VERDE LATA 355 ML,BAJA GRADUACION,$27.083,$35.000
7503021910110,SKYY MANGO-DURAZNO LATA 355 ML,BAJA GRADUACION,$28.500,$33.000
7503021260758,CUBARAIMA 473 ML,BAJA GRADUACION,$24.375,$32.000
664804000439,SKYY TAMARINDO 275 ML,BAJA GRADUACION,$23.000,$33.000
7502247081833,RANCHO MIX CANTARITO 473ML,BAJA GRADUACION,$0.000,$28.000
7501053200384,VIÑA REAL FRESA SANDIA 2 L.,BAJA GRADUACION,$0.000,$110.000
7501032485764,CARIBE TAMARINDO 300 ML,BAJA GRADUACION,$18.739,$25.000
6648040013990,SKYY BLUE PALOMA TORONJA 275ML,BAJA GRADUACION,$0.000,$33.000
744607007344,NEW MIX MINERAL JIMADOR 473ML,BAJA GRADUACION,$0.000,$34.000
729090003660,PERLA NEGRA JEGS 355ML,BAJA GRADUACION,$21.020,$25.000
7501053673041,VIÑA REAL DURAZNO 473ML,BAJA GRADUACION,$22.000,$30.000
744607008266,JACK DANIEL HONEY LIMONADE  473ML,BAJA GRADUACION,$34.167,$46.000
744607009089,JACK DANIEL MANZANA 473ML,BAJA GRADUACION,$34.167,$46.000
7501055383900,JACK DANIEL´S COCA COLA 473ML,BAJA GRADUACION,$0.000,$46.000
7501772803668,PARIS DE NOCHE 473 ML.,BAJA GRADUACION,$25.000,$32.000
7501772803767,KOSAKO VODKA TAMARINDO 600ML,BAJA GRADUACION,$26.495,$33.000
7501772803705,KOSAKO VODKA GROSELLA 600 ML,BAJA GRADUACION,$26.495,$33.000
849806004887,FOUR LOKO MX  473 ML.,BAJA GRADUACION,$25.000,$35.000
849806002319,FOUR LOKO BLUE 473 ML.,BAJA GRADUACION,$28.000,$35.000
849806001220,FOUR LOKO PONCHE DE FRUTAS 473 ML.,BAJA GRADUACION,$30.010,$35.000
849806002746,FOUR LOKO  PURPLE 473 ML.,BAJA GRADUACION,$28.000,$38.000
7501772803910,KOSAKO MANGO 2LT,BAJA GRADUACION,$76.700,$93.000
7501772803644,KOSAKO VODKA GUARANA PINK 600ML,BAJA GRADUACION,$28.500,$33.000
7501772803989,KOSAKO VODKA BLACK CHERRY 600ML,BAJA GRADUACION,$28.500,$33.000
7501772803729,KOSAKO VODKA DURAZNO 600ML,BAJA GRADUACION,$28.500,$33.000
7501772802852,KOSAKO VODKA PIÑA 600ML,BAJA GRADUACION,$26.308,$33.000
7501053670552,VIÑA REAL MANGO 400ML,BAJA GRADUACION,$21.390,$28.000
7501055381470,JACK DANIEL´S COCA COLA 350ML,BAJA GRADUACION,$26.167,$27.000
7501053670545,VIÑA REAL TROPICAL KIWI 400ML,BAJA GRADUACION,$21.390,$28.000
7501053676059,VIÑA REAL MANGO 400ML,BAJA GRADUACION,$20.555,$27.000
7501053673508,VIÑA REAL SANGRIA 400ML,BAJA GRADUACION,$21.390,$28.000
7501032485078,CARIBE COOLER MANDARINA 300ML,BAJA GRADUACION,$18.333,$25.000
849806003859,FOUR LOKO MANGO 473ML,BAJA GRADUACION,$24.420,$38.000
7501032485597,PERLA PURPURA UVA 473ML,BAJA GRADUACION,$27.481,$38.000
7506192509589,KOOL DRINK DURAZNO ICE 355ML,BAJA GRADUACION,$17.817,$20.000
7506192509602,KOOL DRINK CITRUS 355ML,BAJA GRADUACION,$15.833,$20.000
7506192509596,KOOL COOLER DRINK BLUEBERRY 355ML,BAJA GRADUACION,$17.597,$20.000
7501772803903,KOSAKO VODKA MANGO 600ML,BAJA GRADUACION,$28.500,$35.000
7501032485054,CARIBE COOLER MANZANA 300ML,BAJA GRADUACION,$20.354,$25.000
75010536703099,VIÑA REAL DURAZNO 2 LT,BAJA GRADUACION,$95.870,$110.000
7501053677780,VIÑA REAL TAMARINDO  400ML,BAJA GRADUACION,$19.291,$28.000
664804001092,SKYY ON THE BEACH 275ML,BAJA GRADUACION,$26.477,$33.000
744607008914,NEW MIX CANTARITO 473ML,BAJA GRADUACION,$23.313,$33.000
744607008327,JACK DANIELS AGUA MINERAL 350 ML,BAJA GRADUACION,$30.000,$30.000
7501053675502,VIÑA REAL BLUEBERRY 400 ML,BAJA GRADUACION,$22.570,$29.000
7501772803842,KOSAKO DE UVA 1 L,BAJA GRADUACION,$39.231,$43.000
744607008174,JACK DANIELS GINGER 350ML,BAJA GRADUACION,$30.000,$32.000
7446078409033,NEW MIX PALOMA TEQUILA CON TORONJA 2 L,BAJA GRADUACION,$75.000,$77.000
744607008204,JACK DANIEL GINGER LATA 473ML,BAJA GRADUACION,$35.000,$46.000
7501772801534,KOSAKO MORA AZUL LATA 340ML,BAJA GRADUACION,$16.000,$16.000
744607008358,JACK DANIEL AGUA MINERAL LATA 473ML,BAJA GRADUACION,$34.167,$46.000
744607588904,NEW MIX VAMPIRO 2 L,BAJA GRADUACION,$77.000,$77.000
744607588805,NEW MIX VAMPIRO 350 ML,BAJA GRADUACION,$18.000,$18.000
7501053675304,VIÑA REAL BLUEBERRY 2.6LT,BAJA GRADUACION,$87.000,$140.000
744607840804,NEW MIX PALOMA TEQUILA  CON TORONJA 350 ML,BAJA GRADUACION,$18.000,$24.000
744607002691,NEW MIX PALOMA 473ML,BAJA GRADUACION,$26.042,$34.000
944607000707,NEW MIX VAMPIRO TEQUILA CON SANGRIA  355 ML,BAJA GRADUACION,$22.500,$24.000
082184038338,JACK DANIELS GINGER 350ML,BAJA GRADUACION,$22.910,$32.000
182184002824,JACK DANIELS JENNESSEE HONEY 350ML,BAJA GRADUACION,$22.910,$29.000
7501772803262,KOSAKO MORA AZUL 3 LT,BAJA GRADUACION,$91.714,$125.000
7501772802777,KOSAKO MORA AZUL 600ML,BAJA GRADUACION,$26.308,$30.000
7501053670309,VIÑA REAL DURAZNO 2.6 LT,BAJA GRADUACION,$84.370,$140.000
7501053674505,VIÑA REAL PIÑA COCO 400ML,BAJA GRADUACION,$19.720,$26.000
7501053670507,VIÑA REAL DURAZNO 400ML,BAJA GRADUACION,$22.570,$29.000
7501032485023,CARIBE COOLER TINTO 300ML,BAJA GRADUACION,$20.354,$25.000
7501053670569,VIÑA REAL FRESA SANDIA 400ML,BAJA GRADUACION,$22.560,$29.000
7501052804187,TORRES COLA 350ML LATA,BAJA GRADUACION,$16.000,$20.000
721059712750,SKYY BLUE 275ML ARANDANO,BAJA GRADUACION,$25.250,$33.000
6648040012900,SKYY BLUE 275ML MANZANA VERDE,BAJA GRADUACION,$26.477,$33.000
7501032485238,CARIBE COOLER COSMO ARANDANO 300ML,BAJA GRADUACION,$13.000,$25.000
7501032485030,CARIBE COOLER MANGO PIÑA 300ML,BAJA GRADUACION,$20.354,$25.000
7501032485047,CARIBE COOLER FRESA 300ML,BAJA GRADUACION,$20.354,$25.000
7501032485016,CARIBE COOLER DURAZNO 300ML,BAJA GRADUACION,$18.333,$25.000
849806001213,FOUR LOKO LIMON Y FRESA 473ML,BAJA GRADUACION,$28.000,$34.000
849806001206,FOUR LOKO SANDIA 473ML,BAJA GRADUACION,$28.000,$34.000
7501772801305,KOSAKO MORA AZUL 2 LT,BAJA GRADUACION,$73.111,$104.000
7501053670200,VIÑA REAL DURAZNO 1 LT,BAJA GRADUACION,$48.500,$56.000
2003,VICTORIA MEDIANA 355ML,BAJA GRADUACION,$4.000,$18.000
082184038376,JACK DANIELS LATA COLA 350ML,BAJA GRADUACION,$26.167,$26.000
7501772802340,PARIS DE NOCHE 340ML,BAJA GRADUACION,$14.000,$17.000
849806002005,FOUR LOKO BLACK 473ML,BAJA GRADUACION,$28.000,$34.000
849806001756,FOUR LOKO GOLD 473ML,BAJA GRADUACION,$28.000,$35.000
744607696012,SKYY BLUE 275ML CITRUS,BAJA GRADUACION,$25.250,$33.000
757528003166,CHIPOTLES SABOR CHIPOTLE Y QUESO 80GR,BARCEL,$0.000,$17.000
757528027117,BARCEL CHIPS JALAPEÑO 42 GR,BARCEL,$12.600,$15.000
757528027148,BARCEL CHIPS FUEGO 42 GR,BARCEL,$0.000,$15.000
7500810013250,BIG MIX FUEGO 55GR,BARCEL,$0.000,$10.000
7503030199681,BARCEL CHIPS FUEGO 60GR,BARCEL,$0.000,$20.000
7500810030547,BARCEL CHIP'S CHIPOTLE LIMON 62GR,BARCEL,$0.000,$20.000
7500810017654,BARCEL TAKIS HEXAS QUESO PICANTE 50 GR,BARCEL,$0.000,$10.000
7500810027783,BARCEL PAPAS SAL DE MESA 28GR,BARCEL,$0.000,$10.000
7500810031605,BARCEL TAKIS COBRA 70GR,BARCEL,$0.000,$18.000
7503031361308,CHIPS HABANERO 60 GR,BARCEL,$0.000,$20.000
7500810029336,BARCEL POP CHILIX SANDÍA 90 GR,BARCEL,$12.604,$15.000
7500810028599,BARCEL RUNNERS LIMON Y SAL 72G,BARCEL,$13.420,$15.000
7500810029886,BARCEL GOLDEN NUTS FUEGO 110GR,BARCEL,$16.805,$20.000
7500810024737,BARCEL RUNNERS WATZ INGLESA LIMÓN 42 GR,BARCEL,$8.724,$10.000
7500810029879,BARCEL GOLDEN NUTS FUEGO 78GR,BARCEL,$12.604,$16.000
7500810030042,BARCEL POP BLUE HEAT 45GR,BARCEL,$12.610,$15.000
7500810027691,BARCEL GOLDEN NUTS ENCHILADOS 110GR,BARCEL,$15.560,$20.000
7500810028278,BARCEL WUAPAS SABOR QUESO 75 GR,BARCEL,$16.803,$18.000
7500810027776,BARCEL PAPAS LIMON 45GR,BARCEL,$12.604,$15.000
7500810027714,BARCEL KIYAKIS CLACICOS 60 GR,BARCEL,$8.402,$10.000
7500810027707,BARCEL GOLDEN NUTS SALADOS 110GR,BARCEL,$15.560,$20.000
7500810029053,BARCEL GOLDEN NUTS ENCHILADOS 78 GR,BARCEL,$14.500,$16.000
7500810029046,BARCEL GOLDEN NUTS SALADOS 78 GR,BARCEL,$12.440,$16.000
7500810027752,BARCEL PAPAS ADOBO MEXICANO 45 GR,BARCEL,$11.670,$16.000
7500810027790,BARCEL PAPAS SAL DE MESA 45 GR,BARCEL,$11.670,$15.000
7500810028407,BARCEL RUNNERS BLUE HEAT 72 GR,BARCEL,$11.670,$16.000
7500810024607,BARCEL CHIPS HABANERO 62 GR,BARCEL,$15.287,$20.000
7500810028353,BARCEL TAKIS BLUE HEAT 70GR,BARCEL,$14.000,$18.000
757528037574,BARCEL GOLDEN NUTS SALADOS 78 GR,BARCEL,$11.314,$15.000
7500810020234,BARCEL TAKIS DUOZ 85 GR,BARCEL,$16.805,$20.000
7500810020975,BARCEL WUAPAS SABOR QUESO 52 GR,BARCEL,$11.228,$15.000
7500810027820,BARCEL RUNNERS  FUEGO 72 GR,BARCEL,$12.420,$15.000
7500810027837,BARCEL RUNNERS ORIGINAL 72 GR,BARCEL,$12.440,$15.000
7501030448242,BARCEL MINI TAKIS 35 GR,BARCEL,$8.402,$10.000
757528037567,BARCEL GOLDEN NUTS ENCHILADO 78 GR,BARCEL,$11.381,$16.000
7500810024560,BARCEL CHIPS SAL 62GR,BARCEL,$15.700,$20.000
7500810027813,BARCEL TOREADAS HABANERO 45GR,BARCEL,$11.660,$15.000
7500810027646,BARCEL CHIPOTLES CHIPOTLE Y QUESO 65GR,BARCEL,$12.440,$15.000
7500810022917,BARCEL RUNNERS WATZ FUEGO 42GR,BARCEL,$0.000,$20.000
7500810022924,BARCEL RUNNERS WATZ DE QUESO 42GR,BARCEL,$0.000,$20.000
7500810024553,BARCEL CHIPS JALAPEÑO 62GR,BARCEL,$15.560,$20.000
7500810024546,BARCEL CHIPS FUEGO 62 GR,BARCEL,$15.560,$20.000
7500810024775,BARCEL CHIPS CHIPOTLE LIMON 46GR,BARCEL,$13.071,$18.000
7503022458215,SOL TUBI RUSA  PEPITA 100GR,BARCEL,$0.000,$22.000
7500810016923,BARCEL HOT NUTS PICAMOY 82GR,BARCEL,$11.343,$15.000
7500810023013,BARCEL PAPAS BARCEL LIMON 38GR,BARCEL,$11.761,$14.000
7500810022993,BARCEL PAPAS BARCEL LIMON,BARCEL,$37.800,$50.000
7500810021569,BARCEL PAPATINAS BLUE,BARCEL,$11.670,$14.000
7500810023549,BARCEL WAVES FUEGO 75GR,BARCEL,$16.805,$20.000
757528044138,BARCEL HOT NUTS FUEGO 125GR,BARCEL,$15.560,$20.000
7500810000199,PAPAS BARCEL FUEGO 170 G.,BARCEL,$40.316,$48.000
7500810000175,PAPAS BARCEL ADOBADAS 170 G.,BARCEL,$40.316,$48.000
7500810023198,BARCEL RUNNERS WATZ  QUESO 55GR,BARCEL,$15.560,$20.000
7500810017678,BARCEL TAKIS HEXAS QUESO 65GR,BARCEL,$13.435,$18.000
7500810023181,BARCEL RUNNER WATZ FUEGO 80GR,BARCEL,$15.560,$20.000
7500810017258,BARCEL PAPAS SAL DE MESA 38GR,BARCEL,$0.000,$15.000
7503034673798,BARCEL TAKIS SALSA BRAVA 65GR,BARCEL,$13.435,$16.000
7500810005460,BARCEL GOLDEN NUTS ENCHILADOS 105GR,BARCEL,$13.629,$20.000
7500810020104,BARCEL TAKIS DRAGON SWEET CHILI 65GR,BARCEL,$14.280,$17.000
7500810002643,PAPAS BARCEL FUEGO 42G,BARCEL,$0.000,$13.000
7500810005446,BARCEL GOLDEN NUTS SALADOS 105GR,BARCEL,$15.120,$20.000
7500810003671,BARCEL TAKIS FUEGO 70GR,BARCEL,$16.000,$18.000
757528038205,BARCEL TAKIS FUEGO 200GR,BARCEL,$26.440,$34.000
7500810011928,BARCEL TAKIS HUAKAMOLES 65G,BARCEL,$13.435,$18.000
7500810014349,BARCEL TOREADAS HABANERO 42GR,BARCEL,$10.919,$15.000
7500810011935,BARCEL TAKIS ORIGINAL 65GR,BARCEL,$13.440,$18.000
7500810011492,BARCEL CHIPS JALAPEÑO 46GR,BARCEL,$14.278,$20.000
757528003135,BARCEL TAKIS FUEGO 90GR,BARCEL,$14.000,$20.000
7500810011485,BARCEL CHIPS SAL 46GR,BARCEL,$14.278,$17.000
7500810005064,BARCEL KIYAKIS CLASICO CACAHUATE JAPONES 120GR,BARCEL,$11.670,$15.000
757528044121,BARCEL HOT NUTS ORIGINAL 125GR,BARCEL,$15.560,$20.000
7500810016930,BARCEL VALENTONES FUEGO 175GR,BARCEL,$30.000,$30.000
7500810014363,TOREADAS HABANERO 170 G,BARCEL,$40.316,$47.000
7503032248165,BARCEL CHICHARRON DE CERDO NATURAL 70GR,BARCEL,$25.200,$28.000
75752804412,HOT NUTS,BARCEL,$20.000,$20.000
7500810013182,BARCEL BIG MIX QUESO 75GR,BARCEL,$14.630,$16.000
7500810015117,BARCEL TAKIS BLUE HEAT 65GR,BARCEL,$12.213,$16.000
7500810002650,BARCEL FUEGO PAPAS FRITAS 42 G,BARCEL,$13.000,$13.000
7500810002612,PAPAS BARCEL ADOBO MEXICANO 432 G,BARCEL,$13.000,$13.000
7500810002681,PAPAS BARCEL SAL DE MESA 42 G,BARCEL,$13.000,$13.000
7500810004999,BARCEL CHIPS HABANERO 50GR,BARCEL,$14.280,$20.000
7500810005057,BARCEL POP KARAMELADAS 100GR,BARCEL,$11.580,$15.000
7500810000427,MINI TAKIS FUEGO 50 G,BARCEL,$10.000,$10.000
7500810013564,BARCEL POP QUESO CHEDDAR 45GR,BARCEL,$12.604,$15.000
7500810013205,BARCEL BIG MIX SABOR INGLESA LIMON 75GR,BARCEL,$13.700,$16.000
7500810013199,BARCEL BIG MIX FUEGO 75GR,BARCEL,$14.690,$16.000
7500810012284,BARCEL CHIPS PAPATINAS FUEGO 31GR,BARCEL,$12.604,$15.000
7500810005033,BIG MIX CLASICO 80 G,BARCEL,$15.000,$15.000
7500810005477,BARCEL GOLDEN NITS SALADOS 65GR,BARCEL,$10.076,$12.000
7500810005439,BARCEL GOLDEB NUTS ENCHILADOS 65GR,BARCEL,$10.076,$15.000
7500810008874,BARCEL HOT NUTS ORIGINAL 82GR,BARCEL,$12.200,$15.000
7500810005040,BARCEL KARAMELADAS POP 45GR,BARCEL,$7.400,$10.000
7500810003831,BARCEL RUNNERS FUEGO 62GR,BARCEL,$10.076,$15.000
7500810005071,BARCEL RUNNERS 95GR,BARCEL,$15.000,$15.000
7503018544595,WAPAS SALSA NEGRA 42GR,BARCEL,$10.000,$10.000
7503033555187,WATZ BARCEL FUEGO 120GR,BARCEL,$20.000,$20.000
7503034672708,DE LA FERIA PAPAS CON SAL 125GR,BARCEL,$20.000,$20.000
7503031361643,BIG MIX FUEGO 160 G,BARCEL,$20.000,$20.000
7503031361674,BIG MIX DE QUESO 150 G,BARCEL,$20.000,$20.000
757528035853,GOLDEN NUTS SAL 60GR,BARCEL,$10.000,$10.000
7503031287080,RUNNERS FUEGO 68GR,BARCEL,$10.000,$10.000
757528028985,CHIPS BARCEL JALAPEÑO 50GR,BARCEL,$17.000,$17.000
7503032991917,CHIPS BARCEL SAL 56 G,BARCEL,$15.000,$15.000
7503018544625,WAPAS FUEGO BARCEL 75GR,BARCEL,$15.000,$15.000
7503029771904,WAPAS FUEGO 42 G,BARCEL,$10.000,$10.000
7503030199186,TOSTACHOS FUEGO 77 G,BARCEL,$10.000,$10.000
7500810011508,BARCEL CHIPS FUEGO 46GR,BARCEL,$14.280,$17.000
7503028643509,GOLDEN ENCHILADOS NUTS 105 G,BARCEL,$15.000,$15.000
7503028643516,GOLDEN SALADOS NUTS 105 G,BARCEL,$15.000,$15.000
7503018544861,WATZ SABOR CHEESE SHOCK 55 G,BARCEL,$10.000,$10.000
7503034672050,BARCEL RUNNERS 62GR,BARCEL,$11.040,$12.000
7503029151720,TAKIS TA*KATRIN 68 G,BARCEL,$11.000,$11.000
7503031287554,POP KARAMELADAS BOLSA CHICA 20 G,BARCEL,$5.000,$5.000
757528022365,POP KARAMELADAS GRANDES 120G,BARCEL,$15.000,$15.000
757528035891,KIYAKIS CLASICO 75 G,BARCEL,$10.000,$10.000
757528035860,GOLDEN ENCHILADOS SABOR LIMON NUTS 60 G,BARCEL,$10.000,$10.000
757528040642,GOLDEN SURTIDO SELECTO NUTS,BARCEL,$10.000,$10.000
7500810008881,BARCEL HOT NUTS FUEGO 82GR,BARCEL,$11.328,$15.000
757528044152,GOLDEN SALADOS NUTS 65 G,BARCEL,$10.000,$10.000
7500810000502,BARCEL TAKIS  SALSA BRAVA,BARCEL,$15.000,$18.000
7503028965465,TAKIS VOLCANO 68 G,BARCEL,$11.000,$11.000
757528043841,CHIPS ADOBADAS NE 46GR,BARCEL,$10.110,$15.000
757528043872,CHIPS SAL 46GR NE,BARCEL,$10.110,$13.000
7503032991894,CHIPS FUEGO 56 G,BARCEL,$10.110,$15.000
7503032991900,CHIPS JALAPEÑO 56 G,BARCEL,$10.110,$15.000
757528036638,VALENTONES FUEGO 60GR,BARCEL,$7.780,$15.000
7500810005453,BIG MIX QUESO 80GR,BARCEL,$7.780,$15.000
757528039523,BIG MIX ORIGINAL 65GR,BARCEL,$7.780,$12.000
7500810005408,BIG MIX FUEGO 80GR,BARCEL,$7.780,$15.000
7503031361551,BIG MIX JALAPEÑO 65GR,BARCEL,$7.780,$13.000
757528044237,WAPAS QUESO 200GR,BARCEL,$24.890,$32.000
757528035877,HOT  NUTS ORIGINAL 75GR,BARCEL,$10.000,$15.000
757528035839,WAPAS BARCEL SALSA NEGRA 50GR,BARCEL,$8.000,$10.000
757528036287,WAPAS BARCEL QUESO LOCO 50GR,BARCEL,$17.000,$17.000
757528012670,BARCEL PALETA FUEGO TAKIS 24GR,BARCEL,$2.500,$3.500
757528032456,POP BARCEL CINEMANIA 35GR,BARCEL,$10.000,$12.000
757528032234,TAKIS BARCEL MINI ZOMBIE 35GR,BARCEL,$6.000,$7.000
757528027520,ARELOS BARCEL JALAPEÑO 25GR,BARCEL,$6.000,$8.000
757528027537,ARELOS BARCEL QUESO 25GR,BARCEL,$7.000,$8.000
757528033408,KI-MONO FRITOS Y ENCHILADOS 70GR,BARCEL,$8.000,$10.000
757528033392,KI-MONO FRITOS Y SALADOS 70GR,BARCEL,$8.000,$10.000
757528033415,KI-MONO JAPONES 70GR,BARCEL,$8.000,$10.000
757528033279,KIYAKIS JAPONES SALSA NEGRA 45GR,BARCEL,$6.000,$7.000
7503031361575,BIG MIX QUESO BARCEL 70GR,BARCEL,$0.000,$13.000
7500810005026,BARCEL CHIPOTLES 55GR,BARCEL,$12.600,$12.000
757528029036,CHIPS BARCEL A LA DIABLA 50GR,BARCEL,$0.000,$12.000
757528031794,RUNNERS XTREME BARCEL 58GR,BARCEL,$0.000,$6.000
7501000166923,BARCEL TAKIS SALSA BRAVA 62GR,BARCEL,$0.000,$22.000
7501030486077,SPIRRONES BARCEL 25GR,BARCEL,$10.000,$10.000
757528017286,CHURRITOS FUEGO BARCEL 50GR,BARCEL,$0.000,$6.000
757528002022,CHURRITOS BARCEL 50GR,BARCEL,$0.000,$7.000
7500810005019,CHIPS BARCEL SAL DE MAR 50GR,BARCEL,$0.000,$15.000
757528042608,CHIPS JALAPEÑO 50GR,BARCEL,$0.000,$13.000
7503028643745,CHIPS ADOBADAS BARCEL 50GR,BARCEL,$0.000,$15.000
7500810000489,BARCEL TAKIS HUAKAMOLES 68GR,BARCEL,$15.000,$18.000
7503034673767,BARCEL TAKIS FUEGO 68GR,BARCEL,$12.280,$18.000
7503032606835,BARCEL TOREADAS HABANERO 31GR,BARCEL,$10.920,$13.000
757528024833,TAKIS COBRA BARCEL 62GR,BARCEL,$0.000,$0.000
757528038502,TOSTACHOS QUESO JALAPEÑO 65GR,BARCEL,$12.000,$12.000
7500810000441,BARCEL TAKIS ORIGINAL 68GR,BARCEL,$14.000,$18.000
757528001889,BARCEL CHIPS FUEGO 170GR,BARCEL,$45.000,$50.000
7501000394883,TOREADAS HABANERO BARCEL 170GR,BARCEL,$0.000,$46.000
7501030482055,BARCEL VALENTONES 175GR,BARCEL,$23.330,$33.000
7503030199728,CHICHARRON DE CERDO BARCEL 30GR,BARCEL,$10.080,$12.000
7501000266203,BARCEL CHIPS SAL DE MAR 170GR,BARCEL,$42.000,$50.000
7501000266234,BARCEL CHIPS JALAPEÑO,BARCEL,$42.000,$50.000
7501030459736,KARAMELADAS POP BARCEL 120GR,BARCEL,$0.000,$15.000
7500810005491,CHIPS BARCEL FUEGO 50GR,BARCEL,$0.000,$17.000
757528039561,RUNNERS BARCEL 58GR,BARCEL,$6.220,$8.000
757528020859,BARCEL PAPATINAS FUEGO BARCEL 25GR,BARCEL,$0.000,$10.000
7501000140473,POP KARAMELADAS 50GR,BARCEL,$0.000,$10.000
757528031008,BIG MIX FUEGO 70GR,BARCEL,$0.000,$20.000
757528027544,ARELOS FUEGO BARCEL 25GR,BARCEL,$0.000,$8.000
757528031329,WATZ TORNADO BARCEL 35GR,BARCEL,$0.000,$23.000
757528025779,BIG MIX JALAPE,BARCEL,$0.000,$16.000
7503031361568,BIG MIX CLASICO 70GR,BARCEL,$0.000,$13.000
757528020552,POP FUEGO BARCEL 23GR,BARCEL,$0.000,$10.000
757528018481,GOLDEN NUTS ENCHILADOS 80GR,BARCEL,$0.000,$8.000
757528020897,GOLDEN NUTS PEPITAS 28GR,BARCEL,$0.000,$12.000
7503031361865,WATZ  BARCEL 55GR,BARCEL,$0.000,$10.000
757528017262,KIYAKIS CLASICO 80GR,BARCEL,$0.000,$10.000
7501000167456,GOLDEN NUTS ENCHILADOS 40GR,BARCEL,$0.000,$27.000
7503031287752,GOLDEN NUTS SURTIDO SELECTO 50 G,BARCEL,$0.000,$10.000
7501000167449,GOLDEN NUTS SALADOS 40GR,BARCEL,$0.000,$0.000
7503031287813,KIYAKIS CLASICO 68 G,BARCEL,$6.873,$12.000
757528020248,GOLDEN NUTS SALADOS 80GR,BARCEL,$0.000,$0.000
757528020231,BIG MIX PARTY 100GR,BARCEL,$0.000,$15.000
7501030459927,GOLDEN NUTS ENCHILADOS 100GR,BARCEL,$0.000,$33.000
7501000367481,BARCEL HOT NUTS ORIGINAL 50GR,BARCEL,$15.241,$20.000
7501000168200,GOLDEN NUTS PEPITAS 17GR,BARCEL,$0.000,$17.000
757528017705,HOT NUTS ORIGINAL 80GR,BARCEL,$0.000,$17.000
757528001742,HOT NUTS FUEGO 50GR,BARCEL,$9.200,$17.000
7501030459958,HOT NUTS ORIGINAL 100GR,BARCEL,$0.000,$17.000
7501030459934,GOLDEN NUTS JAPONES 100GR,BARCEL,$0.000,$17.000
7501030459941,GOLDEN NUTS SALADOS 100GR,BARCEL,$0.000,$7.000
7501030419464,PAPATINAS CHILIX BARCEL 25GR,BARCEL,$0.000,$10.000
850040427080,PRIME ICE POP 600ML,BEBIDAS ENERGETICAS,$0.000,$50.000
850003560977,PRIME STRAWBERRY WATERMELON 600ML,BEBIDAS ENERGETICAS,$0.000,$50.000
7506192510684,VIVE 100 ORIGINAL 400 ML,BEBIDAS ENERGETICAS,$0.000,$13.000
7501198355987,ROYAL CROWN COLA 600 ML,BEBIDAS ENERGETICAS,$11.084,$13.000
7501013106220,XOT ENERGY TROPICAL 470ML,BEBIDAS ENERGETICAS,$0.000,$22.000
7506192510745,VIVE 100 FUZION PUNCH 600ML,BEBIDAS ENERGETICAS,$0.000,$18.000
7506192510752,VIVE 100 CITRUS ENERGY 600ML,BEBIDAS ENERGETICAS,$0.000,$16.000
7506241204144,VOLT MAGNESIO FOCUS ENERGY 473ML,BEBIDAS ENERGETICAS,$0.000,$20.000
0815154026093,PREDATOR ENERGY GOLD STRIKE 400ML,BEBIDAS ENERGETICAS,$12.667,$15.000
7506192505451,VIVE100 ORIGINAL 600ML,BEBIDAS ENERGETICAS,$12.708,$18.000
070847894216,MONSTER ENERGY ULTRA GOLDEN PINEAPPLE 473ML,BEBIDAS ENERGETICAS,$31.000,$38.000
7501013106213,XOT ENERGY DARK COOL 473ML,BEBIDAS ENERGETICAS,$16.750,$22.000
7503037623721,VOLT GAMER 473 ML,BEBIDAS ENERGETICAS,$14.000,$20.000
7506192510301,VIVE 100 ULTRA 600 ML,BEBIDAS ENERGETICAS,$12.708,$18.000
7506192510295,VIVE 100 BLUEBERRY 600 ML,BEBIDAS ENERGETICAS,$12.708,$18.000
036731103536,GATORADE  LIMA-LIMON 350M ML,BEBIDAS ENERGETICAS,$11.250,$15.000
7501022014295,GATORADE FRAMBUESA 1 LT,BEBIDAS ENERGETICAS,$24.042,$32.000
7503037623790,ROMPE ENERGY FRUTAS TROPICALES 300ML,BEBIDAS ENERGETICAS,$0.000,$13.000
7503030524919,VOLT BLUE  PET 600 ML,BEBIDAS ENERGETICAS,$11.583,$18.000
7503037623813,ROMPE ENERGY DRINK SANDIA 300ML,BEBIDAS ENERGETICAS,$0.000,$16.000
7501022014288,GATORADE SIN AZUCAR MORAS 1 LT,BEBIDAS ENERGETICAS,$24.042,$32.000
7506192508711,VIVE 100 EXTREME 473ML,BEBIDAS ENERGETICAS,$11.999,$18.000
7506192508001,VIVE 100 BLUE ENERGY 500ML,BEBIDAS ENERGETICAS,$12.700,$18.000
815154025744,PREDATOR ENERGY PURPLE RAIN 473ML,BEBIDAS ENERGETICAS,$15.250,$18.000
7503037623752,GUAYASA ACAI CON CAFEINA ENERGY 473ML,BEBIDAS ENERGETICAS,$0.000,$20.000
7503037623745,MACA ENERGY CAFEINA 473ML,BEBIDAS ENERGETICAS,$15.333,$20.000
7503037623769,CAMU CAMU ENERGY 473ML,BEBIDAS ENERGETICAS,$0.000,$20.000
7506192508520,AMPER SPEED ENERGY 473ML,BEBIDAS ENERGETICAS,$13.910,$20.000
7506192508216,AMPER PREDATOR ENERGY 473ML,BEBIDAS ENERGETICAS,$0.000,$20.000
815154022156,PREDATOR ENERGY MEAN GREEN 473ML,BEBIDAS ENERGETICAS,$0.000,$20.000
815154025096,PREDATOR ENERGY RED APPLE 473ML,BEBIDAS ENERGETICAS,$15.250,$20.000
7506192509633,AMPER BLUEBERRY ENERGY 400ML,BEBIDAS ENERGETICAS,$7.042,$14.000
7503030524902,VOLT  PET YELLOW  600ML,BEBIDAS ENERGETICAS,$11.583,$16.000
7503027753605,VOLT DARK ENERGY 473ML,BEBIDAS ENERGETICAS,$14.175,$20.000
7506192507714,AMPER BLUEBERRY 473ML,BEBIDAS ENERGETICAS,$13.910,$20.000
0815154022705,PREDATOR GOLD STRIKE 473ML,BEBIDAS ENERGETICAS,$16.167,$20.000
7506192509084,AMPER BEAT ENERGY 473ML,BEBIDAS ENERGETICAS,$18.000,$20.000
036731321008,GATORADE NARANJA 1LT,BEBIDAS ENERGETICAS,$26.417,$32.000
7503027753636,VOLT SABOR GUARANA 400 ML,BEBIDAS ENERGETICAS,$14.000,$10.000
7503027753377,VOLT SABOR GUARANA 355 ML,BEBIDAS ENERGETICAS,$10.000,$10.000
7503027753667,VOLT BLUE ENERGY BOTELLA 400 ML,BEBIDAS ENERGETICAS,$10.000,$13.000
7506192506854,VIVE 100 CLASICO 300 ML,BEBIDAS ENERGETICAS,$10.200,$13.000
7503028412549,SOLAR POWER ENERGY 355 ML,BEBIDAS ENERGETICAS,$27.000,$27.000
036731326003,GATORADE PONCHE DE FRUTAS  1 LT,BEBIDAS ENERGETICAS,$26.416,$32.000
7503027753629,VOLT GUARANA 473 ML,BEBIDAS ENERGETICAS,$14.333,$20.000
7501035046252,BOOST ACTIVE ENEREGY 470 ML,BEBIDAS ENERGETICAS,$27.060,$36.000
7503027753650,VOLT MORAS 473 ML,BEBIDAS ENERGETICAS,$14.333,$20.000
036731322005,GATORADE LIMONADA 1 LT,BEBIDAS ENERGETICAS,$26.417,$32.000
036731324009,GATORADE UVA 1 LT,BEBIDAS ENERGETICAS,$26.416,$32.000
036731323002,GATORADE LIMA-LIMON 1 LT,BEBIDAS ENERGETICAS,$26.416,$32.000
036731504005,GATORADE UVA 500ML,BEBIDAS ENERGETICAS,$17.600,$25.000
036731106018,GATORADE NARANJA 600ML,BEBIDAS ENERGETICAS,$20.000,$25.000
036731106032,GATORADE LIMA-LIMON 600ML,BEBIDAS ENERGETICAS,$20.000,$25.000
7501035046177,BOOST ENERGY 470ML,BEBIDAS ENERGETICAS,$28.542,$36.000
7501035046375,BOOST ENERGY 235ML,BEBIDAS ENERGETICAS,$18.000,$22.000
078000815818,VENOM ENERGY 473ML,BEBIDAS ENERGETICAS,$30.750,$30.000
7501772801206,BINGO ENERGY DRINK BLUEBERRY 473ML,BEBIDAS ENERGETICAS,$12.000,$15.000
7501772801190,BINGO ENERGY DRINK MORA ROJA 473ML,BEBIDAS ENERGETICAS,$13.000,$15.000
7506192507349,AMPER PLAY HARD 473ML,BEBIDAS ENERGETICAS,$13.910,$20.000
7508304350416,BESTIA  BEB. ENERGETICA 500ML,BEBIDAS ENERGETICAS,$15.000,$15.000
036731136916,GATORADE MORAS  600ML,BEBIDAS ENERGETICAS,$20.000,$25.000
036731106063,GATORADE PONCHE DE FRUTAS 600ML,BEBIDAS ENERGETICAS,$20.000,$25.000
036731106025,GATORADE LIMONADA 600ML,BEBIDAS ENERGETICAS,$20.000,$25.000
036731103512,GATORADE FIERCE NARANJA 350ML,BEBIDAS ENERGETICAS,$11.250,$10.000
7501022009529,GATORADE FIERCE MORAS 350 ML,BEBIDAS ENERGETICAS,$11.250,$10.000
9002490100070,RED BULL 250ML,BEBIDAS ENERGETICAS,$35.628,$45.000
7501022012932,ROCKSTAR ENERGY 500ML,BEBIDAS ENERGETICAS,$0.000,$15.000
7501022009857,GATORADE  MORAS 1 LT,BEBIDAS ENERGETICAS,$26.416,$32.000
7506241202119,VOLT LATA 473ML GUARANA,BEBIDAS ENERGETICAS,$12.333,$20.000
7506192505833,VIVE 100 500ML MANZANA,BEBIDAS ENERGETICAS,$0.000,$12.000
7506192505918,VIVE 100 VERDE PET 500 ML,BEBIDAS ENERGETICAS,$10.500,$18.000
7500810035436,BIMBO HOTKIS 38 GR,BIMBO,$0.000,$8.000
7500810038796,BIMBO MANTECHOX HERSHEYS 80 GR,BIMBO,$9.990,$12.000
7500810024904,BIMBO NITO SORPRESA 62 GR,BIMBO,$13.830,$18.000
7500810039359,REBANADAS SABOR A CHOCOLATE 55G,BIMBO,$7.690,$10.000
7500810036518,BIMBO PAN MINIX ORIGINAL 12PZ,BIMBO,$0.000,$45.000
7705326091437,SANISSIMO ROSQUITAS HORNEADAS DE YUCA Y QUESO 20GR,BIMBO,$10.100,$15.000
7500810031551,SANISSIMO CLASICAS 400 G,BIMBO,$0.000,$26.000
7500810029251,LITTE BITES PARTY 69GR,BIMBO,$0.000,$15.000
7500810034132,BRAN FRUT TROPICAL 59GR,BIMBO,$0.000,$12.000
7500810033173,BIMBUÑUELOS CON CANELA CONT.99 G,BIMBO,$17.700,$22.000
7500810032985,BIMBO PAN BLANCO 300GR,BIMBO,$20.750,$25.000
7500810032978,BIMBO PAN INTEGRAL 300GR,BIMBO,$23.240,$28.000
7500810033296,PANQUE CHOX CHOCO AVELLANA 315 G,BIMBO,$31.400,$40.000
7500810022061,BIMBO PAN INTEGRAL 620GR,BIMBO,$41.500,$50.000
7500810032688,BIMBO MANTECHOX CHOCOLATE 80.6GR,BIMBO,$9.110,$12.000
7500810030080,SALSA CHILE MORITA 110 G,BIMBO,$0.000,$12.000
7500810030097,SALSA CHILE DE ARBOL 110 G,BIMBO,$0.000,$12.000
7501030421634,BIMBO DONUTS PZ 60GR,BIMBO,$0.000,$13.000
7500810029183,BIMBO PAN BLANCO 620GR,BIMBO,$39.010,$47.000
7500810020456,BIMBO CONCHA 60GR,BIMBO,$8.197,$10.000
7500810015346,BIMBO MINI PAN TOSTADO MANTEQUILLA 115GR,BIMBO,$20.750,$25.000
7501030480785,BIMBO TOTOPOS CHILAQUILES MILPA REAL 500GR,BIMBO,$41.000,$50.000
7500810028001,BIMBO BRAN FRUT GRANOS ENCESTRALES 60GR,BIMBO,$9.110,$12.000
7500810026281,BIMBO SANDWICH NITO 70GR,BIMBO,$12.000,$15.000
7500810020524,BIMBO DONITAS AZUCARADAS 52.5GR,BIMBO,$7.590,$10.000
7501000123094,BIMBO MANTECADAS VAINILLA 2 PZ 62.5GR,BIMBO,$7.590,$10.000
7500810020920,BIMBO DONITAS ESPOLVOREADAS 3P 52.5GR,BIMBO,$7.590,$10.000
7501030455363,BIMBO GALLETAS DE ARROZ Y QUINOA 12GR,BIMBO,$0.000,$8.000
7501000375417,BIMBO PAN MULTIGRANO 680GR,BIMBO,$60.800,$79.000
7500810026793,BIMBO NITO 3 CHOCOLATE 62GR,BIMBO,$0.000,$16.000
7500810020418,BIMBO QECHOXS 81GR,BIMBO,$8.410,$10.000
7500810026311,BIMBO BOCADIN PASTELITO 40GR,BIMBO,$6.556,$8.000
7503028965571,BIMBO TOTOPOS HORNEADOS 200GR,BIMBO,$28.000,$28.000
7501030419389,MANTECADAS CON NUEZ 123G,BIMBO,$20.000,$25.000
7500810016817,BIMBO CONCHAS CHOCOLATE 120GR,BIMBO,$16.405,$20.000
7500810022658,BIMBO PAN INTEGRAL 615GR,BIMBO,$41.500,$50.000
7500810025314,BIMBOCAO BIMBO AVELLANA 52GR,BIMBO,$8.197,$10.000
7500810022689,BIMBO PAN MOLIDO CLASICO 100GR,BIMBO,$0.000,$16.000
7500810024829,BERLINESA FRESA BIMBO 65GR,BIMBO,$13.122,$16.000
7501030431954,BIMBO TOSTADAS HORNEADAS SANISSIMO 120GR,BIMBO,$18.630,$23.000
7500810020906,SUPER CONCHA BIMBO VAINILLA 110GR,BIMBO,$12.300,$15.000
7501030421498,BIMBO SALSA TATEMADA CHILE DE ARBOL 240GR,BIMBO,$0.000,$20.000
7500810016787,BIMBO PAN TOSTADO BRIOCHE 210GR,BIMBO,$29.050,$36.000
7501030452553,BIMBO PAN ARTESANO HOGAZA BLANCA 567GR,BIMBO,$39.840,$48.000
7500810012451,PAN MOLIDO PARA PESCADOS Y MARISCOS 210G,BIMBO,$0.000,$29.000
7503032248301,BIMBO TOSTADA MILPA REAL MARISCOS 324GR,BIMBO,$0.000,$37.000
7500810024850,BIMBO TOSATADA MILPA REAL BOTANERO 180GR,BIMBO,$0.000,$25.000
7500810020579,HOTKIS NITO BIMBO 50 G,BIMBO,$8.197,$10.000
7500810008287,BIMBO FRUIT & GRAIN STRUDEL MANZANA 65GR,BIMBO,$9.839,$12.000
7503031361896,FUIT &GRANI CON SALVADO CON RELLENO SABOR FRESA 67G,BIMBO,$0.000,$15.000
7500810014752,BIMBO MANTECADAS MARMOL 187.5GR,BIMBO,$25.590,$30.000
7500810015803,BIMBO PANQUE PASAS 280GR,BIMBO,$30.370,$40.000
7500810015797,BIMBO PANQUE MARMOL 280GR,BIMBO,$30.370,$39.000
7500810015810,BIMBO PANQUE DE NUEZ 280GR,BIMBO,$30.370,$40.000
7501030421412,SALSA LA TATEMADA CHILE MORITRA 240 G,BIMBO,$18.000,$21.000
7501030418924,BIMBO SALSA TATEMADA VERDE 240GR,BIMBO,$18.000,$20.000
7500810003770,SALSA LA TATEMADA DEL HOGAR 240 G,BIMBO,$21.000,$21.000
7500810006412,DONUTS,BIMBO,$12.000,$12.000
7500810009062,BIMBO TOSTADITAS SANISSIMO HORNEADAS 160GR,BIMBO,$21.870,$26.000
7500810017128,MANTECADAS 31.25 G,BIMBO,$6.000,$6.000
7503030374019,BIMBO CROSSANTINES 32GR,BIMBO,$5.300,$7.000
7503034672760,PANQUE FRUTOS ROJOS CON ARANDANO 255 G,BIMBO,$33.000,$33.000
7503034673132,PAN MOLIDO CERO CERO 210GR,BIMBO,$26.000,$28.000
7501030462293,BIMBO PAN TOSTADO CERO CERO 250GR,BIMBO,$29.880,$31.000
7501030418412,BIMBO LECHE NITO 236ML,BIMBO,$10.660,$13.000
7503031361209,BIMBO CROSSAN TINES SABOR CHOCOLATE 96GR,BIMBO,$13.943,$16.000
7501030409854,BIMB0 NITO 2 PACK 124GR,BIMBO,$19.210,$25.000
7501030469827,BIMBO LITTE BITES 69GR,BIMBO,$12.390,$15.000
7503029151799,PAN BIMBO LINAZA 305 G,BIMBO,$24.000,$24.000
7503029151782,BIMBO CERO CHICO 305 G,BIMBO,$24.000,$24.000
7501000116447,BIMBO BRAN FRUT FRESA 58GR,BIMBO,$8.944,$12.000
7501000116430,BIMBO BRAN FRUT PIÑA 58GR,BIMBO,$9.839,$12.000
7501030486664,BIMBO TORTILLINAS TIA ROSA 561GR,BIMBO,$31.540,$38.000
7501030490272,BIMBO TORTILLINAS TIA ROSA 306GR,BIMBO,$20.750,$25.000
7503029151973,BOCADITOS ART. BIMBO 130GR,BIMBO,$12.000,$12.000
7501030426653,BIMBO BLANCO 567GR,BIMBO,$25.000,$25.000
7503032248073,BIMBO TOSTADA MILPA REAL ONDULADA 240GR,BIMBO,$20.000,$20.000
216523,BIMBOLLOS  15 PZ,BIMBO,$62.000,$62.000
7501000111534,MEDIAS NOCHES BIMBO 16 PZ 680 G,BIMBO,$55.610,$65.000
7501030474739,BIMBO TOSTADA MILPA REAL ONDULADA 360GR,BIMBO,$24.000,$25.000
7501030429494,DONUTS DONA DE CHOCOLATE 55 G,BIMBO,$8.000,$8.000
7503029151980,BIMBO BOCADITOS BRIOCHE 130GR,BIMBO,$12.000,$12.000
7503030199995,BIMBO ROLES CANELA 180GR,BIMBO,$18.980,$25.000
7501030454007,BRAN FRUT 2 BARRAS FRESA Y PIÑA 96 G,BIMBO,$12.000,$12.000
7501000132706,BIMBO CONCHAS VAINILLA 120GR,BIMBO,$15.190,$20.000
7501000111879,PAN MOLIDO SUELTO,BIMBO,$273.900,$60.000
7503030374002,BIMBO ROLES GLASEADOS 205GR,BIMBO,$18.980,$25.000
7501030418399,BIMBO DONITAS ESPOLVOREDAS 6PZ 140GR,BIMBO,$16.700,$22.000
01241024521,PAN BIMBO CHICO,BIMBO,$26.000,$29.000
7501030472698,BIMBO BIMBUÑUELOS 99GR,BIMBO,$16.700,$22.000
7501000112500,BIMBO DONAS DE 4PZ DE 105GR,BIMBO,$15.000,$17.000
7501030420859,BIMBO MANTECADAS CHISPAS DE CHOCOLATE 190GR,BIMBO,$22.680,$29.000
7501030429272,BIMBO PANQUESITOS CON CHISPAS CHOCOLATE 210GR,BIMBO,$18.040,$29.000
7501030420262,BIMBO DONERS 120GR,BIMBO,$18.900,$25.000
7501030429470,DONUTS BIMBO DALMATA 58GR,BIMBO,$8.000,$12.000
7501030457275,BIMBO NATURA FRUTOS ROJOS Y AVENA 43GR,BIMBO,$6.000,$8.000
7501030461913,BIMBO NATURA PRETZEL & CHOCOLATE 45GR,BIMBO,$8.000,$10.000
7501030454175,MINI TOSTADOS BIMBO MANTEQUILLA 120GR,BIMBO,$15.000,$17.000
7501030432708,CROCANTISSIMO QUESO JALAPEÑO 60GR,BIMBO,$8.000,$10.000
7501030432692,CROCANTISSIMO QUESO CON CHIPOTLE 60GR,BIMBO,$8.000,$10.000
7501030475514,BIMBO MANTECADAS NUEZ 184.5GR,BIMBO,$22.780,$29.000
7501030431763,WEIKIS BIMBO 160GR,BIMBO,$16.000,$20.000
7501030433828,BIMBO MULTIGRANO ALMENDRA 32GR,BIMBO,$6.000,$8.000
7501000309726,BIMBO ROLES CANELA CON PASAS 365GR,BIMBO,$31.890,$42.000
7501030480778,BIMBO TOTOPOS CHILAQUILES MILPA REAL 280GR,BIMBO,$26.240,$30.000
7501000157075,BIMBO TOSTADAS MILPA REAL ONDULADAS 360GR,BIMBO,$30.340,$37.000
7501000106936,BIMBO TOSTADAS MILPA REAL PLANAS 175GR,BIMBO,$21.320,$26.000
658480001958,BIMBO SALMAS SANISSIMO 90GR,BIMBO,$17.820,$22.000
658480001262,BIMBO TOSTADAS SANISSIMO 216GR,BIMBO,$29.160,$36.000
7501000111800,BIMBO PAN TOSTADO CLASICO 250GR,BIMBO,$27.390,$33.000
7501000112333,BIMBO PAN TOSTADO DOBLE FIBRA 250GR,BIMBO,$29.880,$36.000
7501030491668,BIMBO PAN TOSTADO INTEGRAL 250GR,BIMBO,$29.880,$36.000
7501030424345,BIMBO MULTIGRANO NUEZ 32GR,BIMBO,$9.839,$12.000
7501030468981,MULTIGRANO CHIA BIMBO 32GR,BIMBO,$0.000,$12.000
7501000339198,MULTIGRANO LINAZA BIMBO 32GR,BIMBO,$9.839,$12.000
7501030454168,MINI TOSTADOS BIMBO SILUETA 100GR,BIMBO,$0.000,$12.000
7501030465317,TOSTADO BIMBO CLASICO 90GR,BIMBO,$0.000,$20.000
7501030466611,PAN BIMBO SIN ORILLAS 450GR,BIMBO,$0.000,$37.000
7501030426837,BIMBOLLOS PARRILLEROS 780GR,BIMBO,$0.000,$68.000
7501030466949,EMPANIZADOR BIMBO HOJUELA DE MAIZ 180GR,BIMBO,$0.000,$10.000
7501030467090,BIMBO PAN CERO CERO 610GR,BIMBO,$49.800,$62.000
7501030489634,BIMBO TORTILLAS MILPA REAL 800GR,BIMBO,$0.000,$0.000
7501000111466,PAN BIMBO INTEGRAL 675GR,BIMBO,$41.500,$50.000
7501000336319,BIMBO PAN INTEGRAL 370GR,BIMBO,$30.710,$37.000
7501000131440,BIMBO PAN MULTRIGRANO 610GR,BIMBO,$49.800,$60.000
7501000300730,BIMBO PAN LINAZA 610GR,BIMBO,$46.480,$60.000
7501030460879,PAN BLANCO RINDE 454GR,BIMBO,$0.000,$0.000
7501000111091,BIMBO PAN BLANCO 360GR,BIMBO,$29.880,$36.000
7501030433927,BIMBO SALMAS SANISSIMO 144GR,BIMBO,$25.390,$30.000
7501000375295,BIMBO OROWEAT 12 GRANOS 680GR,BIMBO,$60.800,$79.000
7501030491200,DONAS BIMBO AZUCARADAS 158GR,BIMBO,$0.000,$0.000
7501000316878,BIMBO ROLES GLASEADOS 410GR,BIMBO,$0.000,$32.000
7501000112203,BIMBO COLCHONES 130GR,BIMBO,$12.150,$16.000
7503031361186,HOTKIS BIMBO 50GR,BIMBO,$0.000,$12.000
7501000122332,BIMBO PAN BLANCO 640GR,BIMBO,$39.010,$47.000
7501000112784,BIMBO NITO CHOCOLATE 62GR,BIMBO,$11.530,$15.000
7501030465874,LITTLE BITES 83GR CHOCOLATE,BIMBO,$0.000,$18.000
7501030474227,BIMBO DONAS AZUCARADAS 158GR,BIMBO,$16.700,$22.000
7501000112425,DONITAS BIMBO ESPOLVOREADAS 105GR,BIMBO,$12.100,$17.000
7501000112302,BIMBO PANQUE PASAS 255GR,BIMBO,$32.000,$38.000
7501030496885,PANQUE BIMBO CHOCOLATE 255GR,BIMBO,$0.000,$32.000
7501000112326,BIMBO PANQUE NUEZ 255GR,BIMBO,$31.980,$38.000
7501000310647,PANQUE BIMBO MARMOL 255GR,BIMBO,$31.980,$38.000
7501030462644,PANQUE BIMBO NARANJA 255GR,BIMBO,$0.000,$29.000
7501030458296,BOLLOS ARTESANO BIMBO 480GR,BIMBO,$0.000,$10.000
7501000111602,BIMBO BIMBOLLOS 450GR,BIMBO,$40.670,$50.000
7501000111503,BIMBO MEDIAS NOCHES 340GR,BIMBO,$37.350,$45.000
7503018544847,BIMBO MANTE CHOX 161.2GR,BIMBO,$19.678,$24.000
7501030477488,BIMBO MADALENAS MANTEQUILLA 93GR,BIMBO,$17.700,$21.000
7501000112845,BIMBO REBANADAS 55GR,BIMBO,$8.590,$10.000
7500810020586,REBANADAS BIMBO CHOCOLATE 55GR,BIMBO,$6.556,$10.000
7501000112128,BIMBO ROLES DE CANELA CON PASAS 120GR,BIMBO,$16.200,$20.000
7501000112166,BIMBO ROLES DE CANELA GLASEADOS 135GR,BIMBO,$16.200,$20.000
7501000112388,BIMBO PANQUECITOS CHIPAS CHOCOLATE 140 GR,BIMBO,$16.700,$22.000
7501030475521,BIMBO MANTECADAS VAINILLA 187.5GR,BIMBO,$22.780,$30.000
7501000149100,BIMBO EMPANIZADOR CRUJIENTE 175GR,BIMBO,$23.240,$28.000
7501000111855,BIMBO PAN MOLIDO CLASICO 210GR,BIMBO,$23.240,$28.000
7501030432432,CHOCO DONAS BIMBO  108GR,BIMBO,$0.000,$12.000
7501000113095,BIMBUÑUELOS BIMBO 99GR,BIMBO,$0.000,$22.000
7501030432654,BOYIS BIMBO 120GR,BIMBO,$0.000,$5.000
031200610355,OCEAN SPRAY GRAN-GRANADA 1L,BOING,$0.000,$35.000
031200454577,OCEAN SPRAY GRAN-UVA 1L,BOING,$0.000,$35.000
7501039400869,BOING DURAZNO 1LT,BOING,$25.000,$30.000
7503018023793,CHAPARRITA SABOR UVA 255ML,BOING,$9.208,$13.000
7503018023809,CHAPARRITA SABOR PIÑA 255ML,BOING,$9.208,$13.000
7503018023786,CHAPARRITA SABOR MANDARINA 255ML,BOING,$9.208,$13.000
7501039401026,BOING GUAYABA 250 ML.,BOING,$9.625,$11.000
7501039401156,BOING MANZANA 500ML,BOING,$11.007,$15.000
7501039401149,BOING GUAYABA 500ML,BOING,$11.007,$15.000
7501039401132,BOING MANGO 500ML,BOING,$13.630,$15.000
75003111,BOING JUGO GUANABANA 500 ML,BOING,$24.500,$16.000
019836100761,BOING JUGO GUAYABA 125 ML,BOING,$3.958,$7.000
019836100754,BOING JUGO MANGO 125 ML,BOING,$3.958,$7.000
019836100778,BOING JUGO MANZANA 125 ML,BOING,$3.958,$7.000
019836100792,BOING JUGO UVA 125 ML,BOING,$3.958,$7.000
75001803,BOING JUGO NARANJA 250 ML,BOING,$8.556,$9.000
019836800630,PASCUAL TORONJA 600ML,BOING,$9.167,$13.000
019836800685,PASCUAL UVA 600ML,BOING,$9.167,$13.000
019836800678,PASCUAL MANZANA 600ML,BOING,$9.167,$13.000
019836800661,PASCUAL FRAMBUESA 600ML,BOING,$9.167,$13.000
75003173,BOING JUGO NARANJA 500ML,BOING,$12.260,$15.000
7501039400876,BOING NARANJA 1 LT,BOING,$21.944,$30.000
7501039404027,PATO PASCUAL UVA 300ML,BOING,$0.000,$8.000
7501039401019,BOING JUGO MANGO 250ML,BOING,$6.914,$9.000
7501039401033,BOING JUGO MANZANA 250ML,BOING,$6.914,$9.000
7501039400074,BOING JUGO FRESA BOTELLA 354ML,BOING,$0.000,$12.000
019836800692,PATO PASCUAL PIÑA 600ML,BOING,$9.167,$13.000
7501039404065,PATO PASCUAL MANZANA 300ML,BOING,$0.000,$8.000
7501039404058,PATO PASCUAL NARANJA 300ML,BOING,$0.000,$8.000
7501039404089,PATO PASCUAL FRAMBUESA 300ML,BOING,$0.000,$8.000
019836202076,LULU PIÑA 3 LT,BOING,$0.000,$35.000
019836202045,LULU FRAMBUESA 3 LT,BOING,$34.667,$36.000
019836202021,LULU LIMON 3 LT,BOING,$0.000,$36.000
019836202069,LULU UVA 3 LT,BOING,$0.000,$36.000
6326326,BOING JUGO ENVASE DE VIDRIO 354 ML,BOING,$14.000,$14.000
75001766,BOING FRESA 250 ML,BOING,$8.550,$8.000
75001834,BOING UVA 250 ML,BOING,$8.550,$8.000
7501039400845,BOING FRESA 1 LT,BOING,$23.850,$30.000
75003166,BOING FRESA 500 ML,BOING,$11.380,$16.000
323552,LULU GRANDE,BOING,$26.000,$35.000
7501039400852,BOING TRADICIONAL JUGO DE PIÑA 1 L,BOING,$18.000,$26.000
7501039400449,BOING DE MANGO 1 LT,BOING,$17.000,$30.000
019836200218,BOING JUGO DE DURAZNO 500 ML,BOING,$8.000,$14.000
75003180,BOING UVA 500 ML,BOING,$11.380,$15.000
75003159,BOING MANZANA 500 ML,BOING,$11.380,$16.000
7501039400456,BOING MANZANA 1 LT,BOING,$17.000,$30.000
019836103052,BOING JUGO MANZANA 500ML,BOING,$10.542,$14.000
7501039400814,BOING GUAYABA 1 LT,BOING,$23.850,$30.000
7501039400807,BOING MANGO 1 LT,BOING,$26.333,$30.000
75001797,BOING MANZANA 250 ML,BOING,$8.550,$8.000
75001759,BOING MANGO 250 ML,BOING,$8.550,$8.000
75001773,BOING GUAYABA 250 ML,BOING,$8.550,$8.000
75003135,BOING GUAYABA 500 ML,BOING,$11.380,$15.000
19836200218,BOING JUGO DURAZNO 500ML,BOING,$0.000,$14.000
75003104,BOING MANGO 500 ML,BOING,$11.380,$15.000
7501039400418,BOING FRESA 1 LT,BOING,$20.167,$25.000
7501039400838,BOING MANZANA 1 LT,BOING,$25.000,$30.000
730399003558,TOPITOS QUESO BOKADOS 160GR,BOKADOS,$0.000,$20.000
730399029763,BOKADOS CHICHARRON DE CERDO 27GR,BOKADOS,$0.000,$16.000
730399023945,BOKADOS MIX CON GOLOS 85GR,BOKADOS,$0.000,$15.000
730399003527,TOPITOS QUESO BOKADOS 65GR,BOKADOS,$0.000,$14.000
730399003848,BOKA-CHITOS QUESO 38GR,BOKADOS,$0.000,$14.000
730399007549,PRISPAS PICOSITAS FRANCESA 130GR,BOKADOS,$20.240,$25.000
730399022955,PRISPAS ADOBADAS FRANCESA 46GR,BOKADOS,$12.660,$15.000
730399007501,PRISPAS PICOSITAS FRANCESA 46GR,BOKADOS,$12.660,$15.000
730399012796,PRISPAS HABANERO FRANCESA 46GR,BOKADOS,$12.667,$15.000
7503018985947,CHIPILO QUESO MANCHEGO 144 GR,BONAFINA,$21.000,$30.000
7503018985152,CHIPILO QUESO AMARILLO 144 GR,BONAFINA,$21.000,$30.000
7501032602154,CHIPILO CREMA 150GR,BONAFINA,$8.500,$10.000
7501032601782,BONYUR NUEZ 450G,BONAFINA,$14.500,$18.000
7501032601805,BONYUR DURAZNO 450 GR,BONAFINA,$13.600,$18.000
7501032601775,BONYUR PIÑA-COCO 450 GR,BONAFINA,$13.600,$16.000
7501032600860,BONAFINA DE NARANJA 1.87LT,BONAFINA,$20.000,$20.000
7501032601140,QUESO PARA NACHOS 500 G,BONAFINA,$16.000,$18.000
7501032601843,BONAFINA  DE YOGHUR SHAK DE FRESA 100G,BONAFINA,$2.000,$2.000
7501032601850,BONAFINA SHAK PIÑA COCO 100 G,BONAFINA,$2.500,$2.000
7501032600891,CREMA GINA GIO 1 KG,BONAFINA,$25.000,$34.000
7503018985695,BONAFINA DE NARANJA 900 ML,BONAFINA,$16.000,$16.000
7503023907217,BONAFINA DE YOGHURT PIÑA COCO 220 G,BONAFINA,$6.000,$6.000
7503023907200,BONAFINA  DE  YOGHURT SABOR FRESA 220 G,BONAFINA,$6.000,$6.000
7501032604158,BONAFINA YOGURT PIÑA COCO 700GR,BONAFINA,$15.000,$15.000
7501032608347,BONAFINA YOGURT FRESA 700GR,BONAFINA,$15.000,$15.000
7501032600198,MANTEQUILLA CHIPILO 225GR,BONAFINA,$36.500,$45.000
7501032600181,MANTEQUILLA CHIPILO 90GR,BONAFINA,$16.500,$20.000
7501032608033,BONAFINA YOGURT NUEZ 450GR,BONAFINA,$8.000,$13.000
7503018985893,BONAFINA NARANJA 600ML,BONAFINA,$6.000,$13.000
7501032601720,BONYUR FRESA 450 GR,BONAFINA,$14.500,$18.000
7501032606695,BONAFINA YOGURT PIÑA COCO 450GR,BONAFINA,$8.000,$13.000
7503018985329,SNAK BONAFINA 100ML,BONAFINA,$0.500,$1.500
7503018985961,BONAFINA CITRUS PUNCH  2LT,BONAFINA,$14.000,$17.000
7503018985909,BONAFINA NARANJADA 1.87 LT,BONAFINA,$14.000,$20.000
7503023907064,SNAK BONAFINA CHOCOLATE 237ML,BONAFINA,$0.000,$8.000
758104007516,BONAFONT NATURAL 500 ML,BONAFONT,$0.000,$10.000
021510,AJO MOLIDO PZ,BONAFONT,$0.000,$3.000
758104005185,BONAFONT NATURAL 4 LT,BONAFONT,$0.000,$34.000
758104005505,BONAFONT AGUA NATURAL 750ML,BONAFONT,$0.000,$10.000
758104008728,BONAFONT AGUAS FRESCAS HORCHATA CON CANELA 330ML,BONAFONT,$0.000,$15.000
758104008612,BONAFONT LEVITE  UVA 500ML,BONAFONT,$0.000,$15.000
758104008629,BONAFONT DE LIMÓN 500 ML,BONAFONT,$0.000,$14.000
758104008605,BONAFONT DE JAMAICA 500 ML,BONAFONT,$0.000,$12.000
758104003549,BONAFONT LEVITE PIÑA COCO 500 ML,BONAFONT,$10.000,$14.000
75063375,BONAFONT KIDS NARANJA 300ML,BONAFONT,$0.000,$10.000
758104008391,BONAFONT   LEVITE INFUSIONADA FRUTOS ROJOS 1 LT,BONAFONT,$12.816,$18.000
758104008346,BONAFONT   LEVITE INFUSIONADA FRUTOS ROJOS 1.4 LT,BONAFONT,$13.916,$22.000
758104008445,BONAFONT LEVITE FRUTOS ROJOS 500 ML,BONAFONT,$10.000,$12.000
758104007936,BONAFONT JUIZZY TAMARINDO 1.4 L.,BONAFONT,$13.333,$22.000
758104008186,BONAFONT JUIZZY DE NARANJA 500 ML,BONAFONT,$10.000,$12.000
758104003778,BONAFONT JUIZZY GUAYABA 500 ML,BONAFONT,$7.833,$12.000
758104000654,BONAFONT AGUA NATURAL 11 LT,BONAFONT,$39.000,$41.000
758104008087,BONAFONT JUIZZY LIMON 1.4 LT,BONAFONT,$13.833,$22.000
758104008216,BONAFONT JUIZZY NARANJA 1.4 LT,BONAFONT,$13.333,$22.000
758104008193,BONAFONT JUIZZY NARANJA 1 LT,BONAFONT,$11.333,$18.000
758104008070,BONAFONT JUIZZY LIMON 1 LT,BONAFONT,$14.160,$18.000
75065072,BONAFONT KIDS UVA 300ML,BONAFONT,$0.000,$8.000
758104007950,BONAFONT JUIZZY PIÑA 1.4L,BONAFONT,$13.833,$22.000
758104000340,BONAFONT AGUA NATURAL 750 ML,BONAFONT,$10.000,$10.000
758104007943,BONAFONT JUIZZY GUAYABA 1.4 LT,BONAFONT,$13.916,$22.000
758104007929,BONAFONT JUIZZY JAMAICA 1.4LT,BONAFONT,$13.833,$22.000
750104000340,BONAFONT DE CHUPON 750 ML,BONAFONT,$10.000,$10.000
7501032601928,BONALIFE DE NARANJA 600 ML,BONAFONT,$12.000,$15.000
7501032601935,BONALIFE DE NARANJA 900 ML,BONAFONT,$14.333,$18.000
758104003860,AGUA BONAFONT NATURAL 10 LITOS,BONAFONT,$32.000,$40.000
758104000104,BONAFON AGUA NATURAL 330 ML,BONAFONT,$5.958,$5.000
101025,BONAFONT NATURAL 10 LT,BONAFONT,$35.000,$35.000
758104007318,BONAFONT LEVITE FRUTOS ROJOS 1 L,BONAFONT,$13.000,$18.000
758104006755,BONAFONT JUIZZY UVA 1 LT.,BONAFONT,$11.333,$18.000
758104005796,BONAFONT AGUA 1.2 LT,BONAFONT,$10.000,$12.000
02541202,GARRAFON EOPURA Y BONAFON CON TODO Y ENVASE,BONAFONT,$80.000,$139.000
75061685,BONAFONT KIDS SABOR UVA 300 ML,BONAFONT,$5.000,$7.000
758104006465,BONAOFONT JUIZZY SABOR PIÑA 2 L,BONAFONT,$21.000,$21.000
758104006243,BONAFON JUIZZY SABOR GUAYABA 2 L,BONAFONT,$21.000,$21.000
758104006533,BONAFONT LEVITE PIÑA COCO 1.5 L,BONAFONT,$17.000,$22.000
758104006731,BONAFON LEVITE DE LIMON 1.5 L,BONAFONT,$17.000,$22.000
758104006236,BONAFONT JUIZZY AGUA DE NARANJA 2 L,BONAFONT,$21.000,$21.000
758104006748,BONAFONT JUIZZY AGUA DE TAMARINDO 2 L,BONAFONT,$21.000,$21.000
758104006632,BONAFON LEVITE PEPINO Y LIMON 1.5 L,BONAFONT,$17.000,$22.000
758104006878,BONAFON LEVITE PEPINO Y LIMON 2 L,BONAFONT,$21.000,$21.000
758104006625,BONAFONT INFUSIONADA PEPINO-LIMON 1 LT.,BONAFONT,$10.667,$16.000
758104006656,BONAFON LEVITE SABOR FRESA DE 1  L,BONAFONT,$13.000,$18.000
758104006526,BONAFON LEVITE AGUA INFUSIONADA PIÑA COCO 1 L,BONAFONT,$12.816,$18.000
758104006991,BONAFONT JUIZZY DE GUANABANA  1 L,BONAFONT,$13.000,$18.000
01802415201152,GARAFON DE BONAFON DE 20 L,BONAFONT,$55.000,$61.000
758104006519,BONAFON LEVITE PIÑA COCO 600 ML,BONAFONT,$9.000,$9.000
758104007882,BONAFONT LEVITE FRESA 1.4LT,BONAFONT,$13.889,$22.000
758104006861,BONAFONT LEVITE FRESA 2 LT,BONAFONT,$18.000,$21.000
758104000494,AGUA BONAFONT NATURAL 20 LT,BONAFONT,$58.000,$63.000
758104003174,AGUA BONAFONT NATURAL 6L,BONAFONT,$28.000,$35.000
75065218,BONAFONT LEVITE PIÑA-COCO 300ML,BONAFONT,$4.000,$5.000
75061678,BONAFONT KIDS MANZANA 300ML,BONAFONT,$4.000,$8.000
75065041,BONAFONT KIDS NARANJA 300ML,BONAFONT,$4.000,$5.000
758104006281,BONAFONT JUIZZY GUAYABA 1LT,BONAFONT,$12.816,$18.000
758104006298,BONAFONT JUIZZY GUAYABA 1.5LT,BONAFONT,$16.667,$22.000
758104003921,BONAFONT LEVITE PEPINO-LIMON 1 LT,BONAFONT,$14.167,$18.000
758104005468,BONAFONT LEVITE TUNA-LIMON 1 LT,BONAFONT,$10.000,$18.000
7501013197235,AGUAS FRESCAS 450ML JAMAICA,BONAFONT,$8.000,$10.000
7501013197242,AGUAS FRESCAS 450ML LIMON,BONAFONT,$8.000,$10.000
758104001712,BONAFONT NATURAL 600ML,BONAFONT,$6.667,$10.000
758104001477,BONAFONT LEVITE JAMAICA 1.5 LT,BONAFONT,$0.000,$22.000
758104002986,BONAFONT JUIZZY MANGO 1.5LT,BONAFONT,$0.000,$22.000
758104002511,BONAFONT JUIZZY NARANJA 1.5LT,BONAFONT,$16.667,$22.000
758104004485,BONAFONT JUIZZY LIMON 1.5LT,BONAFONT,$16.667,$22.000
758104007905,BONAFONT PIÑA COCO INFUSIONADA 1.4 LT,BONAFONT,$13.333,$20.000
758104002535,BONAFONT JUIZZY MANZANA 1.5LT,BONAFONT,$0.000,$22.000
75038649,BONAFONT KIDS NATURAL CHUPON 300ML,BONAFONT,$6.333,$7.000
75065058,BONAFONT KIDS NATURAL TAPA 300ML,BONAFONT,$0.000,$7.000
758104005703,BONAFONT LEVITE FRESA 600ML,BONAFONT,$0.000,$9.000
758104005734,BONAFONT LEVITE PEPINO-LIMON 600ML,BONAFONT,$0.000,$9.000
758104005710,BONAFONT LEVITE JAMAICA 600ML,BONAFONT,$0.000,$9.000
758104005727,BONAFONT LEVITE PIÑA-COCO 600ML,BONAFONT,$0.000,$9.000
758104005772,BONAFONT JUIZZY GUAYABA 600ML,BONAFONT,$0.000,$9.000
758104005765,BONAFONT JUIZZY MANZANA 600ML,BONAFONT,$0.000,$9.000
758104006311,BONAFONT JUIZZY JAMAICA 1 LT,BONAFONT,$14.167,$18.000
758104006472,BONAFONT JUIZZY TAMARINDO 1 LT,BONAFONT,$11.333,$18.000
758104006212,BONAFONT JUIZZY NARANJA 1 LT,BONAFONT,$11.333,$18.000
758104005147,BONAFONT LEVITE PIÑA-COCO 1LT,BONAFONT,$14.167,$18.000
758104005604,BONAFONT LEVITE FRESA-LYCHEE 1 LT,BONAFONT,$0.000,$18.000
758104005611,BONAFONT LEVITE LIMON-MENTA 1LT,BONAFONT,$0.000,$18.000
758104005635,BONAFONT JUIZZY PIÑA 1 LT,BONAFONT,$10.667,$18.000
758104005758,BONAFONT JUIZZY JAMAICA 600ML,BONAFONT,$0.000,$9.000
758104005741,BONAFONT JUIZZY NARANJA 600ML,BONAFONT,$0.000,$9.000
758104007899,BONAFONT INFUSIONADA PEPINO-LIMON 1.4 LT,BONAFONT,$13.333,$20.000
758104005451,BONAFONT JUIZZY MANDARINA 1.5 LT,BONAFONT,$0.000,$22.000
758104001972,BONAFONT AGUA NATURAL 2 LT,BONAFONT,$13.167,$18.000
75810400293,BONAFONT JUIZZY JAMAICA 1.5 LT,BONAFONT,$16.667,$22.000
758104100422,BONAFONT AGUA NATURAL 1 LT,BONAFONT,$8.333,$12.000
758104000159,BONAFONT AGUA NATURAL 1.5 LT,BONAFONT,$12.500,$15.000
7503001598376,JULIMOY PALOMITAS DE MAIZ CON SAL 250GR,BOTANAS Y SEMILLAS,$0.000,$25.000
7501788311713,PEPITAS HABIBI 40GR,BOTANAS Y SEMILLAS,$0.000,$11.000
7501308300265,NISHIKAWA CACAHUATE JAPONES 120GR,BOTANAS Y SEMILLAS,$0.000,$22.000
7503032276908,JULIMOY MUYSHITOS CRUJIENTITOS FUEGO 90GR,BOTANAS Y SEMILLAS,$10.000,$13.000
7503032276892,JULIMOY MUYSHITOS CRUJIENTITOS QUESO 90GR,BOTANAS Y SEMILLAS,$10.000,$13.000
7503001598994,JULIMOY PAPAS FUEGO 100GR,BOTANAS Y SEMILLAS,$16.000,$20.000
12789,SABROTANAS PLATANITO DULCE PZ,BOTANAS Y SEMILLAS,$0.000,$20.000
603001,SANABOTANA GALLETAS DE AMARANTO CON CHOCOLATE 65 GR,BOTANAS Y SEMILLAS,$15.000,$18.000
503001,SANABOTANA GALLETAS DE AMARANTO CON SEMILLAS 65 GR,BOTANAS Y SEMILLAS,$15.000,$18.000
502001,SANABOTANA CHURRITOS SAL Y LIMON 100 GR,BOTANAS Y SEMILLAS,$14.000,$18.000
502002,SANABOTANA CHURITOS HABANERO 100 GR,BOTANAS Y SEMILLAS,$14.000,$18.000
502003,SANABOTANA CHURRITOS DE CHIPOTLE 100 GR,BOTANAS Y SEMILLAS,$14.000,$18.000
511001,SANABOTANA MUEGANOS 90 GR,BOTANAS Y SEMILLAS,$14.000,$18.000
7502212170135,MR CARLOS MAXITUBO,BOTANAS Y SEMILLAS,$24.000,$28.000
7501199200392,CAZARES CLÁSICAS 26GR,BOTANAS Y SEMILLAS,$6.000,$9.000
7503001598574,JULIMOY CHICHARRON RUEDA 63GR,BOTANAS Y SEMILLAS,$7.000,$10.000
4518086129011,BOTANA FIESTA CACAHUATES,BOTANAS Y SEMILLAS,$10.000,$15.000
4518086129020,BOTANA FIESTA FINA,BOTANAS Y SEMILLAS,$15.000,$20.000
jj102023,JJ BOMBON,BOTANAS Y SEMILLAS,$10.000,$14.000
jj092023,JJ GOMA BOTANA FRITURA,BOTANAS Y SEMILLAS,$9.000,$14.000
7500366000780,TOP-TOPS NACHOS 52GR,BOTANAS Y SEMILLAS,$31.550,$10.000
6728936730181,SABROTANAS SABROCHIPSIMAS PAPAS LIMON,BOTANAS Y SEMILLAS,$18.000,$25.000
6728936730182,SABROTANAS SABROCHIPSIMAS PAPAS JUMBO,BOTANAS Y SEMILLAS,$29.000,$25.000
6728936730184,SABROTANAS SABROCHIPSIMAS ARTESANAL ENCHILADO,BOTANAS Y SEMILLAS,$18.000,$25.000
6728936730185,SABROTANAS SABROCHIPSIMAS ARTESANAL NATURAL,BOTANAS Y SEMILLAS,$18.000,$25.000
6529319638239,SABROTANAS SABROCHIPSIMAS PAPAS DE SABOR,BOTANAS Y SEMILLAS,$20.000,$25.000
6728936730183,SABROTANAS SABROCHIPSIMAS MIXTO,BOTANAS Y SEMILLAS,$20.000,$25.000
6529319638253,SABROTANAS SABROCHIPSIMAS FRITURAS,BOTANAS Y SEMILLAS,$11.000,$18.000
1654560655,FRITURAS GRANDES,BOTANAS Y SEMILLAS,$9.000,$25.000
7501008059395,CRUNCH-IT SABOR PICAÑON 30G,BOTANAS Y SEMILLAS,$0.000,$10.000
7503022458635,PAPAS SOL ADOBADAS 70 G,BOTANAS Y SEMILLAS,$0.000,$13.000
03048,MR CARLOS ARTESANAL,BOTANAS Y SEMILLAS,$10.000,$13.000
03008,DANITO MMS,BOTANAS Y SEMILLAS,$10.000,$14.000
724373735351,CACAHUATE  JAPONES GUNA 95 GR,BOTANAS Y SEMILLAS,$7.500,$10.000
7503037087035,PUM POPS CARAMELO 95GR,BOTANAS Y SEMILLAS,$15.000,$18.000
7501008047590,CHEEZIT SNAPD CREMA CEBOLLA Y QUESO 42GR,BOTANAS Y SEMILLAS,$0.000,$12.000
02079,DANITO CHOCORETA,BOTANAS Y SEMILLAS,$11.000,$15.000
02077,DANITO KRANKY,BOTANAS Y SEMILLAS,$12.000,$14.000
02083,MR CARLOS PLATANITOS,BOTANAS Y SEMILLAS,$16.000,$20.000
02082,MR CARLOS CHICHARRON DE CERDO,BOTANAS Y SEMILLAS,$16.000,$18.000
02089,MR CARLOS CHURRITO FAMILIAR,BOTANAS Y SEMILLAS,$18.000,$25.000
02097,DANITO GOMITA,BOTANAS Y SEMILLAS,$10.000,$13.000
02096,DANITO BOTANA GRANDE,BOTANAS Y SEMILLAS,$12.000,$20.000
02091,DANITO BOTANA FINA,BOTANAS Y SEMILLAS,$17.375,$22.000
02088,MR CARLOS PAPA RUFLE,BOTANAS Y SEMILLAS,$13.000,$18.000
02087,MR CARLOS PAPAS,BOTANAS Y SEMILLAS,$0.000,$23.000
02086,MR CARLOS CHURRITOS,BOTANAS Y SEMILLAS,$7.600,$13.000
02085,MR CARLOS GOMITAS,BOTANAS Y SEMILLAS,$11.000,$14.000
02084,MR CARLOS BOTANA MIXTA G.,BOTANAS Y SEMILLAS,$18.000,$22.000
02081,MR CARLOS BOTANA MEDIANA,BOTANAS Y SEMILLAS,$11.000,$13.000
02075,MR CARLOS BOTANA FINA,BOTANAS Y SEMILLAS,$18.000,$20.000
7501006560428,PALOMITAS ACT ll INFIERNO 38GR,BOTANAS Y SEMILLAS,$18.100,$22.000
7503032276205,CHEETOS DE QUESO 100 G. JULIMOY,BOTANAS Y SEMILLAS,$8.000,$12.000
7503032276236,CHEETOS JALAPEÑOS 100 G. JULIMOY,BOTANAS Y SEMILLAS,$8.000,$12.000
7503001598222,BOTANA JULIMOY SURTI RICO MIX 100 G.,BOTANAS Y SEMILLAS,$11.000,$15.000
7503001598130,PAPAS ADOBADAS JULIMOY 100G,BOTANAS Y SEMILLAS,$16.000,$20.000
015613251,GOMITAS,BOTANAS Y SEMILLAS,$1.000,$1.000
563234565,COCADA SUELTA PZA,BOTANAS Y SEMILLAS,$0.000,$3.500
256562626,GOMITA SUELTA PZA,BOTANAS Y SEMILLAS,$0.000,$1.000
7503001598888,BOTANA JULIMOY SURTIDO MIX 250G,BOTANAS Y SEMILLAS,$25.000,$35.000
7503032276168,PAPAS QUESO JULIMOY 100G,BOTANAS Y SEMILLAS,$16.000,$20.000
7503001598932,PAPAS LIMON JULIMOY 100G,BOTANAS Y SEMILLAS,$16.000,$20.000
7503001598383,PAPAS JALAPEÑO JULIMOY 100G,BOTANAS Y SEMILLAS,$16.000,$20.000
7503001598925,PAPAS HABANERAS JULIMOY 100G,BOTANAS Y SEMILLAS,$16.000,$20.000
7503001598604,CHICHARRON ARINA DE TRIG JULIMOY 80G,BOTANAS Y SEMILLAS,$12.000,$15.000
7503001598390,PALOMITAS NATURALES JULIMOY 63G,BOTANAS Y SEMILLAS,$7.000,$10.000
7503020760020,CHURRITOS NATURAL BOTANAS CHARLY ZAPATA,BOTANAS Y SEMILLAS,$10.000,$13.000
7503000234060,DORIS SURTIDO GRANDE,BOTANAS Y SEMILLAS,$20.000,$25.000
LIBANES90GRS,DULCES Y BOTANAS SABROCITA LIBANES,BOTANAS Y SEMILLAS,$19.000,$23.000
PEPITAFRITA50GRS,DULCES Y BOTANAS SABROCITA PEPITA FRITA,BOTANAS Y SEMILLAS,$13.000,$16.000
4986,BOTANA MANOLITO,BOTANAS Y SEMILLAS,$8.000,$15.000
7503015550032,CHICOS MANOLITO ENCHILADO,BOTANAS Y SEMILLAS,$7.000,$12.000
7503015550186,PAPA MANOLITO 100 G.,BOTANAS Y SEMILLAS,$19.000,$25.000
7503015550193,MIX MANOLITO 150 G.,BOTANAS Y SEMILLAS,$19.000,$25.000
97941,THREE LOVERS,BOTANAS Y SEMILLAS,$10.000,$15.000
498413,MANOLITO CACAHUATE ESPAÑOL,BOTANAS Y SEMILLAS,$0.000,$15.000
HABA90GRS,DULCES Y BOTANAS SABROCITA HABA,BOTANAS Y SEMILLAS,$11.000,$14.000
CACASALPE90GRS,DULCES Y BOTANAS SABROCITA CACAHUATE PELADO SALADO,BOTANAS Y SEMILLAS,$11.000,$14.000
JAPONESGARAPINADO90GRS,DULCES Y BOTANAS SABROCITA JAPONES GARAPIÑADO,BOTANAS Y SEMILLAS,$11.000,$14.000
JAPONES90GRS,DULCES Y BOTANAS SABROCITA JAPONES,BOTANAS Y SEMILLAS,$11.000,$14.000
CACAJO90GRS,DULCES Y BOTANAS SABROCITA CACAHUATE CON AJO,BOTANAS Y SEMILLAS,$13.000,$16.000
BOTANA90GRS,DULCES Y BOTANAS SABROCITA BOTANA,BOTANAS Y SEMILLAS,$13.000,$16.000
CACACHSA90GRS,SABROCITA CACAHUATE ENCHILADO Y SALADO,BOTANAS Y SEMILLAS,$11.000,$17.000
GOMITAS90GRS,DULCES Y BOTANAS SABROCITA GOMITAS,BOTANAS Y SEMILLAS,$12.000,$15.000
CIRUELA90GRS,DULCES Y BOTANAS SABROCITA CIRUELA,BOTANAS Y SEMILLAS,$17.000,$21.000
PASITAS90GRS,DULCES Y BOTANAS SABROCITA PASITAS,BOTANAS Y SEMILLAS,$14.000,$17.000
SURTIDO50GRS,DULCES Y BOTANAS SABROCITA SURTIDA,BOTANAS Y SEMILLAS,$13.000,$23.000
NOGAL50GRS,DULCES Y BOTANAS SABROCITA NOGAL,BOTANAS Y SEMILLAS,$19.000,$24.000
ALMENDRA50GRS,DULCES Y BOTANAS SABROCITA ALMENDRA,BOTANAS Y SEMILLAS,$19.000,$22.000
NUEZINDIA50GRS,DULCES Y BOTANAS SABROCITA NUEZ INDIA,BOTANAS Y SEMILLAS,$19.000,$23.000
SEMILLA50GRS,DULCES Y BOTANAS SABROCITA SEMILLA,BOTANAS Y SEMILLAS,$11.000,$14.000
ARANDANO90GRS,DULCES Y BOTANAS SABROCITA ARANDANO,BOTANAS Y SEMILLAS,$14.000,$17.000
PISTACHES50GRS,DULCES Y BOTANAS SABROCITA PISTACHES,BOTANAS Y SEMILLAS,$19.000,$23.000
7501008044827,CRUNCH-IT QUESO CHEDDAR 40GR,BOTANAS Y SEMILLAS,$0.000,$12.000
7501008047606,CHEEZ IT SNAPD,BOTANAS Y SEMILLAS,$0.000,$12.000
565365,HIJOS DEL MAIZ,BOTANAS Y SEMILLAS,$0.000,$20.000
7503015550438,PALOMITAS MANOLITO 100 GR,BOTANAS Y SEMILLAS,$10.000,$15.000
7503003870432,JAPONES KURUMAYA 60G,BOTANAS Y SEMILLAS,$0.000,$5.000
7503022458321,SOL SOLCHESITOS DEDITO 90G,BOTANAS Y SEMILLAS,$0.000,$10.000
021520,PEPITAS DE TUBO,BOTANAS Y SEMILLAS,$13.000,$14.000
01510215,PEPITA TUBO,BOTANAS Y SEMILLAS,$13.000,$13.000
7501006559316,PALOMITAS ACT ll SABOR QUESO JALAPEÑO 89 G,BOTANAS Y SEMILLAS,$16.000,$22.000
7501006559309,PALOMITAS ACT ll SABOR INFIERNO ULTRA PICANTE 88 G,BOTANAS Y SEMILLAS,$16.000,$16.000
7501006560862,ACT 2 DELIX QUESO CON CARAMELO 70 G,BOTANAS Y SEMILLAS,$18.000,$18.000
1654560654,FRITURAS CHICAS,BOTANAS Y SEMILLAS,$11.000,$16.000
7503022458529,SOL SOLCHESITOS EXTREMO 100GR,BOTANAS Y SEMILLAS,$10.000,$10.000
7503022458307,SOLCHESITOS BOLITA 100GR,BOTANAS Y SEMILLAS,$10.000,$10.000
7503022458314,SOLCHESITOS TUBI BOLITA 85GR,BOTANAS Y SEMILLAS,$10.000,$10.000
7501006560411,ACI LL,BOTANAS Y SEMILLAS,$10.000,$12.000
1596,CACAHUATE COMBINADO ZAPATA,BOTANAS Y SEMILLAS,$16.000,$16.000
7503020760042,ZAPATA PAPATIRAS 100 G,BOTANAS Y SEMILLAS,$15.000,$15.000
035230263,ZAPATA BOLA DE COLORES,BOTANAS Y SEMILLAS,$15.000,$15.000
7501006560299,PALOMITAS ACT ll SABOR CARAMELO 95 G,BOTANAS Y SEMILLAS,$18.100,$18.000
7501006559439,PALOMITAS ACTII QUESO 45 GR,BOTANAS Y SEMILLAS,$18.100,$22.000
15151,ZAPATA PISTACHE Y NUEZ,BOTANAS Y SEMILLAS,$14.000,$16.000
2152102351,MUEGANO ZAPATA,BOTANAS Y SEMILLAS,$14.000,$14.000
7503020321498,CACAHUATE JAPONES KURUMAYA 60 G,BOTANAS Y SEMILLAS,$5.000,$5.000
7501788311706,HABIBI ZAPATA MIXTO 100G,BOTANAS Y SEMILLAS,$16.000,$20.000
320152105102,PAPAS ZAPATA EN PALITOS,BOTANAS Y SEMILLAS,$14.000,$14.000
7503022458352,SOLCHECITOS 100GR,BOTANAS Y SEMILLAS,$10.000,$10.000
7502251196486,OYUKI  40 GR,BOTANAS Y SEMILLAS,$5.400,$12.000
7503055145366,CACAHUATE MIXTO ZAPATA,BOTANAS Y SEMILLAS,$15.000,$16.000
147789252,PEPITAS ZAPATAS,BOTANAS Y SEMILLAS,$15.000,$16.000
9872654,GOMITAS ZAPATA 32 G,BOTANAS Y SEMILLAS,$9.000,$10.000
7503020760006,BOTANAS CHARLY ZAPATA 100G,BOTANAS Y SEMILLAS,$10.000,$11.000
7503033202135,JAPONESES KURUMAYA 150GR,BOTANAS Y SEMILLAS,$12.000,$15.000
7501003311436,PIMIENTA NEGRA MOLIDA MCC. 62GR,BOTANAS Y SEMILLAS,$58.000,$58.000
7500464067906,BOT. MEXICANA ZAPATA,BOTANAS Y SEMILLAS,$8.000,$10.000
0001213,"GATO CHE CHE CACAHUATES, Y VAR.",BOTANAS Y SEMILLAS,$11.000,$15.000
2030,GELATINA DE LECHE CASERO,BOTANAS Y SEMILLAS,$4.000,$6.000
349483622,TUBO MIX FRESCO 180GR,BOTANAS Y SEMILLAS,$15.000,$17.000
2312305016,PREMIUM NUECES Y FRUTOS SECOS 70GR TORITOS,BOTANAS Y SEMILLAS,$13.000,$15.000
231230501,ARANDANOS NUECES Y MANZANA TORITOS 60GR,BOTANAS Y SEMILLAS,$13.000,$15.000
231230505,SELECCION PEPES,BOTANAS Y SEMILLAS,$13.000,$15.000
231230506,PEPITA TOSTADA Y SALADA PEPES,BOTANAS Y SEMILLAS,$13.000,$15.000
7500366000728,TOTIS DONITAS CHILE Y LIMON 28GR,BOTANAS Y SEMILLAS,$7.000,$6.000
7500366001282,TOTIS PAPAS A LA FRANCESA HOTCHILI 70GR,BOTANAS Y SEMILLAS,$14.754,$20.000
7501006559422,ACI LL CARAMELO 120GR,BOTANAS Y SEMILLAS,$0.000,$5.000
7501006559408,PALOMITAS ACTII MANTEQUILLA 35 GR,BOTANAS Y SEMILLAS,$18.100,$18.000
7501006559415,ACT LL CHILE Y LIMON 50GR,BOTANAS Y SEMILLAS,$18.100,$18.000
700083721341,CHURLIZZ TAMARINDO 20GR,BOTANAS Y SEMILLAS,$0.000,$2.000
757528030223,GOMILOCAS L. DE LA JUSTICIA PI,BOTANAS Y SEMILLAS,$0.000,$0.000
757528030216,"GOMILOCAS L. DE LA JUSTICIA MORAS, DURAZNO Y MANGO MARACUYA 60GR",BOTANAS Y SEMILLAS,$0.000,$31.000
757528032678,GUMMY YUMMY 90GR CUBOS,BOTANAS Y SEMILLAS,$0.000,$15.000
7501006559330,PALOMITAS ACT II CHILE Y LIMON,BOTANAS Y SEMILLAS,$0.000,$16.000
7501006559002,PALOMITAS ACT II NATURAL 80GR,BOTANAS Y SEMILLAS,$10.178,$15.000
7501006559026,PALOMITAS ACT II EXTRA MANTEQUILLA,BOTANAS Y SEMILLAS,$10.178,$15.000
7501006559019,PALOMITAS ACT II MANTEQUILLA,BOTANAS Y SEMILLAS,$10.178,$15.000
076150420098,PALOMITAS ACT II CARAMELO,BOTANAS Y SEMILLAS,$0.000,$21.000
8410113001863,TORRES 5 SOLERA IMPERIAL 200ML,BRANDY,$0.000,$105.000
7501003692931,BRANDY DON PEDRO 750ML,BRANDY,$0.000,$208.000
7501032485719,PRESIDENTE CUBA BRANDY 355ML,BRANDY,$0.000,$22.000
7500783000028,BRANDY AZTECA DE ORO 200ML,BRANDY,$0.000,$70.000
7503023578837,PRESIDENTE 900 ML.,BRANDY,$139.000,$190.000
7503023578189,PRESIDENTE CLASICO 1.75 L,BRANDY,$320.000,$325.000
8410113000255,TORRES 10 200 ML,BRANDY,$121.000,$126.000
8410113555793,TORRES WINTER FRUITS 700ML,BRANDY,$273.000,$273.000
8410113008596,BRANDY TORRES SPICED 700ML,BRANDY,$273.000,$273.000
8410162100029,BRANDY FUNDADOR 700ML,BRANDY,$200.000,$274.000
8410337001083,BRANDY MAGNO 700ML,BRANDY,$250.000,$424.000
7503023578080,DON PEDRO 750ML,BRANDY,$140.000,$190.000
8410113007087,TORRES 15 700ML,BRANDY,$494.448,$650.000
8410113007520,TORRES 20 700ML,BRANDY,$850.000,$900.000
8410162015040,TERRY 1900 700ML,BRANDY,$360.000,$515.000
8410162011028,TERRY CENTENARIO 700ML,BRANDY,$300.000,$414.000
7503023578943,AZTECA DE ORO 700ML,BRANDY,$165.998,$221.000
7503023578295,DON PEDRO 200ML,BRANDY,$42.000,$52.000
7503023578097,DON PEDRO 1 LT,BRANDY,$174.998,$241.000
8410113000071,TORRES 10 750ML,BRANDY,$280.000,$439.000
8410113000019,TORRES 5 750ML,BRANDY,$215.950,$295.000
7503023578196,PRESIDENTE 500ML,BRANDY,$80.000,$107.000
7503023578202,PRESIDENTE 700ML,BRANDY,$101.720,$150.000
7503023578301,PRESIDENTE 200ML,BRANDY,$25.999,$46.000
7501059292277,NESCAFE CLASICO 2G,CAFE Y TE,$0.000,$4.000
086141003001,LA PASTORA TE DE MANZANILLA,CAFE Y TE,$0.000,$25.000
7503037623998,D'GUSSTO CAFÉ SOLUBLE 50GR,CAFE Y TE,$17.333,$23.000
7501003314918,TE DE JENGIBRE LIMON PIEZA,CAFE Y TE,$1.314,$2.000
7501058611383,COFFE MATE ORIGINAL 34GR,CAFE Y TE,$6.730,$10.000
6516549,TE VERDE,CAFE Y TE,$0.000,$2.000
7501052414027,CAFE LEGAL 10 G.,CAFE Y TE,$5.870,$8.000
086141003018,TÉ DE LIMÓN LA PASTORA PZ,CAFE Y TE,$0.740,$2.000
7503037623141,CAFE SOBRE D GUSTO 15 G.,CAFE Y TE,$0.000,$8.000
7503037623134,CAFE SOBRE D GUSTO 6G.,CAFE Y TE,$0.000,$5.000
7501059224827,NESCAFE CLASICO 200G,CAFE Y TE,$84.083,$135.000
7501052410142,SOBRE DE CAFE LEGAL 30G,CAFE Y TE,$5.860,$8.000
7506475110662,NESCAFE CLASICO 200 G INCLUYE TAZA,CAFE Y TE,$100.000,$110.000
7501052411316,LEGAL 200 GR,CAFE Y TE,$44.000,$44.000
26563654,TE DE LIMON PZ SUELTA,CAFE Y TE,$1.000,$1.500
645525487,TE DE MANZANILLA PZ SUELTA,CAFE Y TE,$0.696,$1.500
7501058616470,NESCAFÉ DECAF FRASCO 170G,CAFE Y TE,$83.000,$83.000
7501058628473,NESCAFÉ DECAF FRASCO 120 G,CAFE Y TE,$73.000,$101.000
7501058618924,NESCAFÉ CAFÉ DE OLLA FRASCO 46G,CAFE Y TE,$20.000,$20.000
7501052417509,CAFE ORO 160 G,CAFE Y TE,$84.000,$84.000
7501003302397,TE LIMON CAJA 25 PZAS,CAFE Y TE,$20.000,$20.000
7501003302380,TE MANZANILLA CAJA 25 PZAS,CAFE Y TE,$20.000,$20.000
7501058635709,NESCAFE CLAS. 225GR + TAZA,CAFE Y TE,$104.000,$108.000
7501058629166,NESCAFE CAPUCCINO MOKA  NET. 22 G,CAFE Y TE,$6.958,$10.000
7501058629159,NESCAFE CAPPUCCINO VAINILLA 22 G,CAFE Y TE,$7.000,$7.000
7501052417516,CAFE ORO DE 75G,CAFE Y TE,$42.000,$42.000
7501052411323,CAFE LEGAL 400GR,CAFE Y TE,$50.000,$100.000
7501059235038,COFFEE M. NESTLE 311GR,CAFE Y TE,$46.000,$68.000
086141003025,TE DE HIERBA BUENA PZA,CAFE Y TE,$1.000,$1.000
7501003339355,TE LIMON MCCORMICK 1.2 GR,CAFE Y TE,$0.640,$1.000
7501058639936,NESCAFE CAFE DE OLLA 10GR,CAFE Y TE,$3.889,$6.000
7501058629128,NESCAFE CAPPUCCINO ORIGINAL 22GR,CAFE Y TE,$6.567,$10.000
7501058629142,NESCAFE CAPPUCCINO VAINILLA 22GR,CAFE Y TE,$6.000,$9.000
7501003339133,TE MANZANILLA MCCORMICK 1.2 GR,CAFE Y TE,$0.500,$1.000
7501200462122,LAUTREC SUSTITUTO 300GR,CAFE Y TE,$19.000,$25.000
7501052417202,CAFÉ SOLUBLE ORO 50GR,CAFE Y TE,$21.000,$24.000
7501052418506,CAFÉ SOLUBLE TIPO INTERNACIONAL 50GR,CAFE Y TE,$14.000,$18.000
7501029032889,CAFE TRUJILLO 50GR,CAFE Y TE,$20.000,$24.000
7501029032841,CAFE SOBRE TRUJILLO 10GR,CAFE Y TE,$7.000,$10.000
7501000911790,NESCAFE DECAF SOBRE 14GR,CAFE Y TE,$0.000,$10.000
7501059292536,NESCAFE MOKACCINO SOBRE 22GR,CAFE Y TE,$0.000,$7.000
7501000913282,CREMA PARA CAFE COFFE MATE SOBRE 34GR,CAFE Y TE,$6.771,$8.000
7501058619228,COFFEE MATE ORIGINAL 190 GR,CAFE Y TE,$32.010,$43.000
7501052411538,CAFE LEGAL CON CANELA SOBRE 34GR,CAFE Y TE,$0.000,$8.000
7501052411545,LEGAL DE CANELA 28GR,CAFE Y TE,$7.175,$9.000
7501059285415,CAFE DECAF 48GR SOLUBLE,CAFE Y TE,$0.000,$36.000
7501058617705,NESCAFE 225GR SOLUBLE,CAFE Y TE,$0.000,$115.000
7501058620101,NESCAFE FRASCO  120 GR,CAFE Y TE,$79.000,$100.000
7501000912803,NESCAFE 42GR SOLUBLE,CAFE Y TE,$26.000,$39.000
7501000912612,NESCAFE CLASICO SOBRE 28 GR,CAFE Y TE,$18.860,$25.000
7501000911783,NESCAFE CLASICO 14GR SOBRE,CAFE Y TE,$7.448,$11.000
7503040150092,LINK ICE FUSION CAPSULA 20PZ,CAMEL JTI,$0.000,$39.000
7503023959629,CAMEL TROPICAL DREW 20'S,CAMEL JTI,$0.000,$73.000
7502252634413,LINK BLACK 20PZ,CAMEL JTI,$21.000,$35.000
7503023959568,WINSTON MMAX FRESH MIX,CAMEL JTI,$0.000,$40.000
7503023959544,CAMEL TROPICAL BREW 20,CAMEL JTI,$67.160,$80.000
7503023959537,CAMEL FREEZE BEATS 20,CAMEL JTI,$67.000,$80.000
7503023959438,WINSTON MENTA SANDIA 20 CIGARROS OASIS FRESH MIX,CAMEL JTI,$25.320,$39.000
7503023959513,WINSTON 20s,CAMEL JTI,$43.700,$38.000
7503023959520,WINSTON 25 CIGARROS,CAMEL JTI,$37.529,$43.000
7503023959551,WINSTON 14 CIGARROS,CAMEL JTI,$17.867,$27.000
4033100076459,WINSTON  PURPLE MINT 20`S,CAMEL JTI,$48.000,$48.000
4033100076428,WINSTON  WILD MINT 20`S,CAMEL JTI,$48.000,$48.000
7503023959070,SALEM MENTHOL 20´S,CAMEL JTI,$52.000,$55.000
7503023959148,CAMEL ESSENTIAL 20´S,CAMEL JTI,$58.920,$57.000
7503023959001,CAMEL 20´S,CAMEL JTI,$71.800,$85.000
7503023959056,CAMEL ACTIVA 20,CAMEL JTI,$0.000,$67.000
7503023959025,CAMEL 14'S,CAMEL JTI,$0.000,$71.000
4033100094316,WINSTON 24'S,CAMEL JTI,$0.000,$48.000
20874522,FRIJOL MICHIGAN A GRANEL KG,CANASTA BASICA,$0.000,$42.000
7501039120149,NUTRIOLI ACEITE 946 ML,CANASTA BASICA,$0.000,$47.000
273973,MAIZ QUEBRADO A GRANEL,CANASTA BASICA,$0.000,$16.000
7501111105002,SOS ARROZ GRANO LARGO SUPER EXTRA 1KG,CANASTA BASICA,$0.000,$42.000
7501111105064,SOS ARROZ PRECOCIDO GRANO LARGO 1KG,CANASTA BASICA,$0.000,$42.000
7501071301698,VERDE VALLE ARROZ SUPER EXTRA 900GR,CANASTA BASICA,$0.000,$46.000
7501039121610,NUTRIOLI ACEITE COMESTIBLE 850 ML,CANASTA BASICA,$0.000,$42.000
7501668800078,ABETO ARROZ TIPO MORELOS 1KG,CANASTA BASICA,$0.000,$39.000
7501039125106,SABROSANO ACEITE COMESTIBLE 400ML,CANASTA BASICA,$0.000,$22.000
7500829000234,7 SEMILLAS ARROZ COSECHA JOVEN 900GR,CANASTA BASICA,$0.000,$33.000
7501668800016,ABETO FRIJOL FLOR DE MAYO 1KG,CANASTA BASICA,$0.000,$42.000
010248765159,YEMINA FIDEO MEDIANO 200GR,CANASTA BASICA,$0.000,$12.000
010248765135,YEMINA SEMILLA DE MELON 200GR,CANASTA BASICA,$0.000,$12.000
010248765166,YEMINA CAMBRAY 200GR,CANASTA BASICA,$0.000,$12.000
8076809578387,BARILLA FUSILLI 500GR,CANASTA BASICA,$0.000,$12.000
8076809575669,BARILLA COLLEZIONE LASAGNE 250GR,CANASTA BASICA,$0.000,$70.000
7501003304919,MCCORMICK TE DE LIMON 25PZ,CANASTA BASICA,$0.000,$22.000
7501039124932,NUTRIOLI ACEITE 800ML,CANASTA BASICA,$0.000,$43.000
735257003763,D´GARI GELATINA MAZAPAN 120GR,CANASTA BASICA,$0.000,$13.000
7506475119757,GERBER FRUTAS TROPICALES 100 G,CANASTA BASICA,$0.000,$13.000
7501761869149,HOT CAKES TRADICIONALES GAMESA  800 G,CANASTA BASICA,$0.000,$57.000
7503000720211,LOURDES BICARBONATO DE SODIO 100GR,CANASTA BASICA,$0.000,$15.000
064144030323,PAN ORIGINAL ACEITE COMESTIBLE CANOLA 170GR,CANASTA BASICA,$0.000,$62.000
7501531905732,VILLA CAMPO ACEITE VEGETAL COMESTIBLE 800ML,CANASTA BASICA,$29.121,$35.000
7502223772588,CAPULLO ACEITE COMESTIBLE CANOLA 755ML,CANASTA BASICA,$0.000,$62.000
7501003305855,MAYONESA MCCORMICK 725GR,CANASTA BASICA,$0.000,$88.000
7501200484087,PRONTO JARABE SABOR MAPLE 250ML,CANASTA BASICA,$0.000,$35.000
75003722,ACEITE MARAVILLA 500 ML,CANASTA BASICA,$21.990,$28.000
7501021900001,SAL ESTRELLAS 1 KG,CANASTA BASICA,$10.310,$17.000
7501017005109,MERMELADA DE PIÑA LA COSTEÑA 270 G,CANASTA BASICA,$0.000,$30.000
7501017050215,MAYONESA LA COSTEÑA 190GR,CANASTA BASICA,$0.000,$35.000
7501017040506,MAYONESA LA COSTEÑA 385GR,CANASTA BASICA,$0.000,$70.000
7501039122785,GRAN TRADICIÓN ACEITE 500ML,CANASTA BASICA,$0.000,$25.000
7501003308306,MCCORMICK MERMELADA DE FRESA 450G,CANASTA BASICA,$0.000,$45.000
7503018122168,IET CANELA PZ,CANASTA BASICA,$0.000,$8.000
7501039124901,NUTRIOLI 890ML,CANASTA BASICA,$29.410,$47.000
7501071305153,ARROZ SUPER EXTRA VERDE VALLE 500 GR,CANASTA BASICA,$16.630,$20.000
7501077400708,MASECA ANTOJITOS 1 KG,CANASTA BASICA,$15.598,$24.000
7501003303394,MAYONESA MCCORMICK 228G,CANASTA BASICA,$0.000,$37.000
7501003303387,MAYONESA MCCORMICK 468 GR,CANASTA BASICA,$40.000,$65.000
7501003300300,MERMELADA DE FRESA MCCORMICK 270 GR,CANASTA BASICA,$21.580,$30.000
7502007295227,SAN LUCAS ACEITUNAS MANZANILLA SIN HUESO 130GR,CANASTA BASICA,$0.000,$22.000
7502007295104,SAN LUCAS ACEITUNAS MANZANILLA 130GR,CANASTA BASICA,$0.000,$20.000
7501003111739,MAYONESA MCCORMICK 228 GR,CANASTA BASICA,$25.954,$37.000
7503001839530,SAL ESTRELLAS DE MAR 1K,CANASTA BASICA,$0.000,$16.000
7501118341106,SAL SOL GRANO FINO 500G,CANASTA BASICA,$0.000,$10.000
7503001839035,SAL DE COCINA FRAGATA 1K,CANASTA BASICA,$0.000,$15.000
7501018315818,HARINA DE TRIGO LA MODERNA 1.100 G,CANASTA BASICA,$15.600,$22.000
7501071301711,ARROZ VERDE VALLE 250G,CANASTA BASICA,$0.000,$10.000
7501083100005,VINAGRE DE ALCOHOL DE CAÑA JULIO TARDOS 750ML,CANASTA BASICA,$0.000,$15.000
7501052474069,MERMELADA DE FRESA CLEMENTE JACQUES 270 G.,CANASTA BASICA,$21.080,$25.000
7501118342202,SAL DE MAR OSO BLANCO 1 KG,CANASTA BASICA,$11.140,$15.000
7500829000043,ARROZ 7 SEMILLAS 900 G.,CANASTA BASICA,$19.800,$23.000
7500829000241,MAIZ PALOMERO SIETE SEMILLAS 500G,CANASTA BASICA,$12.100,$17.000
7500829000586,AZUCAR ESTANDAR 900 G.,CANASTA BASICA,$26.400,$35.000
7501200483127,HOT CAKES  PRONTO 350 G.,CANASTA BASICA,$18.500,$35.000
7501668800627,EL MILAGRO ARROZ 900GR,CANASTA BASICA,$17.770,$22.000
7501017003068,VINAGRE BLANCO DE ALCOHOL DE CAÑA 1.05L,CANASTA BASICA,$12.408,$20.000
7501668800634,FRIJOL EL MILAGRO 900 G.,CANASTA BASICA,$0.000,$30.000
094331421313,AVENA GRANVITA 400 G.,CANASTA BASICA,$11.080,$17.000
7503031287035,CAJETA QUEMADA 594 G.,CANASTA BASICA,$80.000,$89.000
7502223775688,KARO MAPLE 346.8 G 255ML,CANASTA BASICA,$0.000,$37.000
7501052475202,VINAGRE DE MANZANA 500 ML.,CANASTA BASICA,$13.830,$23.000
7501017013166,VINAGRE BLANCO 785 ML.,CANASTA BASICA,$0.000,$17.000
7501083100074,VINAGRE DE ALCOHOL DE CAÑA COLOR 375 ML. BARRILITO,CANASTA BASICA,$0.000,$10.000
7501069210179,HARINA HOT CAKES TRES ESTRELLAS 500GR,CANASTA BASICA,$20.660,$31.000
7501069210346,HARINA HOT CAKES TRES ESTRELLAS 1KG,CANASTA BASICA,$29.450,$42.000
7501668801464,FRIJOL PINTO ABETO 900GR,CANASTA BASICA,$0.000,$46.000
7501668800160,AVENA ABETO 500G,CANASTA BASICA,$11.400,$16.000
7501069210032,HARINA DE TRIGO SAN ANTONIO TRES ESTRELLAS 1 KG,CANASTA BASICA,$15.723,$29.000
7502007294121,SAN LUCAS VAINILLA 45 ML,CANASTA BASICA,$2.817,$9.000
735257006023,VAINILLA DGARI 250ML,CANASTA BASICA,$12.000,$12.000
661440000960,AZUCAR GLASS ZULKA 500 G,CANASTA BASICA,$20.000,$20.000
7500829000098,LENTEJA 7 SEMILLAS 500GR,CANASTA BASICA,$19.000,$19.000
661440000014,ZULKA AZUCAR MORENA 1 KL,CANASTA BASICA,$22.000,$22.000
354854121,CANELA PZ GRANDE,CANASTA BASICA,$7.000,$7.000
7501039123065,ACEITE AVE 800 ML,CANASTA BASICA,$45.000,$47.000
7501192600168,BICARBONATO DE SODIO PURO 200GR,CANASTA BASICA,$30.000,$30.000
7501052475004,VINAGRE CLEMENTE JACKS BLANCO 500ML,CANASTA BASICA,$10.537,$12.000
45415241,ARROZ SINALOA AGRANEL,CANASTA BASICA,$24.000,$24.000
7500829000081,FRIJOLES PINTOS SIETE SEMILLA 900GR,CANASTA BASICA,$29.000,$29.000
7501668800023,ABETO FRIJOL PERUANO 1 KG,CANASTA BASICA,$42.000,$42.000
7500829000074,FRIJOL NEGRO SIETE SEMILLAS 900GR,CANASTA BASICA,$28.000,$28.000
7501048103010,CANOIL 946ML,CANASTA BASICA,$55.000,$55.000
7501021900056,SAL ELEFANTE NATURAL 1 KG,CANASTA BASICA,$14.000,$14.000
7501761846515,QUAKER AVENA 3 MINUTOS 250GR,CANASTA BASICA,$16.000,$16.000
7501668800030,ABETO ARROZ 900GR,CANASTA BASICA,$21.700,$28.000
7501052475011,CLEMENTE JACQUES VINAGRE BLANCO 1 LT,CANASTA BASICA,$13.500,$13.500
7501039122716,ACEITE AVE 400ML,CANASTA BASICA,$13.940,$25.000
038527132577,QUAKER AVENA OATS 1.19KG,CANASTA BASICA,$65.000,$65.000
7501003300478,MAYONESA MCCORMICK 390GR,CANASTA BASICA,$37.583,$53.000
7501071304484,CANELA VERDE VALLE 30 G,CANASTA BASICA,$22.000,$25.000
7501003335128,MOSTAZA MCCORMICK 260GR.,CANASTA BASICA,$22.000,$24.000
7501039121740,ACEITE SABROSANO 315ML,CANASTA BASICA,$13.000,$24.000
7501003340092,MAYONESA CON JUGO DE LIMON 158GR,CANASTA BASICA,$17.000,$17.000
7501052474076,"CLEMENTE J, MERMELADA FRESA, 470 GRAMOS",CANASTA BASICA,$34.000,$34.000
7501003306203,MAYONESA MC CORMICK 1.2 KG,CANASTA BASICA,$99.000,$120.000
2416496,PILONCILLO  X KILO,CANASTA BASICA,$42.900,$35.000
7501372810035,SCHETTINO NET 1 KG,CANASTA BASICA,$25.000,$25.000
7501372810301,ARROZ SCHETTINO 500 G,CANASTA BASICA,$16.000,$16.000
7501089612090,LENTEJA EL LABRADOR 250 G,CANASTA BASICA,$7.000,$7.000
7501586300018,MINSA 1 KG,CANASTA BASICA,$16.100,$14.000
7500478019069,AVENA 3 MINUTOS BOLSA 380GR,CANASTA BASICA,$17.000,$17.000
7501003303240,MAYONESA MCCORMICK 228GR,CANASTA BASICA,$29.580,$38.000
7501003340306,MAY. MCCORMICK 320GR APACHURRABLE,CANASTA BASICA,$28.000,$28.000
7501003336323,MERMELADA DE PIÑA 270 G,CANASTA BASICA,$24.000,$24.000
7501003300676,MOSTAZA MCCORMICK 115GR,CANASTA BASICA,$12.000,$15.000
7503023229029,SAL LA FINA GRANO 1 KG,CANASTA BASICA,$16.000,$16.000
05202632632,MAIZ PALOMERO AGRANEL,CANASTA BASICA,$28.000,$32.000
7500478012947,AVENA QUAKER 3 MINUTOS 669 G,CANASTA BASICA,$24.000,$24.000
7501069213828,HOT CAKES TRES ESTRELLAS 500 G,CANASTA BASICA,$18.000,$18.000
032101562102341,ACEITE DE OLIVO GETSEMANI GOURMET 0.045 ML,CANASTA BASICA,$9.000,$9.000
154120485,CAJA DE HUEVO,CANASTA BASICA,$5.000,$5.000
7501069213811,HOT CAKES 3 ESTRELLAS,CANASTA BASICA,$27.000,$27.000
7501668800177,FRIJOL NEGRO ABETO 900 G,CANASTA BASICA,$32.000,$35.000
7501668801303,ARROZ ABETO 500 G,CANASTA BASICA,$12.000,$15.000
7501021900063,ELEFANTE SAL DE GRANO 1 KG,CANASTA BASICA,$12.847,$17.000
3251482156,VAINILLA VARSA SUPREMA 125 ML,CANASTA BASICA,$8.500,$8.500
7500478001569,AVENA 3  MINUTOS  SABOR FRESA 50G,CANASTA BASICA,$5.000,$5.000
7500478001583,AVENA 3 MINUTOS SABOR CHOCOLATE,CANASTA BASICA,$5.000,$5.000
7500478001576,AVENA 3 MINUTOS  ORIGINAL 50 G,CANASTA BASICA,$5.000,$5.000
7501048100248,ACEITE CRISTAL 1.5 LITROS,CANASTA BASICA,$42.000,$72.000
7501003184030,CARLOTA MIEL DE 500G,CANASTA BASICA,$72.000,$72.000
7501003300652,MAYONESA CON JUGO DE LIMON 105G,CANASTA BASICA,$16.700,$19.000
7501404603116,HARINA SELECTA DE TRIGO 1 KG,CANASTA BASICA,$9.000,$25.000
7501039121993,ACEITE NUTRIOLI 400ML,CANASTA BASICA,$18.500,$25.000
75041663,AC. CAPULLO 400ML,CANASTA BASICA,$18.000,$18.000
7501039122105,AC. AVE 850ML,CANASTA BASICA,$25.000,$37.000
7501039122099,ACEITE SABROSANO 850ML,CANASTA BASICA,$37.193,$48.000
7501048102501,AC. COM. CARTAMUS 900ML,CANASTA BASICA,$28.000,$28.000
7501003390400,ACEITUNAS BUFALO MANZANILLA 240GR,CANASTA BASICA,$33.000,$43.000
7501003309976,ACEITUNAS BUFALO MANZANILLA 150GR,CANASTA BASICA,$22.000,$33.000
1017,SABORIZANTE VAINILLA VARSA 125ML,CANASTA BASICA,$7.000,$8.500
823703801671,AVENA MAXIMA P. 1 KG,CANASTA BASICA,$18.000,$21.000
823703801664,AVENA MAXIMA P. 400GR,CANASTA BASICA,$8.000,$10.500
7501003300386,MCCORMICK MAY. CON GUACAMOLE 250GR,CANASTA BASICA,$18.000,$18.000
7501003302281,MCCORMICK MAY. CON CHIPOTLE 260GR,CANASTA BASICA,$18.000,$18.000
7501003336125,MERMELADA DE FRESA MCCORMICK 270GR,CANASTA BASICA,$20.880,$29.000
7502218213027,ACEITE VICTORIA 800ML,CANASTA BASICA,$27.060,$38.000
7501118342103,SAL SOL GRANO FINO 1 KG,CANASTA BASICA,$8.000,$15.000
7501118392108,SAL SOL EN GRANO 1 KG,CANASTA BASICA,$8.000,$10.000
7501003309808,MERMELADA FRESA MCCORMICK 450GR,CANASTA BASICA,$24.000,$30.000
7503001839028,SAL FRAGATA DE MESA 1KG,CANASTA BASICA,$12.730,$18.000
7501003336620,MERMELADA ZARZAMORA MCCORMICK 270GR,CANASTA BASICA,$18.000,$24.000
7501003150431,DOÑA MARIA MOLE PARA SERVIR 540GR,CANASTA BASICA,$16.000,$20.000
7501006530285,MERMELADA DE FRESA DEL MONTE 270GR,CANASTA BASICA,$14.000,$17.000
7501003340139,MAYONESA MCCORMICK  390GR,CANASTA BASICA,$38.830,$47.000
7501017043354,MAYONESA CON CHIPOTLE LA COSTEÑA 330GR,CANASTA BASICA,$22.000,$26.000
7501017035038,MAYONESA REAL LA COSTEÑA 740GR,CANASTA BASICA,$35.000,$40.000
7501003335012,MOSTAZA MCCORMICK 115GR,CANASTA BASICA,$8.000,$10.000
7501003340115,MAYONESA MCCORMICK 105GR,CANASTA BASICA,$14.170,$20.000
7501003340122,MAYONESA MCCORMICK 190GR,CANASTA BASICA,$22.290,$30.000
7501032601744,VITA LECHE ENTERA 1 LT,CANASTA BASICA,$0.000,$13.500
12155,CANELA PZA,CANASTA BASICA,$4.333,$7.000
7503002190012,ACEITE OLIVO NAVARRA 45ML,CANASTA BASICA,$0.000,$10.000
7501069210223,HARINA HOT CAKES TRES ESTRELLAS 1 KG,CANASTA BASICA,$29.300,$40.000
7501003335029,MCCORMICK MOSTAZA 210GR,CANASTA BASICA,$0.000,$28.000
7501001030117,ROYAL POLVO PARA HORNEAR 110GR,CANASTA BASICA,$18.823,$26.000
7501003312020,MCCORMICK ADEREZO RANCH 230ML,CANASTA BASICA,$0.000,$5.000
7500829000067,FRIJOL ABETO FLOR DE MAYO 1 KG,CANASTA BASICA,$0.000,$34.000
205,FRIJOLES A GRANEL KG,CANASTA BASICA,$0.000,$12.000
94331421313,OATS AVENA GRANVITA 400GR,CANASTA BASICA,$0.000,$20.000
7501052470559,ADEREZO CLEMENTE JACQUES DIOSA AZTECA 237 ML,CANASTA BASICA,$0.000,$0.000
7501052470085,ADEREZO CLEMENTE JACQUES RANCH 237 ML,CANASTA BASICA,$0.000,$15.000
7501696252627,ACEITE EL OLIVO PURO 45ML,CANASTA BASICA,$5.783,$10.000
202,SABORIZANTE VAINILLA SAN LUCAS 45 ML,CANASTA BASICA,$2.817,$7.000
7506306311527,MAYONESA REDUCIDA HELLMANN`S 190GR,CANASTA BASICA,$0.000,$20.000
7501052474335,MERMELADA DE FRAMBUESA CLEMENTE JACQUES 270GR,CANASTA BASICA,$0.000,$20.000
7501052474144,MERMELADA DE CHABACANO CLEMENTE JACQUES 270GR,CANASTA BASICA,$0.000,$16.000
7501052474151,MERMELADA DE CHABACANO CLEMENTE JACQUES 470GR,CANASTA BASICA,$0.000,$8.000
7501047621003,ARROZ EL MEXICANO 1 KG,CANASTA BASICA,$0.000,$16.000
02067,HUEVO A GRANEL KG,CANASTA BASICA,$42.200,$52.000
7501052470016,ADEREZO CLEMENTE JACQUES CESAR 237 ML,CANASTA BASICA,$29.000,$38.000
7501052470061,ADEREZO CLEMENTE JACQUES MIL ISLAS 237 ML,CANASTA BASICA,$24.000,$39.000
7501052470030,ADEREZO CLEMENTE JACQUES A LA ITALIANA 237 ML,CANASTA BASICA,$0.000,$11.000
7501017005093,MERMELADA DE FRESA LA COSTEÑA 270GR,CANASTA BASICA,$0.000,$18.000
7501003184078,MIEL CARLOTA 100% PURA 300GR,CANASTA BASICA,$47.080,$69.000
7501083100012,VINAGRE DE CAÑA BARRILITO 750ML,CANASTA BASICA,$0.000,$15.000
7501083100036,VINAGRE MANZANA BARRILITO 750ML,CANASTA BASICA,$16.750,$23.000
7501083100029,VINAGRE BLANCO BARRILITO 750ML,CANASTA BASICA,$10.540,$15.000
7501761810394,QUAKER AVENA 3 MINUTOS 400GR,CANASTA BASICA,$0.000,$25.000
074323083644,CAJETA VAINILLA 370GR CORONADO,CANASTA BASICA,$0.000,$35.000
074323083651,CAJETA QUEMADA 370GR CORONADO,CANASTA BASICA,$0.000,$44.000
074323083620,CAJETA ENVINADA CORONADO 370GR,CANASTA BASICA,$0.000,$44.000
7502223775008,MAPLE KARO 250ML,CANASTA BASICA,$0.000,$26.000
7501003390288,ACEITUNAS DESHUESADAS BUFALO 1750GR,CANASTA BASICA,$0.000,$16.000
7501017006458,ACEITUNAS SIN HUESO LA COSTEÑA  185GR,CANASTA BASICA,$0.000,$14.000
7501668802010,MAIZ PALOMERO BOLSA 250GR,CANASTA BASICA,$6.200,$8.000
7501668802034,LENTEJAS ABETO 250GR,CANASTA BASICA,$0.000,$10.000
7501761869156,HARINA PARA HOTCAKES GAMESA 850GR,CANASTA BASICA,$0.000,$57.000
7501018316006,LA MODERNA HARINA TRIGO 1 KG,CANASTA BASICA,$16.700,$20.000
7501069214030,HARINA DE TRIGO TRES ESTRELLAS 1 KG,CANASTA BASICA,$17.700,$15.000
7501077400050,HARINA DE MAIZ MASECA 1 KG,CANASTA BASICA,$18.650,$23.000
06011,SUSTITUTO DE AZUCAR SPLENDA SOBRE,CANASTA BASICA,$0.000,$0.500
02066,AZUCAR ESTANDAR 1KG,CANASTA BASICA,$17.600,$23.000
034587030013,SAL LA FINA 1 KG,CANASTA BASICA,$14.720,$20.000
7501071301452,ARROZ SUPER EXTRA VERDE VALLE 1KG,CANASTA BASICA,$32.650,$40.000
7501111105309,ARROZ SOS SUPER EXTRA LARGO 1.1KG,CANASTA BASICA,$0.000,$31.000
7501111105675,ARROZ SOS GRUESO SUPER EXTRA 1KG,CANASTA BASICA,$0.000,$31.000
7502223772250,ACEITE CAPULLO 840ML,CANASTA BASICA,$54.000,$55.000
7501048100163,ACEITE CRISTAL 1 LT,CANASTA BASICA,$37.080,$53.000
7501048100200,ACEITE CRISTAL 500ML,CANASTA BASICA,$19.150,$25.000
7501039122846,ACEITE NUTRIOLI 800ML,CANASTA BASICA,$36.960,$50.000
75005443,ACEITE 1-2-3 500ML,CANASTA BASICA,$19.125,$26.000
75002343,ACEITE 1-2-3 1 LT,CANASTA BASICA,$34.000,$53.000
7502273851523,CLIPPER ENCENDEDOR REUSABLE,CERILLOS Y ENCENDEDORES,$0.000,$20.000
75025120,TALISMAN CERILLOS 50PZAS,CERILLOS Y ENCENDEDORES,$0.000,$3.000
75025168,FLAMA CERILLOS 32 PZ,CERILLOS Y ENCENDEDORES,$0.000,$4.000
3086126788722,ENCENDEDOR BIC,CERILLOS Y ENCENDEDORES,$0.000,$10.000
75058883,CERILLOS JAGUARES EXTRA DE LUJO,CERILLOS Y ENCENDEDORES,$1.000,$3.000
3086123397859,ENCENDEDOR BIC MAXI,CERILLOS Y ENCENDEDORES,$15.458,$22.000
729208243186,ENCENDEDOR FLAMA PZ,CERILLOS Y ENCENDEDORES,$0.000,$8.000
7501086107087,ENCENDEDOR TOKAY PZ,CERILLOS Y ENCENDEDORES,$4.600,$10.000
75036546,CERILLOS MANOLA,CERILLOS Y ENCENDEDORES,$1.417,$2.000
3086123397835,ENCENDEDOR BIC,CERILLOS Y ENCENDEDORES,$8.391,$10.000
1019,ENCENDEDOR CON IMAGEN,CERILLOS Y ENCENDEDORES,$6.000,$6.000
7501232002303,CERILLOS FLAMA,CERILLOS Y ENCENDEDORES,$5.740,$8.000
75036553,CERILLOS PZ,CERILLOS Y ENCENDEDORES,$0.000,$3.000
7501086106899,ENCENDEDOR TOKAI,CERILLOS Y ENCENDEDORES,$4.160,$8.000
7501055332175,COCA COLA 355ML,COCA COLA,$0.000,$14.000
75034917,COCA COLA 200ML,COCA COLA,$0.000,$8.000
021136010626,TOPO CHICO AGUA MINERAL NATURAL 750 ML,COCA COLA,$0.000,$22.000
7501055356928,DEL VALLE DURAZNO 237 ML,COCA COLA,$0.000,$14.000
7501055356898,DEL VALLE MANGO 237 ML,COCA COLA,$0.000,$14.000
7501055374120,FRESCA RETORNABLE 355ML,COCA COLA,$0.000,$13.000
7501055384976,DEL VALLE SELECCION SABOR GUAYABA 500ML,COCA COLA,$0.000,$16.000
7501055373901,SPRITE SIN AZUCAR 355ML,COCA COLA,$0.000,$12.000
7501055376827,SIDRAL MUNDET MANZANA LIGHT 355ML,COCA COLA,$0.000,$12.000
021136016185,COCA COLA TOPO CHICO TWIST TORONJA 600ML,COCA COLA,$0.000,$20.000
021136110180,COCA COLA TOPO CHICO TWIST LIMON 600ML,COCA COLA,$0.000,$20.000
7501055376810,FANTA DE NARANJA SIN AZUCAR 355ML,COCA COLA,$0.000,$10.000
7501055385119,SIDRAL MUNDET LITH 330ML,COCA COLA,$0.000,$15.000
7501055386147,OREO COCA COLA SIN AZUCAR 355ML,COCA COLA,$0.000,$19.000
0070847897637,MONSTER ULTRA PEACHY KEEN 473ML,COCA COLA,$31.000,$38.000
7501055329946,YOLI LIMON 2LT,COCA COLA,$0.000,$25.000
7501055303885,FRESCA TORONJA 2 LT,COCA COLA,$0.000,$29.000
7501055366316,SPRITE SIN AZUCAR LIMA LIMON 600ML,COCA COLA,$0.000,$18.000
7501055320660,COCA COLA PET SIN AZUCAR 2 LT,COCA COLA,$25.250,$29.000
7501055385515,SPRITE ICE SIN AZÚCAR 600 ML,COCA COLA,$14.000,$18.000
7501055305681,GARRAFON CIEL 20LT,COCA COLA,$50.000,$61.000
7501055379538,DEL VALLE FIZZ LIMONADA 2L,COCA COLA,$19.250,$23.000
7500155386215,COCA COLA MARVEL EDICIÓN LIMITADA,COCA COLA,$14.500,$18.000
0815154025621,PREDATOR ENERGY TROPICAL STORM 473ML,COCA COLA,$0.000,$18.000
7501055378319,AGUA CIEL NATURAL 1.38 LT,COCA COLA,$5.530,$15.000
0070847036715,MONSTER ULTRA PARADISE 473ML,COCA COLA,$0.000,$38.000
0070847036005,MONSTER LO-CARB 473ML,COCA COLA,$31.000,$38.000
0070847036272,MONSTER MANGO LOCO 473ML,COCA COLA,$31.000,$38.000
0070847890300,MONSTER PEACH NECTARINE 473ML,COCA COLA,$0.000,$38.000
7501055356256,COCA COLA SIN AZUCAR  355ML,COCA COLA,$8.333,$10.000
7501055320158,FRESCA TORONJA SIN AZUCAR 2 LT,COCA COLA,$19.250,$29.000
7501055329359,POWERADE DE UVA 500 ML,COCA COLA,$0.000,$23.000
0070847896753,MONSTER ZERO SUGAR 473ML,COCA COLA,$27.900,$35.000
7501055367498,COCA COLA CON CAFE 235 ML,COCA COLA,$16.000,$0.000
7501055382750,MUNDET PIÑA 250 ML,COCA COLA,$0.000,$7.000
7501055379941,FRESCA FUSION 2LT,COCA COLA,$0.000,$29.000
7501055339853,MUNDET PIÑA 2 LT,COCA COLA,$19.250,$25.000
7501055327300,AMEYAL FRESA KIWI 600ML,COCA COLA,$14.000,$19.000
7501055374427,FUZETEA TE NEGRO LIMON 2 LT,COCA COLA,$24.250,$26.000
7501055368587,COCA COLA SIN AZUCAR RET. 2.5LT,COCA COLA,$20.375,$25.000
7501055375318,DEL VALLE FRUT GUAYABA 1.35 LT,COCA COLA,$19.250,$25.000
7501055379927,FRESCA FUSION 600ML,COCA COLA,$14.000,$19.000
7501055375325,VALLE FRUT CITRICOS 1.35 LT,COCA COLA,$19.250,$25.000
7501055302246,SPRITE LIMON 355ML,COCA COLA,$8.750,$10.000
7503033076859,CIFRUT CITRUS PUNCH 300ML,COCA COLA,$3.009,$7.000
7501055381876,FLASHLYTE COCO LIMON 625ML,COCA COLA,$0.000,$20.000
7501055300181,FANTA NARANJA 355ML,COCA COLA,$8.749,$16.000
7501055343263,SIDRAL MUNDET MANZANA 355ML,COCA COLA,$8.749,$10.000
7501055380862,DEL VALLE FRUT MANDARINA 600ML,COCA COLA,$0.000,$19.000
7501055334001,DEL VALLE MEGALATA MANGO  453 ML,COCA COLA,$14.333,$20.000
7501055358885,FUZETEA TE NEGRO LIMON 600ML,COCA COLA,$15.833,$18.000
7501055379521,DEL VALLE FIZZ LIMONADA 600ML,COCA COLA,$12.333,$19.000
7501055310777,POWERADE MORAS 600ML,COCA COLA,$0.000,$25.000
7501055363162,SIDRAL MUNDET LATA 355ML,COCA COLA,$14.167,$18.000
7501055382590,DEL VALLE FIZZ LIMONADA 235 ML,COCA COLA,$0.000,$8.000
7501055382606,DEL VALLE FIZZ NARANJADA 235 ML,COCA COLA,$0.000,$7.000
7501055380886,VALLE FRUT MANDARINA 2 LT,COCA COLA,$7.500,$29.000
7501055371211,FRESCA TORONJA RETORNABLE 500ML,COCA COLA,$9.625,$11.000
7501055371082,FANTA NARANJA RETORNABLE 500ML,COCA COLA,$9.625,$11.000
070847894230,MONSTER ENERGY ULTRA WATERMELON,COCA COLA,$31.000,$38.000
070847036043,MONSTER ENERGY ZERO ULTRA,COCA COLA,$31.000,$38.000
7501055304004,COCA COLA DESECHABLE 2.25 LT,COCA COLA,$36.250,$41.000
7501055377022,SENZAO GUARANA 2 LT,COCA COLA,$25.500,$29.000
7501055335961,DEL VALLE MANGO MINIBRICK 250ML,COCA COLA,$0.000,$11.000
7501055371723,SIDRAL MUNDET MANZANA 1.35 LT,COCA COLA,$23.637,$20.000
7501055379910,FRESCA FUSION LATA 235ML,COCA COLA,$4.000,$8.000
7501055381371,DEL VALLE SELECCION GUAYABA 500 ML,COCA COLA,$12.000,$15.000
7501055368631,FRESCA TORONJA RETORNABLE 2 LT,COCA COLA,$0.000,$22.000
7501055379491,DEL VALLE FIZZ NARANJADA 2 LT,COCA COLA,$0.000,$25.000
7501055362585,FANTA NARANJA LATA 355ML,COCA COLA,$14.167,$17.000
7501055363186,SPRITE LATA LIMA-LIMON 355ML,COCA COLA,$14.167,$17.000
7501055365470,FRESCA TORONJA LATA 355ML,COCA COLA,$14.167,$17.000
7501055361557,COCA COLA LATA SIN AZUCAR 355ML,COCA COLA,$16.833,$17.000
7503037623783,CITRUS PUNCH LATON 473ML,COCA COLA,$0.000,$15.000
7501055379484,DEL VALLE FIZZ NARANJADA 600ML,COCA COLA,$12.333,$19.000
7501055380749,POWERADE MANGO TROPICAL,COCA COLA,$0.000,$29.000
7501055321919,CIEL NATURAL SIFON 1.75 LT,COCA COLA,$23.500,$28.000
7501055383757,FUZE TEA CITRICOS LIMON 600ML,COCA COLA,$14.333,$18.000
7501055379118,SIDRAL MUNDET PRISCO DURAZNO 2 LT,COCA COLA,$19.250,$24.000
7501055337033,AGUA CIEL NATURAL 2 LT,COCA COLA,$13.050,$18.000
7501055305230,FANTA FRESA 600ML,COCA COLA,$14.000,$19.000
7501055317684,POWERADE DE LIMA LIMON 1 LT,COCA COLA,$0.000,$32.000
7501055305650,SPRITE LIMA-LIMON 2 LT,COCA COLA,$25.500,$24.000
021136010541,TOPO CHICO 600 ML,COCA COLA,$17.500,$20.000
021136010480,TOPO CHICO AGUA MINERAL 1.5LT,COCA COLA,$26.330,$32.000
7501055329373,POWER ADE,COCA COLA,$0.000,$29.000
7501055381364,DEL VALLE SELECCIÓN MANGO 500 ML,COCA COLA,$12.000,$16.000
7501055334018,DEL VALLE MEGALATA DURAZNO 453 ML,COCA COLA,$14.333,$20.000
7501055304721,AGUA CIEL NATURAL 1.5 LT,COCA COLA,$7.920,$16.000
7501055376674,AMEYAL  FRESA KIWI 600ML,COCA COLA,$15.750,$19.000
7501055302000,FRESCA DE LATA 355 ML,COCA COLA,$0.000,$12.000
7501055376681,AMEYAL SABOR FRESA KIWI 2LT,COCA COLA,$21.000,$25.000
7501055307906,CIEL AGUA NATURAL 600ML,COCA COLA,$8.300,$10.000
7501055363384,COCA COLA 750 ML,COCA COLA,$15.000,$15.000
7501055372263,FANTA MISTERIO 600 ML,COCA COLA,$13.000,$19.000
7501055335060,COCA COLA 2.75 LT,COCA COLA,$39.750,$45.000
7501055349234,COCA COLA SIN AZUCAR 300 ML,COCA COLA,$8.830,$10.000
7501055321681,COCA COLA SIN AZUCAR 2.5 LT,COCA COLA,$25.000,$25.000
32416796,AGUA CIEL NATURAL 20 LT,COCA COLA,$50.000,$62.000
15421465,GARRAFON CIEL CON TODO Y LIQUIDO 20LT,COCA COLA,$70.000,$140.000
123456,IMPORTE DE ENVASES RETORNABLES,COCA COLA,$10.000,$10.000
7501055368600,SIDRAL MUNDET RETORNABLE 2.5 LT,COCA COLA,$19.438,$19.000
7501055368594,FANTA DE NARANJA RET. 2.5LT,COCA COLA,$19.000,$19.000
7501055368617,VALLE FRUT RETORNABLE 2.5 LT,COCA COLA,$20.125,$19.000
7501055349401,COCA COLA LATA 235ML,COCA COLA,$9.000,$9.000
7501055304691,DELAWARE PUNCH SABOR UVA 2 L,COCA COLA,$22.000,$28.000
7501055368136,COCA COLA LA FLACA RET 235 ML,COCA COLA,$8.833,$11.000
7501055317653,POWERADE DE MORAS 1 LT,COCA COLA,$25.000,$32.000
7501055317660,POWERADE FRUTAS 1 L,COCA COLA,$25.000,$32.000
7501055370757,SIDRAL MUNDET SABOR AUTENTICO,COCA COLA,$18.000,$19.000
7501055364077,MUNDET MANZANA DURAZNO 2 LT,COCA COLA,$19.250,$25.000
7501055367412,MUNDET PERA 2 LT,COCA COLA,$19.250,$25.000
7501055365135,MUNDET MANDARINA 2 L,COCA COLA,$19.250,$24.000
7501055371655,COCA COLA 1.35 LT,COCA COLA,$25.666,$31.000
070847035916,MONSTER ENERGY NET 473 ML,COCA COLA,$31.000,$38.000
7501055356737,DEL  VALLE  NECTAR  CLARIFICADO DE  MANZANA 946 ML,COCA COLA,$21.333,$27.000
7501055371099,SIDRAL MUNDET LATA 473 ML,COCA COLA,$10.000,$10.000
001010,ENVASE COCA COLA RET. 3 LT,COCA COLA,$32.000,$10.000
7501055301300,COCA COLA RET. 2 LT,COCA COLA,$22.000,$22.000
7501055328345,COCA COLA 400ML,COCA COLA,$13.250,$15.000
7501055359776,SANGRIA MUNDET 2 LT,COCA COLA,$22.000,$26.000
7501055302925,COCA COLA 2 LT,COCA COLA,$18.000,$29.000
7501055313006,AGUA CIEL NATURAL 10LT,COCA COLA,$36.000,$45.000
7501055308323,CIEL MINERALIZADA 355ML,COCA COLA,$8.000,$10.000
7501055302451,COCA COLA 1 LT,COCA COLA,$15.000,$25.000
7501055318513,FANTA TUTI-FRUTI 2 LT,COCA COLA,$18.000,$20.000
7501055302277,FANTA PIÑA 2 LT,COCA COLA,$18.000,$20.000
7501055302260,FANTA UVA 2 LT,COCA COLA,$18.000,$20.000
7501055308613,FANTA MANDARINA 2 LT,COCA COLA,$16.000,$20.000
7501055348763,CIEL MINERALIZADA 2.5 LT,COCA COLA,$18.000,$18.000
7501055351220,LIMON&NADA VALLE 2 LT,COCA COLA,$18.000,$18.000
7501055351244,NARANJA&NADA 2 LT,COCA COLA,$18.000,$18.000
7501055346707,CIEL MINERALIZADA 1 LT,COCA COLA,$14.000,$14.000
7501055360901,CIEL EXPRIM COCO+FRAMBUESA 1.2 LT,COCA COLA,$12.000,$12.000
7501055332083,DEL VALLE ANTIOX MANZANA CON ARANDANO 1 LT,COCA COLA,$22.167,$31.000
7501055333868,DEL VALLE NECTAR MANZANA 1 LT,COCA COLA,$22.167,$29.000
7501055330683,VALLE FRUT CITRICOS 600ML,COCA COLA,$14.000,$19.000
7501055342716,VALLE FRUT GUAYABA 600ML,COCA COLA,$13.480,$19.000
7501055329328,POWERADE LIMA-LIMON 500ML,COCA COLA,$14.000,$23.000
7501055329380,POWERADE NARANJA 500ML,COCA COLA,$17.500,$23.000
7501055343447,DEL VALLE FRUT GUAYABA 355ML,COCA COLA,$8.333,$5.000
7501055343355,AGUA CIEL NATURAL 1.2 LT,COCA COLA,$11.000,$11.000
7501055353941,CIEL EXPRIM JAMAICA 1.2 LT,COCA COLA,$12.000,$12.000
7501055328390,COCA COLA SIN AZUCAR 400ML,COCA COLA,$5.000,$6.000
7501055360871,CIEL EXPRIM COCO+FRAMBUESA 355ML,COCA COLA,$5.000,$5.000
7501055329267,POWERADE MORAS 500ML,COCA COLA,$17.500,$23.000
7501055303779,FANTA NARANJA 600ML,COCA COLA,$14.000,$19.000
7501055351237,NARANJA&NADA 600ML,COCA COLA,$11.000,$11.000
7501055329915,YOLI LIMON 600ML,COCA COLA,$14.000,$19.000
7501055359769,SANGRIA MUNDET 600ML,COCA COLA,$14.000,$15.000
7501055349906,COCA COLA SIN AZUCAR LATA 235ML,COCA COLA,$5.000,$5.000
7501055365395,COCA COLA 355ML LATA LIGHT,COCA COLA,$16.833,$18.000
75009809,COCA COLA 500ML,COCA COLA,$15.042,$16.000
7501055361540,COCA COLA LATA 355 ML,COCA COLA,$17.666,$20.000
7501055342198,DEL VALLE FRUT NARANJA 355ML,COCA COLA,$8.333,$11.000
7501055341344,COCA COLA 355ML,COCA COLA,$8.000,$15.000
7501055310883,CIEL AGUA NATURAL 1 LT,COCA COLA,$8.265,$10.000
7501005102681,ADES MANGO 946ML,COCA COLA,$18.000,$32.000
7501055337507,VALLE FRUT MANZANA 2 LT,COCA COLA,$24.500,$29.000
7501055330461,VALLE FRUT CITRICOS 2 LT,COCA COLA,$24.500,$29.000
7501055317677,POWERADE NARANJA 1 LT,COCA COLA,$25.000,$32.000
7501055358892,FUZETEA TE VERDE LIMON 600ML,COCA COLA,$15.833,$18.000
7501055317875,FUZETEA TE NEGRO DURAZNO 600ML,COCA COLA,$15.833,$18.000
7501055329298,POWERADE FRUTAS 500ML,COCA COLA,$17.500,$23.000
7501055358670,FUZETEA TE VERDE 413ML,COCA COLA,$0.000,$12.000
7501055358656,FUZETEA TE NEGRO 413ML,COCA COLA,$0.000,$10.000
7501055342723,VALLE FRUT GUAYABA 1.5 LT,COCA COLA,$0.000,$15.000
757528032753,GUMMY YUMMY 90GR VIPERS,COCA COLA,$0.000,$15.000
7501022012765,LIMONADA LIMON 2 LT,COCA COLA,$0.000,$23.000
7501055304806,SPRITE LIMON 3 LT,COCA COLA,$33.250,$38.000
7501055304813,FRESCA TORONJA 3 LT,COCA COLA,$34.250,$38.000
7501055310227,COCA COLA RET. 2.5 LT,COCA COLA,$30.000,$34.000
7501055313068,COCA COLA RET. 3 LT,COCA COLA,$33.666,$38.000
7501055304790,FANTA NARANJA 3 LT,COCA COLA,$32.750,$38.000
7501055340422,SIDRAL MUNDET MANZANA 3 LT,COCA COLA,$34.250,$38.000
7501055330812,VALLE FRUT CITRICOS 3 LT,COCA COLA,$34.250,$39.000
7501055305360,COCA COLA LIGHT 2 LT,COCA COLA,$32.375,$28.000
7501055308330,SENZAO GUARANA 600ML,COCA COLA,$16.666,$19.000
7501055311453,SPRITE ZERO 600ML,COCA COLA,$0.000,$0.000
7501055355310,COCA COLA 250 ML,COCA COLA,$10.583,$12.000
7501055354672,COCA COLA VID. 235ML,COCA COLA,$13.354,$16.000
7501055349982,SIDRAL MUNDET 235ML,COCA COLA,$0.000,$0.000
7501055371075,SIDRAL MUNDET MANZANA 355ML,COCA COLA,$12.250,$14.000
7501055300341,SPRITE LATA 355ML,COCA COLA,$0.000,$15.000
7501055345014,MUNDET PRISCO 600 ML,COCA COLA,$14.000,$19.000
7501055339983,SIDRAL MUNDET 600ML,COCA COLA,$16.669,$19.000
7501055340040,SIDRAL MUNDET LIGHT 600ML,COCA COLA,$0.000,$11.000
7501055352104,NARANJA&NADA VALLE 355ML,COCA COLA,$0.000,$3.000
7501055303465,DELAWARE PUNCH 355ML,COCA COLA,$0.000,$5.000
7501055340002,SIDRAL MUNDET MANZANA 2 LT,COCA COLA,$25.375,$25.000
7501055313532,COCA COLA 1.750 LT,COCA COLA,$31.875,$36.000
7501055340057,SIDRAL MUNDET LIGHT 2 LT,COCA COLA,$0.000,$15.000
7501055329465,COCA COLA SIN AZUCAR 3 LT,COCA COLA,$37.600,$42.000
7501055304745,COCA COLA 3 LT DESECHABLE,COCA COLA,$38.000,$43.000
7501055300952,COCA COLA RET. 1.25 LT,COCA COLA,$22.125,$25.000
7501055300075,COCA COLA LATA 355ML,COCA COLA,$16.833,$15.000
7501055308248,CIEL MINERAL 600ML,COCA COLA,$11.250,$16.000
7501055342730,VALLE FRUT GUAYABA 2 LT,COCA COLA,$24.500,$29.000
7501055359486,COCO&NADA VALLE 600ML,COCA COLA,$0.000,$11.000
7501055351213,LIMON&NADA VALLE 600ML,COCA COLA,$0.000,$11.000
7501055337415,VALLE FRUT UVA 600ML,COCA COLA,$0.000,$19.000
7501055343546,SIDRAL MUNDET RET. 500ML,COCA COLA,$9.625,$11.000
7501055304653,DELAWARE PUNCH UVA 600ML,COCA COLA,$17.669,$19.000
7501055339990,SIDRAL MUNDET 1 LT,COCA COLA,$0.000,$17.000
7501055305346,COCA COLA 1 LT LIGHT,COCA COLA,$23.833,$26.000
7501055320646,COCA COLA SIN AZUCAR 1 LT,COCA COLA,$0.000,$16.000
7501055337477,VALLE FRUT MANZANA 600ML,COCA COLA,$0.000,$19.000
7501055303786,FRESCA TORONJA 600ML,COCA COLA,$16.666,$19.000
7501055305629,SPRITE LIMON 600ML,COCA COLA,$15.750,$19.000
070847003656,MONSTER ENERGY 473ML,COCA COLA,$31.000,$38.000
75004699,COCA COLA RET. 500ML,COCA COLA,$13.480,$15.000
7501055305339,COCA COLA 600ML LIGHT,COCA COLA,$17.669,$20.000
75007614,COCA COLA 600ML,COCA COLA,$15.833,$20.000
7501055342679,VALLE FRUT MANGO 600ML,COCA COLA,$0.000,$19.000
7501055320639,COCA COLA SIN AZUCAR 600 ML,COCA COLA,$12.400,$15.000
7501043700504,MADRILEÑA JARABE NARURAL,COCTEL Y JARABES,$0.000,$71.000
7506192510325,KOOL MANGO SPICY 355 ML,COCTEL Y JARABES,$17.500,$20.000
7501772803859,KOSAKO VODKA DURAZNO 1 LT,COCTEL Y JARABES,$0.000,$50.000
7501772803927,KOSAKO VODKA FRUTOS ROJOS 600ML,COCTEL Y JARABES,$28.500,$33.000
7501035010321,SPERRYS BRANDY ALEXANDER 750 ML,COCTEL Y JARABES,$131.000,$173.000
744607002707,NEW MIX VAMPIRO 473 ML,COCTEL Y JARABES,$24.167,$33.000
7501043700603,MADRILEÑA JARABE GRANADINA 1 LT,COCTEL Y JARABES,$40.000,$71.000
7501035010352,SPERRYS MEDIAS DE SEDA 750ML,COCTEL Y JARABES,$131.000,$171.000
089540468655,RON MALIBU 750ML,COCTEL Y JARABES,$155.000,$328.000
3245995960015,HENNESSY COGNAC VS 700ML,COGNAC,"$1,005.000","$1,005.000"
3024482270109,COGNAC REMY MARTIN V.S.O.P. 700ML,COGNAC,$800.000,"$1,061.000"
3245990969419,COGNAC HENNESSY V.S.O.P. 700ML,COGNAC,$950.000,"$1,493.000"
080432403730,MARTELL V.S.O.P. MEDALLON 700ML,COGNAC,$800.000,"$1,205.000"
080432112397,MARTELL V.S. 700ML,COGNAC,$600.000,$696.000
3049197210776,COGNAC COURVOISIER V.S.O.P. 700ML,COGNAC,$850.000,$756.000
3049197110076,COGNAC COURVOISIER V.S. 700ML,COGNAC,$500.000,$588.000
7506443105843,DANONE DANETTE FLAN SNIKERS 200 GR,DANONE,$0.000,$12.000
75036409,DANONE DANETTE GELATINA VAINILLA 100 GR,DANONE,$0.000,$12.000
7506443107724,DANONE DANUP PINA COCO 170 GR,DANONE,$0.000,$11.000
74827472,DANONE YAKULT 76 ML,DANONE,$0.000,$8.000
7506443108172,DANONE MANTEQUILLA SIN SAL 90GR,DANONE,$0.000,$20.000
8000500373798,FERRERO ROCHER CHOCOLATE CON AVELLANAS 125GR,DANONE,$0.000,$160.000
7506443108462,DNP MANGO CHAMOY 220GR,DANONE,$0.000,$17.000
7506443107588,DANETTE FLAN SABOR MILKY WAY,DANONE,$0.000,$11.000
7506443108424,DAN MIX M&M'S 110GR,DANONE,$0.000,$20.000
75034009,DANETTE NATILLA VAINILLA 100GR,DANONE,$0.000,$15.000
75030896,DANETTE NATILLA CHOCOLATE 100GR,DANONE,$0.000,$15.000
7506443106000,DANONE YOGURT BEBIBLE PIÑA COCO 220ML,DANONE,$0.000,$17.000
7506443108219,"DANONE LICUADO QUAKER PLATANO, CANELA CON AVENA 435GR",DANONE,$0.000,$25.000
7506443108028,GRIEGO ENDULZADO 130GR,DANONE,$16.300,$18.000
7501032300081,DANONE LICUADO FRUTOS ROJOS CON TRIGO 435GR,DANONE,$18.700,$0.000
7506443107748,DANONE GRIEGO FRESA 120 gr,DANONE,$9.700,$13.000
7501032300098,DANONE LICUADO NUEZ CON CEREAL 435 GR,DANONE,$18.700,$25.000
7501032300043,DANONE GRIEGO ENDULZADO 650G,DANONE,$40.500,$45.000
7506443107663,DANONE GRIEGO ENDULZADO 120G,DANONE,$9.700,$6.000
7506443107700,DANONE FRESA MORA  179 GR,DANONE,$8.910,$11.000
7506443102705,OIKOS GRIEGO CON COCO 125G,DANONE,$12.200,$15.000
80050117,HUEVO KINDER ROSA 20G,DANONE,$18.380,$24.000
7506443102354,DANY POUCH UVA 125G,DANONE,$11.600,$15.000
7501032300319,DANMIX HERSHEYS 110 G.,DANONE,$18.100,$22.000
7506443102699,OIKOS GRIEGO FRESA 125 G.,DANONE,$12.200,$15.000
7501032398637,DNUP CREMA Y GALLETAS,DANONE,$13.600,$16.000
7501032300128,DNP DANONE FRESA 435G,DANONE,$18.600,$22.000
7501032300111,DNUP PIÑA-COCO 435G,DANONE,$18.600,$22.000
7501032300302,YOGURT M&M`S VAINILLA 110G,DANONE,$16.400,$21.000
7898024397915,NUTELLA B-READY 22G,DANONE,$11.102,$15.000
8000500409497,KINDER DELICE COCO 39G,DANONE,$11.988,$15.000
5410156464,KINDER BUENO MINI,DANONE,$3.168,$5.000
80883531,TIC TAC SABOR FRUTAS 14.5 G,DANONE,$7.540,$11.000
80941385,TIC TAC SABOR FRESA 14.5 G,DANONE,$7.540,$11.000
50644310174,DANONINO PROBIOTICOS 80GR,DANONE,$7.000,$7.000
7501032398484,DANONE DURAZNO 220 G,DANONE,$12.800,$16.000
7501032398385,DANONE NATURAL ENDULZADO 900 G,DANONE,$32.000,$32.000
7501032398392,DANONE SIN TROZOS 900 G,DANONE,$32.000,$36.000
7506443104792,DNP DESLACTOSADO DE FRESA 275 G,DANONE,$13.500,$13.500
75012533,DANETTE FLAN DE VAINILLA 200 G,DANONE,$8.400,$11.000
7501032399665,DANONE FRUTA SELECTA DE DURAZNO 120G,DANONE,$5.000,$5.000
7506443105171,DANONE NATURAL ENDULZADO 120 G,DANONE,$5.000,$5.000
7501032398873,DANONE YOGHURT CON MANZANA 120 G,DANONE,$6.000,$5.000
7501032398842,DANONE YOGHURT CON FRESA 120 G,DANONE,$6.000,$5.000
7506443102309,ACTIVIA CHIA FRUTOS ROJOS 220 G,DANONE,$13.000,$13.000
7506443104518,DANONINO COOKIES AND CREAM 170 G,DANONE,$9.000,$9.000
7506443104525,DANONINO COOKIES AND CREAM 90 G,DANONE,$5.500,$5.500
80050315,KINDER CHOCOLATE BARRITA 12.5 G,DANONE,$5.562,$7.000
75009076,GELATINA DANY FRESA 125 GR,DANONE,$8.000,$10.000
7506443101968,YOGHURT M Y M SABOR VAINILLA  Y CHOCOLATES 110 G,DANONE,$18.000,$18.000
7501032335052,DANONINO VASO GRANDE DE FRESA  DE 45 G,DANONE,$7.000,$7.000
7501032397944,DANONINO  VASO CHICO DE 168 G,DANONE,$4.800,$6.000
7501032397906,DNNUP DE FRESA 350G,DANONE,$16.200,$22.000
7501032399610,GELATINA DANY 100 G,DANONE,$5.000,$9.000
7506443100473,DANY POUCH LIMON 125GR,DANONE,$11.600,$15.000
7506443100466,DANY POUCH FRESA 125GR,DANONE,$11.300,$15.000
7501032398491,DANONE YOGURT MANZANA 220GR,DANONE,$12.666,$16.000
15124,HUEVO KINDER PZA,DANONE,$17.620,$24.000
7501032395933,DANONE DANONINO BEBIBLE FRESA 90GR,DANONE,$7.400,$9.000
7501032399313,LICUADERIA DANONE PLATANO Y AMARANTO 390GR,DANONE,$15.000,$18.500
7501032395230,DANONE MIX MANZANA CON FRUTI-AROS  143GR,DANONE,$12.200,$15.000
7501032399412,DANONE PRECIO ESPECIAL 2 PZAS + OREO,DANONE,$15.000,$18.000
7501032399351,LICUADERIA DANONE PAPAYA Y CEREALES 390GR,DANONE,$15.000,$18.500
7501032398101,ACTIVIA DANONE MANZANA Y LINAZA 225GR,DANONE,$8.000,$10.000
7501032398095,ACTIVIA DANONE MANGO Y AVENA 225GR,DANONE,$8.000,$10.000
78603752,TIC TAC NARANJA 16GR,DANONE,$7.540,$1.000
78603769,TIC TAC MENTA 16GR,DANONE,$7.540,$11.000
80050094,CHOCOLATE KINDER MAXI 21GR,DANONE,$9.601,$12.000
80052760,KINDER BUENO 43GR,DANONE,$17.740,$23.000
8000500267035,KINDER DELICE CACAO 39 GR,DANONE,$11.784,$15.000
7501032398880,DANONE YOGURT VASO FRESA 190GR,DANONE,$0.000,$0.000
7501032399078,DANONE YOGURT FRESA SIN TROZOS 410GR,DANONE,$0.000,$0.000
75036393,DANONE DANETTE FRESA 100GR,DANONE,$0.000,$0.000
75042790,DANONE DANETTE COCO 100GR,DANONE,$0.000,$0.000
7501032397845,DANONE DANONINO FRESA 70GR,DANONE,$11.300,$13.000
7501032395292,YOGURT DANONE FRESA 125GR,DANONE,$0.000,$7.000
12153,FLAN DANNETTE DANONE 200GR,DANONE,$0.000,$5.500
7501032395988,DANONE OIKOS FRUTOS VERDES 150GR,DANONE,$0.000,$26.000
7501032332020,DANONE MIX FRESA CON AZUCARADAS 143GR,DANONE,$12.200,$15.000
7501032332013,DANONE MIX FRESA CON CHOCO ARROZ 142GR,DANONE,$12.200,$15.000
12152,DANONE DANONINO VASO CHICO,DANONE,$4.800,$6.000
7501032397951,DANONE DANONINO VASO GRANDE,DANONE,$8.000,$11.000
75009090,GELATINA DANY LIMON 125 GR,DANONE,$8.000,$10.000
75026196,DANONE GELATINA DANY UVA 125GR,DANONE,$8.000,$9.000
75026202,DANONE GELATINA DANY MANDARINA 125GR,DANONE,$8.000,$10.000
75009083,GELATINA DANY PIÑA 125 GR,DANONE,$8.000,$9.000
7501032397982,DANONE LICUADO NUEZ Y CEREAL 350GR,DANONE,$0.000,$11.000
7501032398262,DANONE DNNUP FRESA 350GR,DANONE,$0.000,$10.000
7501032397968,DANONE DNNUP PIÑA COCO 350GR,DANONE,$16.200,$22.000
7506443104471,DANONE DNNUP FRESA 450GR,DANONE,$0.000,$17.000
7501032334994,DANONE DNNUP PIÑA COCO 450GR,DANONE,$0.000,$17.000
7506443105713,DANONE BENE GASTRO 240GR,DANONE,$14.200,$17.000
7501032340995,DANONE DANONINO BEBIBLE FRESA 170GR,DANONE,$8.800,$11.000
7501032398583,DANONE DNNUP FRESA 220GR,DANONE,$13.620,$17.000
7501032398606,DANONE DNNUP PIÑA-COCO 220 GR,DANONE,$13.620,$17.000
7501032398071,DANONE ACTIVIA FRESA 225GR,DANONE,$13.300,$16.000
7501032398255,DANONE ACTIVIA CIRUELA PASA 225GR,DANONE,$13.300,$16.000
7501032398200,"ACTIVIA DANONE NUEZ, PLATANO Y CEREAL 225GR",DANONE,$0.000,$10.000
7501032398217,ACTIVIA DANONE PAPAYA Y CEREALES 225GR,DANONE,$0.000,$10.000
7501032398514,DANONE YOGURT FRESA MORAS 220GR,DANONE,$0.000,$12.000
7501032398576,DANONE YOGURT FRESA 220GR,DANONE,$12.800,$16.000
7501032399542,DANONE YOGURT MANZANA 220GR,DANONE,$0.000,$12.000
7506443102712,OIKOS GRIEGO NATURAL 125 GR,DANONE,$12.200,$14.000
7501032300104,"DANONE LICUADO  FRESA, PLATANO Y CEREAL 435 GR",DANONE,$18.700,$25.000
7501030432760,PETITS CHOCOLATE 76GR,DANONE,$0.000,$10.000
7501030432784,PETITS CREMA PASTELERA 76GR,DANONE,$0.000,$10.000
7501030432777,PETITS FRUTOS ROJOS 76GR,DANONE,$0.000,$10.000
7502213347840,EL JEFE LICOR SABOR TAMARINDO PICOSO 1LT,DESTILADOS AGAVE,$0.000,$75.000
7502209310759,CHAROLA 855 PACHANGA 50 PZAS,DESTILADOS AGAVE,$0.000,$32.000
056120561,EL COMPADRITO 150 ML,DESTILADOS AGAVE,$35.000,$35.000
7502214400292,TEQUILA EL COMPADRE 1LT,DESTILADOS AGAVE,$80.000,$80.000
7501035040311,AZUL CENT. BABY MANGO 700ML,DESTILADOS AGAVE,$199.000,$227.000
7503000918441,TEQ. ORGULLLO AZUL 960ML,DESTILADOS AGAVE,$62.000,$62.000
7503001506234,RANCHO ESC. REP. 3 LT,DESTILADOS AGAVE,$203.000,$207.000
7503018610252,DESTILADO RIELES 750ML,DESTILADOS AGAVE,$0.000,$40.000
7509546682334,PALMOLIVE YOGHURT Y FRUTAS 120 GR,DETERGENTES LIQUIDOS Y POLVOS,$0.000,$20.000
7501058757463,VANISH QUITA MANCHAS EN GEL 435 ML,DETERGENTES LIQUIDOS Y POLVOS,$0.000,$25.000
7501026005343,ZOTE ROSA LIQUIDO 1LT,DETERGENTES LIQUIDOS Y POLVOS,$0.000,$47.000
7501026005329,ZOTE BLANCO LIQUIDO 1LT,DETERGENTES LIQUIDOS Y POLVOS,$0.000,$47.000
7501016801504,LA GOLONDRINA OXI PODER REMOVEDOR DE MANCHAS 40GR,DETERGENTES LIQUIDOS Y POLVOS,$0.000,$8.000
7501026006340,TEPEYAC JABON DE LAVANDERIA AMARILLO 400GR,DETERGENTES LIQUIDOS Y POLVOS,$0.000,$25.000
7500435159555,ARIEL COLOR CONCENTRADO 800ML,DETERGENTES LIQUIDOS Y POLVOS,$0.000,$38.000
7501026010026,CARISMA DETERGENTE LIQUIDO 500 ML,DETERGENTES LIQUIDOS Y POLVOS,$17.187,$24.000
7501026028038,FOCA DETERGENTE LIQUIDO 500 ML,DETERGENTES LIQUIDOS Y POLVOS,$17.187,$24.000
7501026028076,BLANCA NIEVES DETERGENTE LIQUIDO 500 ML,DETERGENTES LIQUIDOS Y POLVOS,$17.187,$24.000
7501026028342,ROMA LIQUIDO 500 ML,DETERGENTES LIQUIDOS Y POLVOS,$17.187,$22.000
7501026004971,CARÍSIMA LIQUIDO 500 ML,DETERGENTES LIQUIDOS Y POLVOS,$0.000,$22.000
7500435153331,ARIEL REVITACOLOR 850 GR,DETERGENTES LIQUIDOS Y POLVOS,$39.000,$48.000
7500435245739,ACE LIMPIEZA INSTANTANEA 850GR,DETERGENTES LIQUIDOS Y POLVOS,$32.300,$40.000
7501026010002,CARISMA DETERGENTE LIQUIDO 1LT,DETERGENTES LIQUIDOS Y POLVOS,$33.660,$35.000
012388003412,DETERGENTE BOLD 3 400G,DETERGENTES LIQUIDOS Y POLVOS,$0.000,$25.000
7500435161299,SALVO MULTIUSOS TRIPLE PODER 900G,DETERGENTES LIQUIDOS Y POLVOS,$18.000,$40.000
7501026026546,DETERGENTE FOCA 1KG,DETERGENTES LIQUIDOS Y POLVOS,$0.000,$47.000
7501199415765,123 SUAVIZANTE Y JAZMÍN 1 LT,DETERGENTES LIQUIDOS Y POLVOS,$0.000,$32.000
7506295348443,DET. MAESTRO LIMPIO 1 KG,DETERGENTES LIQUIDOS Y POLVOS,$26.000,$26.000
7501199409801,"PERSIL COLOR DET, POLVO 900GR",DETERGENTES LIQUIDOS Y POLVOS,$24.000,$24.000
7506309859774,ARIEL DETERGENTE 750GR,DETERGENTES LIQUIDOS Y POLVOS,$24.000,$25.000
7500459000291,MAS COLOR JABON LIQUIDO 6.64 L,DETERGENTES LIQUIDOS Y POLVOS,$162.000,$162.000
B00VRAFLII,ACE  PODS DE CAPSULA 1.86 KG,DETERGENTES LIQUIDOS Y POLVOS,$478.000,$478.000
7501199418858,PERSIL UNIVERSAL 5 KG,DETERGENTES LIQUIDOS Y POLVOS,$112.000,$112.000
7500435126069,S. DOWNY ROMANCE 2.8L,DETERGENTES LIQUIDOS Y POLVOS,$65.000,$65.000
7501199418872,DET. PERSIL 5 KG COLOR,DETERGENTES LIQUIDOS Y POLVOS,$112.000,$130.000
7500459000598,JABON 123 900 G,DETERGENTES LIQUIDOS Y POLVOS,$22.000,$22.000
7500459000123,PERSIL GEL UNIVERSAL 6.64LT,DETERGENTES LIQUIDOS Y POLVOS,$200.000,$200.000
7500459000093,DET. LIQ. PERSIL GEL COLOR 6.64 LT,DETERGENTES LIQUIDOS Y POLVOS,$200.000,$200.000
7501199414409,VIVA FRESCA LAVANDA 850G,DETERGENTES LIQUIDOS Y POLVOS,$19.500,$19.500
7500459000482,PERSIL 360  3 LT,DETERGENTES LIQUIDOS Y POLVOS,$85.000,$85.000
7501199423074,VIVA PODER DUAL CON CLOROX JABON LIQUIDO 6.54 L,DETERGENTES LIQUIDOS Y POLVOS,$142.000,$142.000
7501026005404,ZOTE  JABON AZUL 400 G,DETERGENTES LIQUIDOS Y POLVOS,$17.000,$25.000
7501025452803,BLANCATEL,DETERGENTES LIQUIDOS Y POLVOS,$9.000,$9.000
7501199406671,JABON  PERSIL DE 900 G,DETERGENTES LIQUIDOS Y POLVOS,$20.000,$29.000
7501199414416,VIVA PODER DUAL CLOROX 850G,DETERGENTES LIQUIDOS Y POLVOS,$19.500,$19.500
7501026027536,DET. BLANCA NIEVES 1 KG,DETERGENTES LIQUIDOS Y POLVOS,$30.800,$40.000
7501026027543,DET. BLANCA NIEVES 500GR,DETERGENTES LIQUIDOS Y POLVOS,$15.500,$22.000
7501199414317,DET. VIVA PODER DUAL CLOROX 5 KG,DETERGENTES LIQUIDOS Y POLVOS,$95.000,$95.000
7501199413297,DET. LIQ. MAS OSCURA 830ML,DETERGENTES LIQUIDOS Y POLVOS,$33.000,$27.000
7500435143585,DET. ACE 400GR,DETERGENTES LIQUIDOS Y POLVOS,$16.000,$16.000
7501026005985,JABÓN ZOTE ROSA 100GR,DETERGENTES LIQUIDOS Y POLVOS,$5.408,$7.000
7501026005978,JABÓN ZOTE BLANCO 100GR,DETERGENTES LIQUIDOS Y POLVOS,$4.927,$7.000
7501026026560,DETERGENTE FOCA POLVO 500GR,DETERGENTES LIQUIDOS Y POLVOS,$17.400,$23.000
7501035912793,JABON VEL ROSITA BARRA 350GR,DETERGENTES LIQUIDOS Y POLVOS,$0.000,$20.000
7501199412931,DET. MAS OSCURA 415ML,DETERGENTES LIQUIDOS Y POLVOS,$0.000,$31.000
7501199413280,DET. LIQUIDO MAS COLOR 830ML,DETERGENTES LIQUIDOS Y POLVOS,$33.000,$42.000
7501065908841,ARIEL DETERGENTE 250GR,DETERGENTES LIQUIDOS Y POLVOS,$11.830,$15.000
7501007455730,ARIEL DETERGENTE 500GR,DETERGENTES LIQUIDOS Y POLVOS,$19.280,$27.000
7501026004605,DET. ROMA 1 KG,DETERGENTES LIQUIDOS Y POLVOS,$33.630,$43.000
7506195169995,DET. SALVO 1 KG,DETERGENTES LIQUIDOS Y POLVOS,$0.000,$60.000
7501001130657,DET. SALVO 500GR,DETERGENTES LIQUIDOS Y POLVOS,$28.400,$24.000
7501001130664,DET. SALVO 250GR,DETERGENTES LIQUIDOS Y POLVOS,$15.990,$10.000
120100,JABON PASTA TEPEYAC,DETERGENTES LIQUIDOS Y POLVOS,$0.000,$26.000
7501026026423,DETERGENTE FOCA 1 KG,DETERGENTES LIQUIDOS Y POLVOS,$34.650,$47.000
7500435120852,ARIEL DETERGENTE 850GR,DETERGENTES LIQUIDOS Y POLVOS,$31.947,$45.000
7501001106690,DETERGENTE BOLD 3 EN 1 500GR,DETERGENTES LIQUIDOS Y POLVOS,$0.000,$23.000
7500435105354,DET. MAESTRO LIMPIO 250GR,DETERGENTES LIQUIDOS Y POLVOS,$0.000,$9.000
7501026004612,DETERGENTE ROMA 500GR,DETERGENTES LIQUIDOS Y POLVOS,$16.180,$22.000
7501026026577,DETERGENTE FOCA 250GR,DETERGENTES LIQUIDOS Y POLVOS,$9.550,$12.000
7501026027550,DET. BLANCA NIEVES 250GR,DETERGENTES LIQUIDOS Y POLVOS,$9.000,$11.000
7501026004629,DET. ROMA DE 250GR,DETERGENTES LIQUIDOS Y POLVOS,$8.250,$12.000
7500435018791,DET ACE 900GR,DETERGENTES LIQUIDOS Y POLVOS,$32.590,$39.000
7500435014069,DETERGENTE BOLD 3 EN 1  850GR,DETERGENTES LIQUIDOS Y POLVOS,$0.000,$26.000
7500435105361,DET MAESTRO LIMPIO 500GR,DETERGENTES LIQUIDOS Y POLVOS,$0.000,$18.000
7501007445557,JABON ACE DET. 500GR,DETERGENTES LIQUIDOS Y POLVOS,$23.220,$25.000
7501006705942,JABON DET. ACE 250GR,DETERGENTES LIQUIDOS Y POLVOS,$11.980,$10.000
7501199413006,DET. LIQUIDO MAS COLOR 415ML,DETERGENTES LIQUIDOS Y POLVOS,$14.490,$23.000
7501035910072,DET AJAX BICLORO 388 GR,DETERGENTES LIQUIDOS Y POLVOS,$27.393,$36.000
7501026028007,JABON FOCA LIQUIDO 1 LT,DETERGENTES LIQUIDOS Y POLVOS,$30.160,$28.000
7501026028304,JABON ROMA LIQUIDO 1 LT,DETERGENTES LIQUIDOS Y POLVOS,$27.310,$25.000
7501026028045,JABON BLANCA NIEVES LIQUIDO 1 LT,DETERGENTES LIQUIDOS Y POLVOS,$29.580,$27.000
7501026005374,JABON ZOTE BLANCO 400GR,DETERGENTES LIQUIDOS Y POLVOS,$18.433,$25.000
7501026005671,JABON ZOTE ROSA 400GR,DETERGENTES LIQUIDOS Y POLVOS,$18.930,$25.000
7501026005688,JABON ZOTE ROSA 200GR,DETERGENTES LIQUIDOS Y POLVOS,$9.294,$13.000
7501026005381,JABON ZOTE BLANCO 200GR,DETERGENTES LIQUIDOS Y POLVOS,$0.000,$13.000
7501777037198,DOG CHOW ADULTOS MINIS Y PEQUEÑOS A GRANEL,DOG CHOW,$0.000,$55.000
7501072210210,DOG CHOW SOBRE ADULTOS RAZAS PEQUEÑAS SALMON 100GR,DOG CHOW,$0.000,$13.000
7501072210272,DOG CHOW ADULTO CORDERO 100GR,DOG CHOW,$0.000,$13.000
7501072210241,DOG CHOW POUCH DULTO PAVO Y POLLO 100G,DOG CHOW,$0.000,$13.000
7501072209788,PURINA FELIX  POUCH CON CARNE  85G,DOG CHOW,$0.000,$13.000
1072210241,DOG CHOW  POUCH ADULTO RAZAS PEQUEÑAS PAVO Y POLLO 100G,DOG CHOW,$0.000,$13.000
7501072212641,PURINA POUCH  ADULTO CARNE 85G,DOG CHOW,$0.000,$13.000
7501072212658,PURINA  POUCH ADULTO POLLO 85G,DOG CHOW,$0.000,$13.000
7501072210258,DOG CHOW  POUCH CACHORRO POLLO,DOG CHOW,$0.000,$13.000
7501072210296,DOG CHOW POUCH ADULTO  CON MIX POLLO Y CARNE,DOG CHOW,$0.000,$13.000
7501072210265,DOG CHOW  POUCH ADULTO CON CARNE,DOG CHOW,$8.333,$13.000
7501072210234,DOG CHOW POUCH ADULTO MINIS Y PEQUEÑOS CARNE,DOG CHOW,$0.000,$13.000
7501072213792,DOG CHOW POUCH CORDERO 100G,DOG CHOW,$9.542,$13.000
7501092210258,SOBRE DOG CHOW 100G,DOG CHOW,$9.458,$13.000
7501072210289,DOG CHOW POUCH POLLO 100G,DOG CHOW,$8.333,$13.000
02070,DOG CHOW ADULTO KG,DOG CHOW,$40.400,$55.000
02071,DOG CHOW CACHORRO BULTO KG,DOG CHOW,$47.400,$65.000
706460200157,MILKY WAY MINI 8.5 GR,DULCES EN GENERAL,$0.000,$5.000
80927181,FERRERO COLLECTION 32.2 GR,DULCES EN GENERAL,$26.525,$34.000
759686200098,PALETA TRABALENGUAS VERO 16 GR,DULCES EN GENERAL,$0.000,$3.000
725181021018,LUCAS POLVOS MANGO 20 GR,DULCES EN GENERAL,$0.000,$10.000
725181185017,LUCAS POLVOS CHAMOY 20 GR,DULCES EN GENERAL,$0.000,$10.000
75024628,CREMINO BLANCO CON AVELLANA 18 GR,DULCES EN GENERAL,$0.000,$4.000
7501058654281,CARLOS V STICK BLANCO 8 GR,DULCES EN GENERAL,$0.000,$3.000
7502271917696,SKWINKLES CHUNKS 45GR,DULCES EN GENERAL,$0.000,$20.000
725226001005,PULPARINDO ORIGINAL 14GR,DULCES EN GENERAL,$0.000,$5.000
7506226203209,BEILEYS IRISH CAKE 39GR,DULCES EN GENERAL,$0.000,$20.000
7502271915043,LUCAS PANZON FUEGO 38GR,DULCES EN GENERAL,$0.000,$10.000
7502271915067,LUCAS GUSANO FUEGO 36GR,DULCES EN GENERAL,$0.000,$9.000
659190000019,RICALETA 25GR,DULCES EN GENERAL,$0.000,$5.000
7622210938619,TRIDENT X TWIST FRESA Y LIMON 13.3GR,DULCES EN GENERAL,$0.000,$15.000
7506174512262,SNICKERS 2 PACK 83GR,DULCES EN GENERAL,$0.000,$30.000
7622210571083,TRIDENT XTRA CARE EXTRA STRONG CONT.13.6 G,DULCES EN GENERAL,$0.000,$9.000
80052968,KINDER HUEVO DINOSAURIO SORPRESA 20GR,DULCES EN GENERAL,$0.000,$24.000
744218120210,LUCKY GUMMYS FRUTITAS 100GR,DULCES EN GENERAL,$0.000,$14.000
7503027878896,CHUPA CHUPS CRAZY DIPS FRESA 12GR,DULCES EN GENERAL,$0.000,$10.000
8050100,NUTELLA &GO! 52GR,DULCES EN GENERAL,$0.000,$35.000
7502271914084,TURIN EXOTICAS CHOCOLATE NUEZ 18GR,DULCES EN GENERAL,$0.000,$20.000
80050100,NUTELLA GO 52 G,DULCES EN GENERAL,$0.000,$30.000
725226003887,PULPARINDO CHAMOY 14 GR,DULCES EN GENERAL,$0.000,$5.000
7500443001181,NIKOLO CACAHUATE 21GR,DULCES EN GENERAL,$0.000,$12.000
7501058638113,CARLOS V ORIGINAL 34GR,DULCES EN GENERAL,$0.000,$13.000
75048709,TURIN ZEROCHOCOLATE AMARGO 5GR,DULCES EN GENERAL,$0.000,$5.000
7502271916187,LUCAS GOMITAS SANDIA ENCHILADA 40GR,DULCES EN GENERAL,$0.000,$20.000
7502271916132,LUCAS GOMITAS MANGO ENCHILADO 40GR,DULCES EN GENERAL,$0.000,$20.000
724869003315,MALVAVISCOS BIANCHI 400 GR,DULCES EN GENERAL,$0.000,$45.000
7506475117456,NESTLE FRESKAS BOO 32GR,DULCES EN GENERAL,$0.000,$17.000
80771944,TIC TAC CEREZA 14.5GR,DULCES EN GENERAL,$0.000,$11.000
7502271915784,TURIN ZERO SUGAR 16GR,DULCES EN GENERAL,$0.000,$16.000
80050049,HUEVO KINDER CON UNA SORPRESA NAVIDEÑA 100GR,DULCES EN GENERAL,$0.000,$24.000
75038502,SEMAFORO 16GR,DULCES EN GENERAL,$0.000,$4.000
744218120111,LUCKY GUMMYS OSITOS 100GR,DULCES EN GENERAL,$0.000,$14.000
744218122412,LUCKY GUMMYS TUBURONES 96GR,DULCES EN GENERAL,$0.000,$14.000
75027988,BON O BOM BLANCO 15 GR,DULCES EN GENERAL,$0.000,$7.000
745404566317,PALETON LA CORONA 20 G,DULCES EN GENERAL,$0.000,$7.000
725226003412,PULPARINDO MANGO 14G,DULCES EN GENERAL,$0.000,$4.000
7501176410905,WONGS VAQUITA TABLILLA DE CHOCOLATE 35G,DULCES EN GENERAL,$0.000,$10.000
7502250393077,PIÑA CARIBEÑA PALETA PZ,DULCES EN GENERAL,$0.000,$3.000
7702174085052,PIN POP FRESA PALETA PZ,DULCES EN GENERAL,$0.000,$5.000
7702174085045,PIN POP SANDIA PALETA PZ,DULCES EN GENERAL,$0.000,$5.000
725226022000,PULPARINDO EXTRA PICANTE 14G,DULCES EN GENERAL,$0.000,$4.000
754177506239,WINIS TROPICALES MANGO-MARACUYA 18.2GR,DULCES EN GENERAL,$0.000,$5.000
754177506246,"WINIS TROPICALES PIÑA Y MANGO 18,2GR",DULCES EN GENERAL,$0.000,$5.000
754177506277,WINIS TROPICALES SANDIA 18.2GR,DULCES EN GENERAL,$0.000,$5.000
754177509414,WINIS TROPICALES GUAYABA 18.2GR,DULCES EN GENERAL,$0.000,$5.000
7502271917221,SNICKERS XTREME CACAHUATE 40GR,DULCES EN GENERAL,$0.000,$20.000
7503033553152,MENTOS SABOR NARANJA 29.04 G,DULCES EN GENERAL,$0.000,$13.000
75081485,BUBBALOO BOO 5.1 GR,DULCES EN GENERAL,$0.819,$2.000
80968887,TIC TAC CITRUS MIX 14.5 GR,DULCES EN GENERAL,$7.540,$11.000
0724,JJ DULCES Y BOTANAS SANDÍA ENCHILADA,DULCES EN GENERAL,$0.000,$17.000
7502271912790,SNICKERS ESPRESSO 41.5GR,DULCES EN GENERAL,$14.000,$17.000
7502271914558,M&M MINIS 4.9 GR,DULCES EN GENERAL,$2.706,$3.500
018564,PALETA CHUPA CHUPS VAINILLA 12GR,DULCES EN GENERAL,$0.000,$3.000
7502271916446,CHOCOLATE M&M´S RELLENO DE GALLETA 38.3 GR,DULCES EN GENERAL,$0.000,$22.000
7622210690074,BUBBALOO CRACK-UPS 24GR,DULCES EN GENERAL,$0.000,$10.000
7501011177239,GUDU CUBOS DOBLE SABOR 18GR,DULCES EN GENERAL,$0.000,$8.000
659190000408,RICALETA 25GR,DULCES EN GENERAL,$0.000,$6.000
719886145582,PELONETA TAMARINDO 9GR,DULCES EN GENERAL,$0.000,$4.000
719886145506,PELONETA MANGO 9GR,DULCES EN GENERAL,$0.000,$4.000
7503005897109,LAS CHILOSAS MANGO 22GR,DULCES EN GENERAL,$0.000,$10.000
7503005897123,LAS CHILOSAS ELOTE 22GR,DULCES EN GENERAL,$0.000,$10.000
7503005897116,LAS CHILOSAS PIÑA 22GR,DULCES EN GENERAL,$0.000,$10.000
757528040888,VERO PICA FRESA PIÑA 22GR,DULCES EN GENERAL,$6.200,$8.000
7503005897048,MIGUELITO DULCE EN POLVO ENCHILADO Y ACIDULADO 950GR,DULCES EN GENERAL,$0.000,$58.000
7622210582027,TRIDENT SOBOR FRESA,DULCES EN GENERAL,$5.350,$12.000
93613583,HUBBA BUBBA DUBBLE TAPE FRESA 56.7 GR,DULCES EN GENERAL,$0.000,$30.000
7501607500502,PELLIZCO TAMA-ROCA,DULCES EN GENERAL,$1.778,$3.000
744218007009,PACHICLETA FUEGO 26GR,DULCES EN GENERAL,$0.000,$9.000
7500464776808,PA LAS CHELAS 296GR,DULCES EN GENERAL,$0.000,$60.000
3202413054,TAMBORINES,DULCES EN GENERAL,$0.000,$1.000
757528015503,PALETA RISANDIA CON CHILE 15GR,DULCES EN GENERAL,$0.000,$3.000
7622210530509,TRIDENT X-TWIST 17.46GR,DULCES EN GENERAL,$0.000,$11.000
719886120312,CRAYON MANZANA VERDE 28GR,DULCES EN GENERAL,$0.000,$10.000
7502226819167,LUCAS PANZON MANZANA VERDE 38GR,DULCES EN GENERAL,$0.000,$9.000
719886211775,PELON PELO RICO CHAMOY 30GR,DULCES EN GENERAL,$0.000,$7.000
719886211799,PELON PELO RICO MANGO 30GR,DULCES EN GENERAL,$0.000,$8.000
7622210581686,BUBBALOO PIK POP FRESA CEREZA 14.5GR,DULCES EN GENERAL,$0.000,$4.000
7622210996190,BUBBALOO PIK POP MANGO CHAMOY 14.5GR,DULCES EN GENERAL,$0.000,$4.000
7622210999795,BUBBALOO PIK POP PIÑA CHAMOY 14.5GR,DULCES EN GENERAL,$0.000,$4.000
7622210568366,BUBBALOO XTREME SABOR FRAMBUESA 20.5GR,DULCES EN GENERAL,$0.000,$7.000
7503023533492,MENTOS CHEWY DRAGEES 29GR,DULCES EN GENERAL,$0.000,$13.000
703885005275,ZUMBA GOMA PIÑA 22 G,DULCES EN GENERAL,$5.000,$5.000
7502226817170,SKITTLES ORIGINAL 54.4GR,DULCES EN GENERAL,$15.000,$20.000
80052487,FERRERO RAFFAELLO 30GR,DULCES EN GENERAL,$20.470,$26.000
80051831,HUEVO KINDER  CON UN ANIMAL SORPRESA,DULCES EN GENERAL,$0.000,$24.000
80892816,HUEVO KINDER SORPRESA 20GR,DULCES EN GENERAL,$18.380,$24.000
7501056008215,CLOREST VALUPAK 36.4 GR,DULCES EN GENERAL,$9.375,$15.000
75039127,VERO CHUPADEDO MENTA EUCALIPTO 16G,DULCES EN GENERAL,$2.000,$3.000
7503030374583,VERO MANITA DE DULCE SABOR FRESS 14G,DULCES EN GENERAL,$2.000,$3.000
75079949,CHICLE ORBIT MENTA 2'S,DULCES EN GENERAL,$1.290,$2.000
75079932,CHICLE ORBIT POLAR MINT 2'S,DULCES EN GENERAL,$1.290,$2.000
75079925,CHICLE ORBIT HIERBABUENA 2'S,DULCES EN GENERAL,$1.290,$2.000
75079918,CHICLE ORBIT FRESA 2'S,DULCES EN GENERAL,$1.290,$2.000
7503027878926,CRAZY DIPS POLVO TRONADOR Y PALETA,DULCES EN GENERAL,$5.000,$8.000
7502271911328,MILKY WAY AVELLANA 44 G.,DULCES EN GENERAL,$13.000,$18.000
7622210530752,HALLLS CEREZA 28G,DULCES EN GENERAL,$0.000,$10.000
7506174502652,MILKYWAY 22 GR,DULCES EN GENERAL,$8.000,$11.000
7506174502645,SNICKERS 21.5 GR,DULCES EN GENERAL,$8.000,$11.000
7502226819228,LUCAS GUSANO ACIDITO 36G,DULCES EN GENERAL,$0.000,$10.000
7622210595416,CLORETS PLUS+ 18´S 30.6GR,DULCES EN GENERAL,$15.000,$20.000
719886211898,PELON PELONAZO 80 G,DULCES EN GENERAL,$0.000,$25.000
7501011150416,MILCH BARRA AVELLANA 40GR,DULCES EN GENERAL,$14.634,$18.000
7502226814506,HUBBA BUBBA UVA 56.7 G.,DULCES EN GENERAL,$20.000,$25.000
022110079806,HUBBA BUBBA TUTTI FRUTTI 56.7 G.,DULCES EN GENERAL,$20.000,$25.000
7622210993069,HALL  BOOST 25.2 GR,DULCES EN GENERAL,$7.167,$10.000
7622210267832,HALLS YERBABUENA 25.2 GR,DULCES EN GENERAL,$5.655,$8.000
723707925031,GUNA CHEVE 9G,DULCES EN GENERAL,$0.000,$1.500
756058756511,GUNA PIÑA 9G,DULCES EN GENERAL,$0.000,$1.500
798190122939,GUNA MANGO 9G,DULCES EN GENERAL,$0.000,$1.500
723707925055,GUNA CORAZON 9G,DULCES EN GENERAL,$0.000,$1.500
7622210973436,TRIDENT FRESA 18´S 30.6G,DULCES EN GENERAL,$14.580,$20.000
7622210571205,CLORETS PLUS 13G,DULCES EN GENERAL,$6.250,$10.000
7622210571359,TRIDENT XTRACARE COOL BUBBLE 13.6G,DULCES EN GENERAL,$7.083,$10.000
7622210571175,BUBBALOO ROLLO,DULCES EN GENERAL,$0.000,$28.000
75071240,TRIDENT MENTA FUERTE 4´S,DULCES EN GENERAL,$0.000,$3.000
80135692,HUEVITO KINDER  20 GR,DULCES EN GENERAL,$18.380,$23.000
020899002947,MILI WAFER STICKS PZ,DULCES EN GENERAL,$0.922,$2.000
717557054164,LAPOSSE PASITAS RAISINS,DULCES EN GENERAL,$9.490,$13.000
7500810010969,CHUPADEDO VERO ZOMBIE 24GR,DULCES EN GENERAL,$0.000,$10.000
7503030374477,SANDI BROCHAS 5G,DULCES EN GENERAL,$0.000,$1.000
7501056901158,CLORETS 30`S 42 GR,DULCES EN GENERAL,$9.375,$13.000
7622210530448,TRIDENT X-TWIST MORA AZUL Y FRAMBUESA 17.46G,DULCES EN GENERAL,$8.375,$10.000
7622210530479,TRIDENT X-TWIST SANDIA Y LIMON 17.46G,DULCES EN GENERAL,$8.375,$10.000
7622210589194,BUBBALOO MEGA FRESA 39G,DULCES EN GENERAL,$0.000,$15.000
7622210589200,BUBBALOO MEGA UVA 39G,DULCES EN GENERAL,$0.000,$15.000
7622210603548,TRIDENT VALUPACK FRUITMIX 30.6GR,DULCES EN GENERAL,$15.417,$20.000
7622210938282,TRIDENT VALUPACK CANELA 30.6GR,DULCES EN GENERAL,$0.000,$26.000
75078928,TRIDENT TUTI FRUTTI 4`S,DULCES EN GENERAL,$2.225,$3.000
75065317,PELON MINI 13G,DULCES EN GENERAL,$0.000,$5.000
808806889894,MANGOMITA 50G,DULCES EN GENERAL,$6.000,$8.000
65954,PALETA MANGO MIGUELITO 14GR,DULCES EN GENERAL,$0.000,$2.000
7501011136410,GUDU BOMBIUX METRO 40 G,DULCES EN GENERAL,$0.000,$11.000
7503023533515,MENTOS DE FRUTAS 29.04 G,DULCES EN GENERAL,$0.000,$13.000
7500478009107,CHUPABARRITA XL 24 G,DULCES EN GENERAL,$0.000,$10.000
724869005258,MAZAPAN DE LA ROSA EN POLVO 908GR,DULCES EN GENERAL,$0.000,$111.000
75019907,"CLORETS 2""S 28 GR",DULCES EN GENERAL,$0.800,$1.500
7506105606053,TRIDENT VALUPACK MENTA 30.6GR,DULCES EN GENERAL,$15.417,$26.000
7622210624482,CLORETS PLUS 13.5 GR,DULCES EN GENERAL,$0.000,$8.000
7500478002290,ROCKALETA BITES TAMARINDO 30GR,DULCES EN GENERAL,$10.660,$12.000
80051121,HUEVO KINDER NIÑO HOTWHELS 20G,DULCES EN GENERAL,$19.192,$24.000
7622210571328,TRIDENT XTRACARE YERBABUENA 13.6G,DULCES EN GENERAL,$6.081,$9.000
7898024390107,FERRERO ROCHER 200 GR,DULCES EN GENERAL,$125.982,$134.000
7861002900117,FERRERO ROCHER 100 GR,DULCES EN GENERAL,$68.731,$79.000
8000500126936,FERRERO ROCHER 50 GR,DULCES EN GENERAL,$36.634,$45.000
7506174505318,MILKY WAY RED BERRIES 48.5G,DULCES EN GENERAL,$14.000,$18.000
9521656216784920,SAPITO CHOCOLATE,DULCES EN GENERAL,$2.667,$5.000
7503033120026,BIG VUALA VAINILLA,DULCES EN GENERAL,$10.273,$12.000
7502263310269,MIGUELITO SABOR PIÑA 250G,DULCES EN GENERAL,$0.000,$23.000
7502263310252,MIGUELITO SABOR NARANJA 250G,DULCES EN GENERAL,$0.000,$23.000
80741251,HUEVO KINDER NIÑA 20G,DULCES EN GENERAL,$19.192,$25.000
80741244,HUEVO KINDER NIÑO 20G,DULCES EN GENERAL,$18.381,$25.000
7502271912059,SNICKER ALMENDRA 43.4 G.,DULCES EN GENERAL,$14.000,$16.000
7501011146051,MILCH AVELLANA 22 G.,DULCES EN GENERAL,$8.200,$12.000
7506174513894,LUCAS MUECAS TAMARINDO 24G,DULCES EN GENERAL,$7.000,$10.000
7502271914619,SKWINKLES 45 G.,DULCES EN GENERAL,$13.500,$18.000
7501058655080,CRUCH  COOKIES Y CREAM,DULCES EN GENERAL,$0.000,$12.000
7501058656247,LARIN CERO,DULCES EN GENERAL,$0.000,$12.000
7501088210624,MONEDA NUCITA,DULCES EN GENERAL,$0.000,$2.000
018804054945,CHICLOSOS LA VAQUITA,DULCES EN GENERAL,$1.116,$2.000
00,HUEVITOS 2X1,DULCES EN GENERAL,$0.000,$1.000
759686442184,PALETA BOMBA NEGRA 15GR,DULCES EN GENERAL,$0.000,$3.000
80824107,KINDER CREAMY 19G,DULCES EN GENERAL,$10.370,$12.000
7502263310290,MIGUELITO SABOR PEPINO Y LIMON 250G,DULCES EN GENERAL,$0.000,$23.000
7502263310313,MIGUELITO CHILE CON SAL Y LIMON 20G,DULCES EN GENERAL,$0.000,$23.000
02520575,DUVALIN AVELLANA Y FRESA 15 G,DULCES EN GENERAL,$0.000,$3.000
02526719,"DUVALIN AVELLANA, FRESA Y VAINILLA 15 G",DULCES EN GENERAL,$0.000,$3.000
7622210571410,"TRIDENT XTRACARE MENTA 13,6 GR",DULCES EN GENERAL,$6.081,$9.000
7502226819075,LUCAS MUECAS ACIDITOS MANZANA VERDE 24G,DULCES EN GENERAL,$6.300,$8.000
75075200,BUBBALOO MORA ACIDA 5.1 G,DULCES EN GENERAL,$0.857,$1.500
738545020190,CHAMOY MEGA ORIGINAL 1.5 LT,DULCES EN GENERAL,$46.000,$46.000
7502263310238,POLVO MIGUELITO MANGO 250GR,DULCES EN GENERAL,$20.000,$23.000
7502263310245,POLVO MIGUELITO SANDIA 250GR,DULCES EN GENERAL,$20.000,$23.000
7502263310276,POLVO MIGUELITO UVA 250GR,DULCES EN GENERAL,$20.000,$23.000
7502263310122,POLVO MIGUELITO CEREZA 250GR,DULCES EN GENERAL,$20.000,$23.000
7502263310306,POLVO MIGUELITO FRESA 250GR,DULCES EN GENERAL,$20.000,$23.000
7502263310214,POLVO MIGUELITO EL ORIGINAL 250GR,DULCES EN GENERAL,$20.000,$23.000
7502263310221,POLVO MIGUELITO TAMARINDO 250GR,DULCES EN GENERAL,$0.000,$23.000
7502263310283,POLVO MIGUELITO MORA AZUL 250GR,DULCES EN GENERAL,$20.000,$23.000
759686272682,PINTA AZUL 14 G,DULCES EN GENERAL,$1.329,$3.000
75073282,BUBBALOO TUTTI FRUTTI 5.1 G,DULCES EN GENERAL,$0.881,$1.500
8000500245682,HUEVO KINDER 100 G,DULCES EN GENERAL,$133.000,$133.000
757528015602,CHICKS CHICLE 4.5 G,DULCES EN GENERAL,$1.000,$1.000
75073237,BUBBALOO PIÑA Y CHAMOY 5.1 G,DULCES EN GENERAL,$0.857,$1.500
7622210551368,TRIDENT VALUPACK EXTRA STRONG 30.6G,DULCES EN GENERAL,$15.000,$17.000
7506105606091,TRIDENT VALUPACK COOL BUBBLE 30.6G,DULCES EN GENERAL,$15.417,$20.000
80051671,NUTELLA 200 G,DULCES EN GENERAL,$45.683,$57.000
80751151,NUTELLA SOBRE 15 G,DULCES EN GENERAL,$3.820,$5.000
8000500186930,FERRERO ROCHER 25 G,DULCES EN GENERAL,$17.884,$28.000
80969143,TIC TAC SABOR MENTA 14.5 G,DULCES EN GENERAL,$7.527,$11.000
80846185,TIC TAC SABOR CANELA 14.5 G,DULCES EN GENERAL,$9.000,$11.000
80941361,TIC TAC SABOR NARANJA 14.5 GR,DULCES EN GENERAL,$9.000,$11.000
312654123105,HUEVO KINDER MINI,DULCES EN GENERAL,$4.000,$4.000
75968627268,PALETA PINTAZUL 14GR,DULCES EN GENERAL,$2.000,$2.000
719886120251,CRAYON SABOR MANGO 28GR,DULCES EN GENERAL,$6.000,$10.000
7622210571380,TRIDENT XTRA CARE FRESHMINT 13.6GR,DULCES EN GENERAL,$6.081,$9.000
7506475100410,CARLOS V CHOCO GALLETA 15GR,DULCES EN GENERAL,$5.000,$5.000
7501058617736,CARLOS V CERO 17GR,DULCES EN GENERAL,$10.000,$12.000
7502271911472,M&M DE CACAHUATE 44.3GR,DULCES EN GENERAL,$14.500,$18.000
2562632063,PALANQUETA X PZ,DULCES EN GENERAL,$1.500,$1.500
564185145,FRUTITAS AGRANEL  4 X1,DULCES EN GENERAL,$1.000,$1.000
812999014834,CHIPILETA 11GR,DULCES EN GENERAL,$2.500,$2.500
703885004261,ZUMBA SODA FRESA 1.5GR,DULCES EN GENERAL,$1.000,$1.000
703885004445,ZUMBA SODA NARANJA Y CHAMOY 1.5GR,DULCES EN GENERAL,$1.000,$1.000
703885004247,ZUMBA SODA UVA 1.5GR,DULCES EN GENERAL,$1.000,$1.000
703885007491,UNICORNIO POLVITO 3GR,DULCES EN GENERAL,$1.000,$1.000
151215412,MONTES PALETA 1PZ,DULCES EN GENERAL,$2.000,$2.000
151521254,CHUPIRUL 17GR,DULCES EN GENERAL,$2.000,$2.000
7503004988938,MORDIDILLA 21GR,DULCES EN GENERAL,$4.000,$4.000
125582154152,DEL MONTE PALETA X PZ,DULCES EN GENERAL,$2.000,$2.000
030303213,CHIPIS PALETA 13GR,DULCES EN GENERAL,$2.000,$2.000
05632156,DE LA  ROSA PALETA  X  PZ,DULCES EN GENERAL,$1.000,$1.000
56415215,OLLITAS X PZ,DULCES EN GENERAL,$2.000,$2.000
7503016902168,COCADA BLANCA Y CAFE DE COCO 1PZ,DULCES EN GENERAL,$2.000,$2.000
725226066660,PULPARINDO ORIGINAL 14GR,DULCES EN GENERAL,$1.970,$3.000
725226001913,PULPARINDO GIGANTE 28GR,DULCES EN GENERAL,$4.000,$4.000
7508101233288,VELITAS 1  pz,DULCES EN GENERAL,$0.500,$1.000
1251521214,"PULPARINDO PASTILLA TAMARINDO,MANGO,EXTRA SPICY",DULCES EN GENERAL,$0.500,$0.500
654156152,DULCE DE CAFE Y VAINILLA,DULCES EN GENERAL,$1.000,$1.000
7503016902274,COCADA NARANJA,DULCES EN GENERAL,$3.000,$3.000
02520609,DUVALIN FRESA Y VAINILLA 15GR,DULCES EN GENERAL,$2.000,$3.000
02520568,DUVALIN AVELLANA Y VAINILLA 15GR,DULCES EN GENERAL,$2.000,$3.000
75021757,BONO BON CARAJILLO 15GR,DULCES EN GENERAL,$5.000,$5.000
7500443004144,BON O BON CHOCO FRESA 15GR,DULCES EN GENERAL,$5.000,$5.000
7622210464835,TRIDENT COOL BUBBLE XTRACARE 16.32 GR,DULCES EN GENERAL,$8.000,$9.000
7622210551764,XTRA CARE STRONG 12 PZ,DULCES EN GENERAL,$7.000,$9.000
724869004879,MAZAPAN CHOCOLATE GIGANTE 66 GR,DULCES EN GENERAL,$9.000,$12.000
7503017214512,FRUTI MICH SABOR MANGO 250 G,DULCES EN GENERAL,$29.000,$29.000
7503017214451,FRUTI MICH SABOR MANGO CHAMOY 250 G,DULCES EN GENERAL,$29.000,$29.000
7503017214536,FRUTI MICH SABOR MORA 250 G,DULCES EN GENERAL,$29.000,$29.000
725181207016,SKWINKLES RELLENOS 26 GR,DULCES EN GENERAL,$6.200,$10.000
7501024599097,HERSHEYS ALMONDS 27 G,DULCES EN GENERAL,$11.000,$13.000
7501024595587,HERSHEYS COOKIES N CREME 27 G,DULCES EN GENERAL,$11.000,$11.000
7506475100953,CARLOS V SEMI. CERO 17GR,DULCES EN GENERAL,$9.000,$13.000
738545020015,CHAMOY MEGA 500 G,DULCES EN GENERAL,$16.000,$23.000
738545020626,CHAMOY MEGA 350ML,DULCES EN GENERAL,$13.000,$19.000
7501024514236,HERCHEYS COOKIES AND CREAM 30GR,DULCES EN GENERAL,$12.000,$12.000
025046150137,BOCADIN 10.5 G,DULCES EN GENERAL,$2.000,$3.000
762221000204,TRIDENT Y CLORETS PLUS TIPO AMERICANO 13.5 G,DULCES EN GENERAL,$6.000,$6.000
757528023461,BUBU LUBU FROST,DULCES EN GENERAL,$8.000,$8.000
7503030043083,AWANTOMETRO VERO 55 G,DULCES EN GENERAL,$10.000,$10.000
7501058651266,CARLOS V CEREAL DE NESTLE 300 G,DULCES EN GENERAL,$33.000,$33.000
738545020046,CHAMOY DE 1 LT,DULCES EN GENERAL,$22.000,$35.000
75024635,CREMINO CON AVELLANA 18G,DULCES EN GENERAL,$2.500,$4.000
719886250316,PALETA PELON PELONETA SABOR CHAMOY CON SANDIA CON.21 G,DULCES EN GENERAL,$4.000,$4.000
759686241183,PALETA SANDI BROCHA 16 G,DULCES EN GENERAL,$1.410,$3.000
10241250151,PALETA DE HUESITO 13 G,DULCES EN GENERAL,$2.000,$2.000
719886250330,"PALETA PELON PELONETA, TAMARINDO CON MANGO 21 G",DULCES EN GENERAL,$4.000,$4.000
75073268,BUBBALOO MORA AZUL 5.1GR,DULCES EN GENERAL,$0.833,$1.500
75073275,BUBBALOO SABOR PLATANO 5.1 G,DULCES EN GENERAL,$0.851,$1.500
7502271910499,SNICKERS CAJA DE CHOCOLATE 26.5 G,DULCES EN GENERAL,$16.000,$16.000
724869003292,BOMBONES MALVAVISCOS BIANCHI 400 G,DULCES EN GENERAL,$25.000,$31.000
719886120299,CRAYON SABOR UVA,DULCES EN GENERAL,$6.000,$10.000
719886120275,CRAYON SABOR  FRESA 28 G,DULCES EN GENERAL,$6.000,$10.000
719886120268,CRAYON SABOR  FRESA 280G,DULCES EN GENERAL,$6.000,$6.000
719886120282,CRAYON SABOR UVA 280 G,DULCES EN GENERAL,$6.000,$6.000
7502226815022,LUCAS   MUECAS  SABOR  CHAMOY 24 G,DULCES EN GENERAL,$6.550,$8.000
7502271911427,M&M CHOCOLATE 43.8 G,DULCES EN GENERAL,$14.500,$18.000
7501059289253,CRUNCH STICK 9 G,DULCES EN GENERAL,$2.000,$2.500
724869000871,BOMBONES MALVABISCOS BIANCHI GIGANTE 840 G,DULCES EN GENERAL,$54.000,$65.000
75057596,TRIDENT FRUIT MIX,DULCES EN GENERAL,$2.000,$2.000
75066932,TRIDENT CANELA 52G,DULCES EN GENERAL,$1.975,$2.000
15289624,HUEVITOS RICOLINO,DULCES EN GENERAL,$1.000,$1.000
1524269,MONEDA PZ RICOLINO,DULCES EN GENERAL,$1.000,$2.000
719886211713,PELON PELO RICO TAMARINDO  30G,DULCES EN GENERAL,$6.000,$9.000
75022952,CHICLE CANELS,DULCES EN GENERAL,$1.000,$1.000
7506174512248,CHOC. SNICKERS 48GR,DULCES EN GENERAL,$14.000,$18.000
04056704,M`M MINIS TUBO 30GR,DULCES EN GENERAL,$15.000,$15.000
75038465,PALETA BOMBA CHILE 15GR,DULCES EN GENERAL,$2.000,$3.000
724869007818,MAZAPAN CHOCOLATE 25GR,DULCES EN GENERAL,$3.469,$5.000
7501059299252,CARLOS V SEMIAMARGO 20GR,DULCES EN GENERAL,$6.325,$10.000
7501015511107,CANASTA LA CORONA PZA,DULCES EN GENERAL,$1.000,$1.500
7501031280094,POLLITOS LA CORONA PZA,DULCES EN GENERAL,$1.000,$1.000
7501030426264,PIKAROS RICOLINO 16.5GR,DULCES EN GENERAL,$3.121,$3.000
022000279033,ORBIT AMERICANO MENTA 16.2GR,DULCES EN GENERAL,$8.000,$8.000
7622210612014,HALLS FRUTOS ROJOS 25.2GR,DULCES EN GENERAL,$6.000,$7.000
7622210464811,TRIDENT XTRA CARE FRESHMINT 16.32GR,DULCES EN GENERAL,$7.000,$9.000
1013,PALETA REBANADITAS 16GR,DULCES EN GENERAL,$1.000,$2.000
75073244,BUBBALOO FRESA 5.5GR,DULCES EN GENERAL,$0.819,$1.500
75068899,CRACK-UPS 5GR BUBBALOO,DULCES EN GENERAL,$0.500,$1.500
75068011,"CLORETS 4""S MENTA 5.2 GR",DULCES EN GENERAL,$2.225,$2.500
02261003,ORBIT HIERBABUENA 5.6GR,DULCES EN GENERAL,$2.025,$3.000
02201302,ORBIT FRESA 5.3 GR,DULCES EN GENERAL,$2.025,$3.000
75045623,TRIDENT MENTA 5.2 GR,DULCES EN GENERAL,$2.225,$3.000
7501058636720,CARLOS V BLANCO BARRITA 8 GR,DULCES EN GENERAL,$1.000,$2.000
7501058623324,CARLOS V BARRITA STICK 8GR,DULCES EN GENERAL,$1.000,$2.500
725181369011,SKWINKLES MANGO-CHAMOY 19.5GR,DULCES EN GENERAL,$5.000,$9.000
55636,MILKY WAY MINIS PZA,DULCES EN GENERAL,$2.000,$3.000
706460200164,SNICKER VITROLERO PZA,DULCES EN GENERAL,$2.692,$4.000
75019426,MM MINIS CONF. 4.5GR,DULCES EN GENERAL,$2.000,$3.000
7506174513931,LUCAS MUECAS PICK MACHIN 24GR,DULCES EN GENERAL,$5.000,$7.000
7502226815770,LUCAS MUECAS PICA #$%! 24GR,DULCES EN GENERAL,$5.000,$7.000
7506174511135,M´M CARAMELO 40GR,DULCES EN GENERAL,$11.000,$15.000
757528029302,SUCHITLAN MALVAVISCOS VERO 34GR,DULCES EN GENERAL,$4.000,$5.000
058496829605,SKITTLES ORIGINAL 61GR,DULCES EN GENERAL,$9.000,$11.000
7622210774163,TRIDENT VALUPACK FRESHMIX 30.6GR,DULCES EN GENERAL,$10.000,$12.000
724869002226,MINI MALVAVISCOS 15GR,DULCES EN GENERAL,$1.000,$4.000
75030841,GUDU POP MULTISABOR 8.5GR,DULCES EN GENERAL,$1.000,$2.000
75021726,GUDU POP FUEGO 8.5GR,DULCES EN GENERAL,$1.000,$2.000
7501011176713,TIX TIX CHUPA BARRITA 12GR,DULCES EN GENERAL,$2.000,$10.000
7502226813400,SKITTLES MORAS 24GR,DULCES EN GENERAL,$3.000,$5.000
7502226813370,SKITTLES ORIGINAL  24GR,DULCES EN GENERAL,$3.000,$5.000
75027971,BON O BON CACAHUATE 15GR,DULCES EN GENERAL,$4.000,$5.000
7501058620798,CARLOS V DUO 16GR,DULCES EN GENERAL,$0.000,$2.000
7501059292147,ABUELITA NESTLE BARRITA 12GR,DULCES EN GENERAL,$0.000,$3.000
75031022,BON O BON CAFE 15GR,DULCES EN GENERAL,$0.000,$2.000
7502226815145,LUCAS PANZON SANDIA 38GR,DULCES EN GENERAL,$7.450,$10.000
719886210792,PELON PELO RICO HOT INTENSO 30GR,DULCES EN GENERAL,$0.000,$5.000
719886152221,PELON PELO RICO MANGO 35GR,DULCES EN GENERAL,$0.000,$5.000
719886120060,CRAYON MANZANA VERDE 32GR,DULCES EN GENERAL,$0.000,$5.000
725181389019,LUCAS BOMVASO LIMON 30GR,DULCES EN GENERAL,$6.300,$6.000
7502226814995,LUCAS MUECAS MANGO 24GR,DULCES EN GENERAL,$7.000,$10.000
7502226815084,LUCAS MUECAS SANDIA 24GR,DULCES EN GENERAL,$7.000,$10.000
7502226815114,LUCAS MUECAS PEPINO 24GR,DULCES EN GENERAL,$7.000,$10.000
7502226815053,LUCAS MUECAS CEREZA 24GR,DULCES EN GENERAL,$6.550,$10.000
7501059223905,CRUNCH NESTLE 40GR,DULCES EN GENERAL,$0.000,$6.000
7501073417052,CAJETOSO CHOCOLATE 45GR,DULCES EN GENERAL,$0.000,$12.000
7501059224124,CAJETOSO CACAHUATE 45GR,DULCES EN GENERAL,$0.000,$12.000
7506174500214,MILKY WAY BAR 52.3GR,DULCES EN GENERAL,$0.000,$12.000
7506174500207,SNICKERS 52.7GR,DULCES EN GENERAL,$0.000,$12.000
7622210654489,SOUR PATCH KIDS 56GR FRUTAS,DULCES EN GENERAL,$0.000,$6.000
759686843684,PALETA MANGO VERO 16GR,DULCES EN GENERAL,$0.000,$2.000
22000018465,SKITTLES ORIGINAL 61.5GR,DULCES EN GENERAL,$0.000,$11.000
12165,OBLEAS CAJETA CORONADO 14GR,DULCES EN GENERAL,$0.000,$2.000
725181249016,SKWINKLES SALSAGHETI 24GR,DULCES EN GENERAL,$6.200,$9.000
73390018382,CHUPA CHUPS XTREMES FRUTAS 57GR,DULCES EN GENERAL,$0.000,$3.500
7502226811970,SKWINKLOTE TAMARINDO 40GR,DULCES EN GENERAL,$0.000,$12.000
7502226813820,SKWINKLOTE SANDIA 40GR,DULCES EN GENERAL,$0.000,$15.000
7502226812960,SKWINKLES RELLENOS 26GR,DULCES EN GENERAL,$0.000,$10.000
725181105015,SKWINKLES CLASICOS 19.5GR,DULCES EN GENERAL,$0.000,$9.000
7501059298828,LARIN ARANDANOS 24GR,DULCES EN GENERAL,$0.000,$1.000
7501059299443,LARIN NUEZ 24GR,DULCES EN GENERAL,$9.700,$12.000
7501059274341,LARIN SIN AZUCAR 19GR,DULCES EN GENERAL,$0.000,$7.000
756774011734,TURIN CHOCOLATE AMARGO 18GR,DULCES EN GENERAL,$0.000,$12.000
7501059299436,LARIN ALMENDRA 24GR,DULCES EN GENERAL,$9.700,$12.000
12164,COCADAS MARSAM,DULCES EN GENERAL,$0.000,$7.000
76350616758,AIRHEARS BITES 65GR,DULCES EN GENERAL,$0.000,$5.000
7501059242913,TIN LARIN 21GR,DULCES EN GENERAL,$6.320,$8.000
78605831,TIC TAC FRESA 16GR,DULCES EN GENERAL,$0.000,$11.000
80050780,TIC TAC YERBABUENA TWIST 16GR,DULCES EN GENERAL,$0.000,$11.000
12163,MAZAPAN DE LA ROSA 12.5GR,DULCES EN GENERAL,$0.000,$2.000
724869001380,MAZAPAN DE LA ROSA GIGANTE 50GR,DULCES EN GENERAL,$5.663,$7.000
7891000248362,KIT KAT NESTLE 41.5GR,DULCES EN GENERAL,$13.489,$14.000
7502225960020,SUPER REBANADITAS 25GR,DULCES EN GENERAL,$0.000,$9.000
759686264687,PALETA SANDI BROCHAS VERO 14GR,DULCES EN GENERAL,$1.538,$3.000
7503030374613,PALETA ELOTES VERO 14GR,DULCES EN GENERAL,$1.900,$3.000
7501058638083,CARLOS V SUIZO 18GR,DULCES EN GENERAL,$6.163,$10.000
7501056903190,BUBBALOO XTREME 20.5GR PIK-FUEGO,DULCES EN GENERAL,$3.710,$7.000
7501056900168,BUBBALOO XTREME 16.6GR MORA AZUL,DULCES EN GENERAL,$4.250,$5.000
7501056900151,BUBBALOO XTREME 16.6GR FRESA,DULCES EN GENERAL,$4.250,$5.000
22110079806,HUBBA BUBBA 56.7GR TUTTI FRUTTI,DULCES EN GENERAL,$0.000,$16.000
7501058628749,LARIN NARANJA 24GR,DULCES EN GENERAL,$0.000,$4.500
7501059299429,LARIN AVELLANAS 24GR,DULCES EN GENERAL,$0.000,$12.000
7501059287327,CARLOS V BLANCO 9GR,DULCES EN GENERAL,$0.000,$5.000
78909434,FERRERO ROCHER 27.5 GR,DULCES EN GENERAL,$25.499,$30.000
7501011145566,ROCKA LETA  SONRICS 24GR,DULCES EN GENERAL,$7.585,$7.000
75038489,PALETA MANITA VERO 16GR,DULCES EN GENERAL,$0.000,$2.000
7501024562039,JOLLY RANCHER SABORES 33GR,DULCES EN GENERAL,$0.000,$12.000
7502226813882,PIKLUCAS ENCHILADAS 25GR,DULCES EN GENERAL,$0.000,$11.000
7506105601065,CLORETS 7,DULCES EN GENERAL,$0.000,$13.000
75051884,CLORETS 4,DULCES EN GENERAL,$0.000,$9.000
7622210461742,TRIDENT SUAVE YERBABUENA 10.2GR,DULCES EN GENERAL,$0.000,$4.500
75051969,BUBBALOO MORA AZUL 5.5GR,DULCES EN GENERAL,$0.000,$1.500
75051945,BUBBALOO TUTTI FRUTTI 5.5GR,DULCES EN GENERAL,$0.000,$1.500
75073251,BUBBALOO MENTA 5.5GR,DULCES EN GENERAL,$0.819,$1.500
75051938,BUBBALOO FRESA 5.5GR,DULCES EN GENERAL,$0.000,$1.500
75073299,BUBBALOO YERBABUENA 5.5GR,DULCES EN GENERAL,$0.819,$1.500
75051976,BUBBALOO PLATANO 5.5GR,DULCES EN GENERAL,$0.000,$1.500
26321,CANELS,DULCES EN GENERAL,$0.843,$1.500
75045685,TRIDENT MORA AZUL 5.2GR,DULCES EN GENERAL,$1.768,$3.000
75045616,TRIDENT YERBABUENA 5.2GR,DULCES EN GENERAL,$2.225,$3.000
75038762,ORBIT FRESA 5.3GR,DULCES EN GENERAL,$2.000,$3.000
75045654,TRIDENT FRESA 5.2GR,DULCES EN GENERAL,$1.625,$3.000
75045494,TRIDENT FRESHMINT 5.2GR,DULCES EN GENERAL,$1.975,$3.000
75038823,ORBIT HIERBABUENA 5.6GR,DULCES EN GENERAL,$2.000,$3.000
75039394,ORBIT MENTA 5.6GR,DULCES EN GENERAL,$2.000,$3.000
75040437,ORBIT POLAR MINT 5.6GR,DULCES EN GENERAL,$2.000,$3.000
754177505829,WINIS CEREZA 18.2GR,DULCES EN GENERAL,$0.000,$0.000
75040772,ALKA MIEL 30.6GR,DULCES EN GENERAL,$0.000,$0.000
75040796,ALKA MENTA YERBABUENA 30.6GR,DULCES EN GENERAL,$0.000,$0.000
7622210267818,HALLS MENTA 25.2GR,DULCES EN GENERAL,$5.655,$8.000
7622210267825,HALLS CEREZA 25.2GR,DULCES EN GENERAL,$5.655,$8.000
754177505812,WINIS LIMON 18.2GR,DULCES EN GENERAL,$0.000,$0.000
754177505836,WINIS NARANJA 18.2GR,DULCES EN GENERAL,$0.000,$0.000
754177505805,WINIS UVA 18.2GR,DULCES EN GENERAL,$0.000,$0.000
7622210267856,HALLS MORA AZUL 25.2GR,DULCES EN GENERAL,$5.655,$8.000
7622210529688,HALLS NEGRAS  EXTRA STRONG 25.2GR,DULCES EN GENERAL,$5.655,$8.000
7501059281165,FRESCAS NESTLE 35GR,DULCES EN GENERAL,$13.111,$16.000
7506174500467,M&M CHOCOLATE 47.9GR,DULCES EN GENERAL,$0.000,$18.000
7506174500450,MM CACAHUATE 49.3GR,DULCES EN GENERAL,$0.000,$14.000
12162,HUEVO TURIN 20GR,DULCES EN GENERAL,$0.000,$10.000
7622210699541,HALLS TROPICAL AIR 25.2 GR,DULCES EN GENERAL,$0.000,$7.000
7622210267863,HALLS MIEL 25.2 GR,DULCES EN GENERAL,$5.792,$8.000
7622210267870,HALLS COLORS 25.2 GR,DULCES EN GENERAL,$5.655,$8.000
7622210530714,HALLS YERBABUENA 25.2 GR,DULCES EN GENERAL,$7.167,$8.000
759686263680,RELLERINDOS TAMARINDO 11GR,DULCES EN GENERAL,$1.500,$0.000
7501011189058,GUDU VARITA 14GR,DULCES EN GENERAL,$0.000,$0.000
12161,GUDULETA 17GR,DULCES EN GENERAL,$0.000,$3.000
12160,MACARRON DE CANELA 20GR,DULCES EN GENERAL,$0.000,$2.000
75043360,CHICLOSO CAJETA CORONADO 6.2GR,DULCES EN GENERAL,$0.000,$0.000
7622210464774,TRIDENT XTRACARE MENTA 16.32GR,DULCES EN GENERAL,$0.000,$9.000
7622210464798,TRIDENT XTRACARE YERBABUENA 16.32GR,DULCES EN GENERAL,$0.000,$9.000
7506105606060,TRIDENT VALUPACK YERBABUENA 30.6GR,DULCES EN GENERAL,$14.580,$26.000
7506105606077,TRIDENT VALUPACK FRESHMINT 30.6GR,DULCES EN GENERAL,$15.417,$26.000
7506105606084,TRIDENT VALUPACK SANDIA 30.6GR,DULCES EN GENERAL,$15.417,$17.000
75022815,CHOCOLATE BAILEYS TURIN 10GR,DULCES EN GENERAL,$0.000,$0.000
756774011567,CONEJO TURIN CHOCOLATE 20GR,DULCES EN GENERAL,$9.500,$10.000
12158,PELOTA CHUTAZO 18.5GR,DULCES EN GENERAL,$4.167,$5.000
12157,CHUPA CHUPS 6GR,DULCES EN GENERAL,$0.000,$1.000
12156,PALETA TUTSI POP 20GR,DULCES EN GENERAL,$3.208,$5.000
759686562189,PALETA CUPIDO 16GR,DULCES EN GENERAL,$0.000,$2.000
757528027179,GOMITAS TARRITO VERO 35GR,DULCES EN GENERAL,$0.000,$9.000
7501011138865,INSPIREKA KONSTRUY 49GR,DULCES EN GENERAL,$15.562,$20.000
7501011140776,INSPIREKA ARMABLES 32GR,DULCES EN GENERAL,$17.010,$20.000
7500478003457,INSPIREKA ARENA MAGICA 30GR,DULCES EN GENERAL,$16.990,$20.000
7501011147942,INSPIREKA MOLDEABLE 45GR,DULCES EN GENERAL,$17.010,$20.000
7501011159969,INSPIREKA PINTA FRUT 20.4GR,DULCES EN GENERAL,$16.960,$20.000
207,TIX TIX TUBI PZA,DULCES EN GENERAL,$0.000,$1.000
7501030475217,MINI PINGUINOS CHOCOLATE 30GR,DULCES EN GENERAL,$0.000,$5.000
7501030437475,PINGUINOS COOKIES & CREAM 80GR,DULCES EN GENERAL,$0.000,$15.000
757528032913,GUMMY YUMMY 90GR CROWNS,DULCES EN GENERAL,$0.000,$15.000
757528032999,GUMMY YUMMY 90GR GLOWS,DULCES EN GENERAL,$0.000,$15.000
757528032630,GUMMY YUMMY 90GR FRUTAL,DULCES EN GENERAL,$0.000,$15.000
757528032951,GUMMY YUMMY 90GR AROS,DULCES EN GENERAL,$0.000,$15.000
757528033071,GUMMY YUMMY 90GR TAGS,DULCES EN GENERAL,$0.000,$15.000
757528032715,GUMMY YUMMY 90GR FLAN,DULCES EN GENERAL,$0.000,$15.000
757528032876,GUMMY YUMMY 90GR MANGO,DULCES EN GENERAL,$0.000,$15.000
87451,JUGUETE TOIS,DULCES WOW,$12.000,$16.000
78815,DULCES WOW,DULCES WOW,$6.000,$8.000
7503030374651,PALETA DE MANGO 14GR,DULCES WOW,$3.032,$3.000
7503030374736,CUPIDO 14GR,DULCES WOW,$2.300,$3.000
724869100106,MAZAPAN DE LA ROSA 28GR,DULCES WOW,$2.647,$5.000
725181035015,LUCAS GUSANO 36GR,DULCES WOW,$6.300,$9.000
7501125187131,ELECTROLIT HORCHATA 625ML,ELECTROLIT,$17.500,$25.000
7502268541491,ELECTROLIT ZERO UVA 625 ML,ELECTROLIT,$17.800,$25.000
7501125104688,ELECTROLIT NARANJA MANDARINA 625 ML,ELECTROLIT,$18.330,$25.000
7502268541477,ELECTROLIFE ZERO NARANJA MANDARINA 625ML,ELECTROLIT,$17.918,$25.000
7501125187179,ELECTROLIT GUAYABA 625ML,ELECTROLIT,$15.910,$25.000
7502268541446,ELECTROLIFE ZERO MORA AZUL 625ML,ELECTROLIT,$17.800,$25.000
7502268541484,ELECTROLIFE ZERO FRESA KIWI 625ML,ELECTROLIT,$17.918,$25.000
7501125174797,ELECTROLIT  MORA AZUL 625 ML,ELECTROLIT,$18.330,$25.000
7501125104268,ELECTROLIT  FRESA 625 ML,ELECTROLIT,$18.330,$25.000
7501125103582,ELECTROLIT SABOR PIÑA 625 ML,ELECTROLIT,$17.900,$25.000
7501125174803,ELECTROLIT JAMAICA 625 ML,ELECTROLIT,$20.000,$25.000
7501125149221,ELECTROLIT FRESA CON KIWI  625 ML,ELECTROLIT,$18.330,$25.000
7501125118562,ELECTROLIT  LIMA LIMÓN 625ML,ELECTROLIT,$17.900,$25.000
7501125104343,ELECTROLIT MANZANA 625ML,ELECTROLIT,$18.330,$25.000
7501125104411,ELECTROLIT COCO 625ML,ELECTROLIT,$19.000,$25.000
7501125144851,ELECTROLIT UVA 625ML,ELECTROLIT,$18.330,$25.000
7501013610024,LORIA MANTEQUILLA PURA DE VACA SIN SAL 90GR,EMBUTIDOS Y QUESOS,$0.000,$28.000
7503020964190,SOFUL LT FRESA 200ML,EMBUTIDOS Y QUESOS,$0.000,$10.000
39620,SALAMANCA JAMON DE PAVO 1KG,EMBUTIDOS Y QUESOS,$87.737,$136.000
25083,EL TAMBOR QUESO PANELA 1KG,EMBUTIDOS Y QUESOS,$80.938,$132.000
7501303907193,QUESO PANELA EL EDEN,EMBUTIDOS Y QUESOS,$104.900,$140.000
7501040067013,JAMON DE PIERNA HORNEADO GALICIA,EMBUTIDOS Y QUESOS,$88.500,$132.000
203265,QUESO PANELA DURNAGUEÑO A GRANEL,EMBUTIDOS Y QUESOS,$0.000,$144.000
03068,GALY JAMON AMERICANO PIERNA,EMBUTIDOS Y QUESOS,$71.895,$140.000
2151656,CHORIZO A GRANEL KG,EMBUTIDOS Y QUESOS,$0.000,$100.000
8719200241244,IBERIA MARGARINA 170 G.,EMBUTIDOS Y QUESOS,$16.667,$23.000
84956115,SALCHICHA ANY A GRANEL,EMBUTIDOS Y QUESOS,$31.861,$65.000
8741,SALCHICHA SAN ANTONIO A GRANEL,EMBUTIDOS Y QUESOS,$50.000,$65.000
8785643112,QUESO MANCHEGO NOCHE BUENA A GRANEL,EMBUTIDOS Y QUESOS,$152.000,$216.000
7501013611113,MANTEQUILLA UNTABLE GLORIA SIN SAL 250G,EMBUTIDOS Y QUESOS,$0.000,$50.000
7501013610697,MANTEQUILLA UNTABLE LA ABUELITA 250G,EMBUTIDOS Y QUESOS,$29.740,$38.000
7501013620160,MARGARINA SAN ANTONIO 90G,EMBUTIDOS Y QUESOS,$0.000,$12.000
7501040006975,JAMON DE PIERNA CHIMEX,EMBUTIDOS Y QUESOS,$28.000,$35.000
7503004450022,MAIZ BLANCO POZOLERO 900GR SAN JUAN,EMBUTIDOS Y QUESOS,$0.000,$29.000
7411,TOCINO A GRANEL,EMBUTIDOS Y QUESOS,$0.000,$160.000
9585461,TOCINETA EL PATRON,EMBUTIDOS Y QUESOS,$100.000,$130.000
7895,JAMON DE PIERNA EL PATRÓN,EMBUTIDOS Y QUESOS,$111.000,$160.000
7503019114025,EL SEMBRADOR MAÍZ POZOLERO 1 KG,EMBUTIDOS Y QUESOS,$0.000,$26.000
7677280000568,POZOLE REY SANTIAGO 1KG,EMBUTIDOS Y QUESOS,$23.000,$23.000
4551524584,JAMON DE PAVO GALICIA,EMBUTIDOS Y QUESOS,$83.500,$132.000
323152152,SALCHICHA SUELTA CHERO,EMBUTIDOS Y QUESOS,$38.000,$44.000
7501032601133,DEL RANCHO QUESO LIQUIDO 1LT,EMBUTIDOS Y QUESOS,$35.000,$38.000
505050,TOCINO LA BARCA KG,EMBUTIDOS Y QUESOS,$100.000,$140.000
1235893,SAN MARTIN LONGANIZA,EMBUTIDOS Y QUESOS,$88.000,$104.000
8719200450394,PRIMAVERA CHANTILLY 190GR,EMBUTIDOS Y QUESOS,$29.000,$47.000
7501040067327,QUESO DE PUERCO GALICIA,EMBUTIDOS Y QUESOS,$93.000,$130.000
1234231051,FRIJOL DE SALCHICHA,EMBUTIDOS Y QUESOS,$12.000,$12.000
1541524101524,EL SEMBRADOR MAÍZ POZOLERO 1 KG,EMBUTIDOS Y QUESOS,$16.000,$26.000
2588221,QUESO AMARILLO PIEZA  SUELTA,EMBUTIDOS Y QUESOS,$2.000,$2.000
7501032601058,QUESO AMARILLO  CASTELL 180 G,EMBUTIDOS Y QUESOS,$10.000,$15.000
8719200450615,MANTEQUILLA IBERIA 90G,EMBUTIDOS Y QUESOS,$10.500,$15.000
1698723,SALCHICHA AGRANEL  TIPO VIENA,EMBUTIDOS Y QUESOS,$0.000,$100.000
7501077510063,QUESO PANELA  LA FRANJA,EMBUTIDOS Y QUESOS,$84.300,$100.000
20101,QUESO RAYADO KG,EMBUTIDOS Y QUESOS,$42.000,$48.000
021000011209,KRAF PARMESANO RALLADO 453GR,EMBUTIDOS Y QUESOS,$123.000,$123.000
02020,SALCHICHA ALPINO KG,EMBUTIDOS Y QUESOS,$44.000,$48.000
151,PECHUGA DE PAVO ALPINO KG,EMBUTIDOS Y QUESOS,$80.000,$100.000
7501032600686,MARGARINA IBERIA 4 EN 1 90GR,EMBUTIDOS Y QUESOS,$6.000,$8.000
2023,SALCHICHA FUD A GRANEL KG,EMBUTIDOS Y QUESOS,$58.579,$55.000
2022,LONGANIZA CHALCO A GRANEL KG,EMBUTIDOS Y QUESOS,$88.900,$88.000
2021,PIERNA REAL SAN RAFAEL A GRANEL KG,EMBUTIDOS Y QUESOS,$142.000,$192.000
2020,PECHUGA DE PAVO SAN RAFAEL A GRANEL KG,EMBUTIDOS Y QUESOS,$142.000,$192.000
2016,QUESO DE PUERCO FUD A GRANEL KG,EMBUTIDOS Y QUESOS,$75.000,$112.000
2015,QUESO MANCHEGO A GRANEL KG,EMBUTIDOS Y QUESOS,$104.900,$216.000
2013,QUESO OAXACA A GRANEL KG,EMBUTIDOS Y QUESOS,$156.500,$140.000
2012,QUESO DOBLE CREMA A GRANEL KG,EMBUTIDOS Y QUESOS,$107.600,$140.000
2010,QUESO CANASTO A GRANEL KG,EMBUTIDOS Y QUESOS,$118.200,$130.000
7501052420462,LA SIERRA FRIJOL PERUANO 1 KG,"ENLATADOS, TETRAPACK Y EN BOLSA",$0.000,$60.000
7501052421476,LA SIERRA FRIJOL NEGRO 900GR,"ENLATADOS, TETRAPACK Y EN BOLSA",$0.000,$45.000
7501052421506,LA SIERRA FRIJOL PINTO 900GR,"ENLATADOS, TETRAPACK Y EN BOLSA",$0.000,$45.000
7501003127778,HERDEZ SALSA CHIPOTLE 210 GR,"ENLATADOS, TETRAPACK Y EN BOLSA",$0.000,$18.000
1753567,PALILLOS PZ,"ENLATADOS, TETRAPACK Y EN BOLSA",$1.000,$4.000
7501005110426,MAIZENA FECULA DE MAIZ 425GR,"ENLATADOS, TETRAPACK Y EN BOLSA",$0.000,$48.000
7501052421407,LA SIERRA FRIJOLES BAYOS REFRITOS CON CHIPOTLE 430GR,"ENLATADOS, TETRAPACK Y EN BOLSA",$0.000,$25.000
7501052470047,CLEMENTE JACQUES ADERESO PARA ENSALADA HALIANA 710GR,"ENLATADOS, TETRAPACK Y EN BOLSA",$0.000,$85.000
735257007143,D GARI VAINILLA SABORIZANTE 240ML,"ENLATADOS, TETRAPACK Y EN BOLSA",$0.000,$19.000
735257003909,D GARI POLVO FLAN VAINILLA 115GR,"ENLATADOS, TETRAPACK Y EN BOLSA",$0.000,$12.000
7501379124395,BUENO LENTEJA 500GR,"ENLATADOS, TETRAPACK Y EN BOLSA",$0.000,$30.000
7501379119704,BUENO AVENA NATURAL 400 GR,"ENLATADOS, TETRAPACK Y EN BOLSA",$0.000,$25.000
7501379201423,BUENO MAIZ PALOMERO 500 GR,"ENLATADOS, TETRAPACK Y EN BOLSA",$0.000,$25.000
7506475107372,NESCAFÉ CAPPUCCINO CHURRO,"ENLATADOS, TETRAPACK Y EN BOLSA",$0.000,$13.000
7501023350644,LOS PORTALES CAFE SOLUBLE 170 GR,"ENLATADOS, TETRAPACK Y EN BOLSA",$0.000,$90.000
7501668801273,ABETO AVENA NATURAL 400GR,"ENLATADOS, TETRAPACK Y EN BOLSA",$0.000,$14.000
7501052421513,LA SIERRA FRIJOLES PERUANOS REFRITOS 650GR,"ENLATADOS, TETRAPACK Y EN BOLSA",$0.000,$25.000
7501052421408,LA SIERRA FRIJOLES REFRITOS CON CHIPOTLE 430GR,"ENLATADOS, TETRAPACK Y EN BOLSA",$0.000,$25.000
7501041420039,TUNY ATUN DE AGUA CON ACEITE 130G,"ENLATADOS, TETRAPACK Y EN BOLSA",$0.000,$23.000
7503003279334,CAFE PUNTA DEL CIELO SOLUBLE 3.1GR,"ENLATADOS, TETRAPACK Y EN BOLSA",$0.000,$5.000
7501058631558,NESTLE CARNATION LECHE EVAPORADA 930ML,"ENLATADOS, TETRAPACK Y EN BOLSA",$0.000,$55.000
7501200486005,"PRONTO CONDENSADA 380G(285,71ML)","ENLATADOS, TETRAPACK Y EN BOLSA",$0.000,$28.000
7501017043453,COSTEÑA RAJAS DE JALAPEÑO 340GR,"ENLATADOS, TETRAPACK Y EN BOLSA",$0.000,$35.000
7501006532814,DEL MONTE ENSALADA CAMPESINA 215GR,"ENLATADOS, TETRAPACK Y EN BOLSA",$0.000,$20.000
7501006536942,DEL MONTE ENSALADA ELOTE DORADO 225GR,"ENLATADOS, TETRAPACK Y EN BOLSA",$0.000,$20.000
7501006532746,DEL MONTE ENSALADA DE VERDURAS 215GR,"ENLATADOS, TETRAPACK Y EN BOLSA",$0.000,$20.000
7501017043460,COSTEÑA JALAPEÑOS ENTEROS 340GR,"ENLATADOS, TETRAPACK Y EN BOLSA",$0.000,$30.000
7503035928040,DELCAMPO MIEL DE ABEJA 100% NATURAL 200GR,"ENLATADOS, TETRAPACK Y EN BOLSA",$0.000,$40.000
7501052437200,CLEMENTE JACQUES CESAR CRUTONES BORNEADOS 142GR,"ENLATADOS, TETRAPACK Y EN BOLSA",$0.000,$55.000
7501052474007,CLEMENTE JACQUES MERMELADA DE FRESA 300GR,"ENLATADOS, TETRAPACK Y EN BOLSA",$0.000,$32.000
7501052476117,CLEMENTE JACQUES NACHOS JALAPEÑOS EN ESCABECHE 380GR,"ENLATADOS, TETRAPACK Y EN BOLSA",$0.000,$30.000
7501052476100,CLEMENTE JACQUES NACHOS JALAPEÑOS EN ESCABECHE 220GR,"ENLATADOS, TETRAPACK Y EN BOLSA",$0.000,$18.000
7502007292219,ACEITE DE OLIVO GOURMET 180ML,"ENLATADOS, TETRAPACK Y EN BOLSA",$0.000,$40.000
7501003124272,HERDEZ GARBANZOS LATA 400GR,"ENLATADOS, TETRAPACK Y EN BOLSA",$0.000,$26.000
7501118342110,SAL SOL BOTE 1KG,"ENLATADOS, TETRAPACK Y EN BOLSA",$0.000,$25.000
7502261253919,NUESTRO CAMPO SALSA CHIPOTLE 215GR,"ENLATADOS, TETRAPACK Y EN BOLSA",$0.000,$20.000
7501003104007,HERDEZ RAJAS EN ESCABECHE 360GR,"ENLATADOS, TETRAPACK Y EN BOLSA",$0.000,$33.000
7501052437224,CLEMENTE JACQUES RANCH CRUTONES 142GR,"ENLATADOS, TETRAPACK Y EN BOLSA",$0.000,$55.000
7501045404400,EL DORADO ATUN EN AGUA 130GR,"ENLATADOS, TETRAPACK Y EN BOLSA",$0.000,$26.000
7501052437231,CLEMENTE JACQUES QUESO Y AJO CRUTONES 142GR,"ENLATADOS, TETRAPACK Y EN BOLSA",$0.000,$26.000
7506495004064,ATUN DE ACEITE 130GR,"ENLATADOS, TETRAPACK Y EN BOLSA",$0.000,$18.000
7501253678013,SARDINAS EN SALSA DE TOMATE 425GR,"ENLATADOS, TETRAPACK Y EN BOLSA",$0.000,$50.000
7501003100085,DOÑA MARIA MOLE TETRAPACK 360GR,"ENLATADOS, TETRAPACK Y EN BOLSA",$0.000,$30.000
7506205807596,CHOCO MILK CHOCOLATE 350GR,"ENLATADOS, TETRAPACK Y EN BOLSA",$0.000,$45.000
010248765173,YEMINA CODO LISO 1 200GR,"ENLATADOS, TETRAPACK Y EN BOLSA",$0.000,$12.000
7501058628831,NESTLE LECHE CARNATION 720GR,"ENLATADOS, TETRAPACK Y EN BOLSA",$0.000,$26.000
7503031287028,CORONADO CAJETA QUEMADA 333GR,"ENLATADOS, TETRAPACK Y EN BOLSA",$0.000,$60.000
7501023317999,SAN MARCOS CHILES CHIPOTLES ADOBADOS 225GR,"ENLATADOS, TETRAPACK Y EN BOLSA",$0.000,$32.000
7501006532753,DEL MONTE ENSALADA DE VERDURAS 400GR,"ENLATADOS, TETRAPACK Y EN BOLSA",$0.000,$17.000
7501006532807,DEL MONTE ENSALADA CAMPESINA 400GR,"ENLATADOS, TETRAPACK Y EN BOLSA",$0.000,$18.000
7501003123411,HERDEZ CHAMPIÑONES YTROCITOS 186GR,"ENLATADOS, TETRAPACK Y EN BOLSA",$0.000,$20.000
735257013007,D´GARI GRENETINA EN POLVO SIN SABOR 28GR,"ENLATADOS, TETRAPACK Y EN BOLSA",$0.000,$20.000
7506205807626,CHOCOMILK SABOR CHOCOCANELA 350 GR,"ENLATADOS, TETRAPACK Y EN BOLSA",$0.000,$45.000
7506475112741,MORELIA CHCOLOATE PRESIDENCIAL 338 GR,"ENLATADOS, TETRAPACK Y EN BOLSA",$0.000,$36.000
7501059296374,NESQUIK SABOR FRESA 375GR,"ENLATADOS, TETRAPACK Y EN BOLSA",$0.000,$36.000
7501045401447,DOLORES ENSALADA DE ATUN 140GR,"ENLATADOS, TETRAPACK Y EN BOLSA",$0.000,$27.000
7501052421254,LA SIERRA FRIJOLES PERUANOS REFRITOS 430G,"ENLATADOS, TETRAPACK Y EN BOLSA",$0.000,$22.000
7501052420172,LA SIERRA FRIJOLES BAYOS REFRITOS 430G,"ENLATADOS, TETRAPACK Y EN BOLSA",$0.000,$22.000
7501162000103,DON JEFE PIÑA EN ALMIBAR 825 G,"ENLATADOS, TETRAPACK Y EN BOLSA",$0.000,$55.000
7501052476308,CLEMENTE JACQUES CHIPOTLES ADOBADOS 220GR,"ENLATADOS, TETRAPACK Y EN BOLSA",$0.000,$35.000
7501017003167,LA COSTEÑA DURAZNOS EN ALMIBAR 820GR,"ENLATADOS, TETRAPACK Y EN BOLSA",$0.000,$65.000
755342011107,SANTA MONICA TROZOS DE PIÑA EN ALMIBAR 470GR,"ENLATADOS, TETRAPACK Y EN BOLSA",$38.490,$55.000
7506475118156,CHOCOLATE ABUELITA CAPUCCINO BARRA PZ,"ENLATADOS, TETRAPACK Y EN BOLSA",$12.180,$18.000
7506475102834,CHOCOLATE ABUELITA  LIQUIDO 930 ML,"ENLATADOS, TETRAPACK Y EN BOLSA",$31.010,$40.000
7801800107875,DURAZNOS EN ALMIBAR EL VERGEL 820 GR,"ENLATADOS, TETRAPACK Y EN BOLSA",$44.000,$58.000
735257002667,D´GARI SABOR NUEZ 120G,"ENLATADOS, TETRAPACK Y EN BOLSA",$0.000,$13.000
7506306312081,MAIZENA GUAYABA 47G,"ENLATADOS, TETRAPACK Y EN BOLSA",$0.000,$13.000
7501005145442,MAIZENA COCO 47G,"ENLATADOS, TETRAPACK Y EN BOLSA",$8.063,$13.000
7501017004416,FRIJOLES BAYOS ENTEROS 400 G. LA COSTEÑA,"ENLATADOS, TETRAPACK Y EN BOLSA",$9.500,$13.000
7501017003334,PIÑA EN ALMIBAR REBANADAS 800G,"ENLATADOS, TETRAPACK Y EN BOLSA",$40.000,$60.000
7501017003396,PIÑA EN ALMIBAR TROCITOS LA COSTEÑA 800G,"ENLATADOS, TETRAPACK Y EN BOLSA",$0.000,$60.000
755342043009,DURAZNOS EN ALMIBAR SANTA MONICA 470G,"ENLATADOS, TETRAPACK Y EN BOLSA",$45.490,$60.000
7501062700134,RAJAS VERDES LA MORENA 380G,"ENLATADOS, TETRAPACK Y EN BOLSA",$24.900,$30.000
7501017003006,JALAPEÑOS ENTEROS LA COSTEÑA 780G,"ENLATADOS, TETRAPACK Y EN BOLSA",$0.000,$35.000
7501017004515,ELOTE DORADO LA COSTEÑA 410 G.,"ENLATADOS, TETRAPACK Y EN BOLSA",$16.063,$21.000
735257002889,FLAN DGARI 84 G.,"ENLATADOS, TETRAPACK Y EN BOLSA",$14.300,$19.000
7501052477008,COCTEL DE FRUTAS CLEMENTE JACQUE 850 G.,"ENLATADOS, TETRAPACK Y EN BOLSA",$58.627,$80.000
7501052471051,ELOTE CLEMENTE JACQUES 410 G.,"ENLATADOS, TETRAPACK Y EN BOLSA",$16.400,$22.000
7501052471068,ENSALADA DE VERDURAS CLEMENTE JACQUES 220 G.,"ENLATADOS, TETRAPACK Y EN BOLSA",$10.313,$14.000
7501052471075,ENSALADA DE VERDURAS CLEMENTE 410 G,"ENLATADOS, TETRAPACK Y EN BOLSA",$15.080,$20.000
076397007106,PURE DE TOMATE 350 G.,"ENLATADOS, TETRAPACK Y EN BOLSA",$12.000,$20.000
7501017005611,PURE DE TOMATE 210 G.,"ENLATADOS, TETRAPACK Y EN BOLSA",$7.750,$12.000
7501003103994,RAJAS DE JALAPEÑOS EN ESCABECHE HERDEZ 205G/110G,"ENLATADOS, TETRAPACK Y EN BOLSA",$0.000,$16.000
755342011008,PIÑA EN ALMIBAR SANTA MONICA 470G,"ENLATADOS, TETRAPACK Y EN BOLSA",$40.540,$55.000
7501062700042,CHILES JALAPEÑOS LA MORENA 210 G.,"ENLATADOS, TETRAPACK Y EN BOLSA",$12.100,$16.000
7501200482137,GELATINA PRONTO LIMON,"ENLATADOS, TETRAPACK Y EN BOLSA",$0.000,$11.000
7501200482151,GELATINA PRONTO PIÑA,"ENLATADOS, TETRAPACK Y EN BOLSA",$0.000,$11.000
7501200482120,GELATINA PRONTO FRESA,"ENLATADOS, TETRAPACK Y EN BOLSA",$0.000,$11.000
7506475112833,NESTLE LA LECHERA ORIGINAL 440GR,"ENLATADOS, TETRAPACK Y EN BOLSA",$0.000,$33.000
735257003770,D GARI SABOR FRUTOS ROJOS 120 G,"ENLATADOS, TETRAPACK Y EN BOLSA",$0.000,$13.000
735257002537,D GARI SABOR DURAZNO 120 G,"ENLATADOS, TETRAPACK Y EN BOLSA",$0.000,$13.000
735257002698,D GARI SABOR LECHE CONDESADA 120 G,"ENLATADOS, TETRAPACK Y EN BOLSA",$0.000,$13.000
735257002674,D GARI SABOR COCO 120 G,"ENLATADOS, TETRAPACK Y EN BOLSA",$0.000,$13.000
735257002612,D GARI SABOR GELATINA CRISTALINA 120 G,"ENLATADOS, TETRAPACK Y EN BOLSA",$0.000,$13.000
7501052477107,LA COSTEÑA DURAZNOS EN ALMIBAR 820G,"ENLATADOS, TETRAPACK Y EN BOLSA",$51.710,$65.000
7501071307799,ISADORA FRIJOLES REFRITOS NEGROS 430 GR,"ENLATADOS, TETRAPACK Y EN BOLSA",$13.330,$18.000
7501003105486,HERDEZ DE AFUA 130 G,"ENLATADOS, TETRAPACK Y EN BOLSA",$21.000,$21.000
7501003105479,ATUN HERDEZ DE ACEITE 130 G,"ENLATADOS, TETRAPACK Y EN BOLSA",$21.000,$21.000
7501016000631,CHOCO LATOSO 350 G,"ENLATADOS, TETRAPACK Y EN BOLSA",$25.000,$25.000
7501017003341,MANGO EN ALMIBAR COSTEÑA 800GR,"ENLATADOS, TETRAPACK Y EN BOLSA",$53.500,$63.000
7501059284388,CHOCOLATE MORELIA 70GR,"ENLATADOS, TETRAPACK Y EN BOLSA",$40.000,$40.000
7501017004171,LA COSTEÑA CHICHAROS Y ZANAHORIA 420GR,"ENLATADOS, TETRAPACK Y EN BOLSA",$16.000,$18.000
7501017005826,LA COSTEÑA CHIRAROS Y ZANAHORIA 220GR,"ENLATADOS, TETRAPACK Y EN BOLSA",$10.000,$10.000
7501017005062,LA COSTEÑA NACHO JALAPÈÑO 220GR,"ENLATADOS, TETRAPACK Y EN BOLSA",$15.333,$22.000
7501052421193,LA SIERRA FRIJOLES REFRITOS PERUANOS 400 G,"ENLATADOS, TETRAPACK Y EN BOLSA",$15.000,$15.000
7501052421179,LA SIERRA REFRITOS NEGROS FRIJOLES 400 G,"ENLATADOS, TETRAPACK Y EN BOLSA",$15.000,$15.000
735257002582,D GARI SABOR MANGO MANILA 120GR,"ENLATADOS, TETRAPACK Y EN BOLSA",$12.000,$13.000
013602000200,REXAL POLVO PARA HORNEAR 100GR,"ENLATADOS, TETRAPACK Y EN BOLSA",$14.000,$14.000
823703800308,MAXIMA COCTEL DE FRUTAS 820GR,"ENLATADOS, TETRAPACK Y EN BOLSA",$56.000,$56.000
7506205804489,CAL.C.TOSE 100GR,"ENLATADOS, TETRAPACK Y EN BOLSA",$23.000,$23.000
7501058643902,CARLOS V EN POLVO 160 G,"ENLATADOS, TETRAPACK Y EN BOLSA",$20.000,$20.000
7501200480515,FLAN PRONTO 136 G,"ENLATADOS, TETRAPACK Y EN BOLSA",$12.000,$12.000
7506475102131,CHOCOLATE EN POLVO ABUELITA 76 G,"ENLATADOS, TETRAPACK Y EN BOLSA",$7.000,$13.000
7501079702817,PURE DE TOMATE DEL FUERTE 210GR,"ENLATADOS, TETRAPACK Y EN BOLSA",$7.500,$10.000
7501071308581,ISADORA FRIJOLES REFRITOS PERUANOS 400 G,"ENLATADOS, TETRAPACK Y EN BOLSA",$15.000,$18.000
7501041417282,ATÚN EN AGUA JUMBO TUNY 295G,"ENLATADOS, TETRAPACK Y EN BOLSA",$33.000,$33.000
823703200023,KARINA DURAZNOS EN ALMIBAR 820 G,"ENLATADOS, TETRAPACK Y EN BOLSA",$43.000,$59.000
7501058618597,NESQUIK CACAO 200GR,"ENLATADOS, TETRAPACK Y EN BOLSA",$22.000,$22.000
7501017004140,CHICHAROS COSTEÑA 420GR,"ENLATADOS, TETRAPACK Y EN BOLSA",$12.000,$12.000
735257006047,D GARI SABOR VAINILLA 1 LITRO,"ENLATADOS, TETRAPACK Y EN BOLSA",$37.000,$37.000
7501059287938,MEDIA CREMA NESTLE 270 G,"ENLATADOS, TETRAPACK Y EN BOLSA",$16.000,$16.000
735257002704,D GARI PIÑA CON COCO 120 G,"ENLATADOS, TETRAPACK Y EN BOLSA",$10.500,$13.000
7501058619976,LECHERA DESLACTOSADA 384 G,"ENLATADOS, TETRAPACK Y EN BOLSA",$27.000,$27.000
7501052424033,FRIJOLES LA SIERRA BAYOS REF. 440GR,"ENLATADOS, TETRAPACK Y EN BOLSA",$12.000,$15.000
7501062700639,CHIPOTLES LA MORENA 100 G,"ENLATADOS, TETRAPACK Y EN BOLSA",$14.000,$16.000
7501058631961,LA LECHERA DE BOLSA 209 GR,"ENLATADOS, TETRAPACK Y EN BOLSA",$14.825,$17.000
7501017004287,FRIJOLES CHARROS COSTEÑA 560GR,"ENLATADOS, TETRAPACK Y EN BOLSA",$19.000,$19.000
123326202,PURE DE TOMATE MOLIDO CON CHILE CHIPOTLE  CHICO,"ENLATADOS, TETRAPACK Y EN BOLSA",$8.000,$8.000
7501017005765,JALAPEÑOS PICADOS 220 G,"ENLATADOS, TETRAPACK Y EN BOLSA",$15.980,$21.000
823703800018,DURAZNOS EN ALMIBAR MAXIMA P. 820GR,"ENLATADOS, TETRAPACK Y EN BOLSA",$45.000,$45.000
7501005110389,MAIZENA BLANCA 160GR,"ENLATADOS, TETRAPACK Y EN BOLSA",$17.150,$23.000
7501005110242,MAIZENA BLANCA 95GR,"ENLATADOS, TETRAPACK Y EN BOLSA",$11.853,$16.000
7501071308598,ISADORA FRIJOLES  REFRITOS BAYOS 400 GR,"ENLATADOS, TETRAPACK Y EN BOLSA",$12.720,$16.000
7501017003655,LA COSTEÑA FRIJOLES REFRITOS NEGROS 820 G,"ENLATADOS, TETRAPACK Y EN BOLSA",$24.000,$24.000
7501052476209,JALAPEÑOS CLEMENTE JACQUES EN ESCABECHE 220 G,"ENLATADOS, TETRAPACK Y EN BOLSA",$12.000,$12.000
7501067474849,PIÑA EN ALMIBAR LA TORRE 800GR,"ENLATADOS, TETRAPACK Y EN BOLSA",$45.000,$45.000
7506205802171,CHOCO MILK 1.75 G,"ENLATADOS, TETRAPACK Y EN BOLSA",$140.000,$140.000
7501069210766,HARINA DE ARROZ TRES ESTRELLAS 250 G,"ENLATADOS, TETRAPACK Y EN BOLSA",$11.000,$18.000
7501069210759,HARINA DE ARROZ TRES ESTRELLAS 500 G,"ENLATADOS, TETRAPACK Y EN BOLSA",$22.000,$34.000
7506205807633,CALCETOSE 160 G,"ENLATADOS, TETRAPACK Y EN BOLSA",$23.000,$23.000
7501023311034,SAN MARCOS RAJAS 380 G,"ENLATADOS, TETRAPACK Y EN BOLSA",$20.000,$20.000
7501079702848,DEL FUERTE PURE DE TOMATE 1 KG,"ENLATADOS, TETRAPACK Y EN BOLSA",$23.000,$23.000
735257002483,D GARI SABOR MANDARINA 120 G,"ENLATADOS, TETRAPACK Y EN BOLSA",$10.500,$13.000
735257002568,D GARI SABOR MANZANA 120G,"ENLATADOS, TETRAPACK Y EN BOLSA",$10.500,$13.000
823703801824,PIÑA EN ALMIBAR REBANADAS MAXIMA PREMIUM 800 G,"ENLATADOS, TETRAPACK Y EN BOLSA",$39.000,$44.000
735257002520,"D, GARI SABOR FRAMBUESA 120 G","ENLATADOS, TETRAPACK Y EN BOLSA",$10.500,$13.000
735257002599,"D, GARI SABOR MORA SILVESTRE 120 G","ENLATADOS, TETRAPACK Y EN BOLSA",$10.280,$13.000
7501045403915,DOLORES ATUN AGUA 133GR,"ENLATADOS, TETRAPACK Y EN BOLSA",$19.672,$24.000
735257002476,D GARI SABOR  NARANJA 120 G,"ENLATADOS, TETRAPACK Y EN BOLSA",$10.280,$13.000
7501017003624,LA COSTEÑA FRIJOLES BAYOS REFRITOS 820 G,"ENLATADOS, TETRAPACK Y EN BOLSA",$24.000,$24.000
789742895050,NUTELLA CREMA DE AVELLANAS CON CACAO 350 G,"ENLATADOS, TETRAPACK Y EN BOLSA",$60.000,$62.000
7501200482144,GEL. PRONTO NARANJA AGUA 84GR,"ENLATADOS, TETRAPACK Y EN BOLSA",$11.000,$11.000
7501200482212,GEL. PRONTO VAINILLA LECHE 84GR,"ENLATADOS, TETRAPACK Y EN BOLSA",$11.000,$11.000
7501200482205,GEL. PRONTO FRESA LECHE 84GR,"ENLATADOS, TETRAPACK Y EN BOLSA",$11.000,$11.000
7501200482229,GEL. PRONTO CHOCOLATE LECHE 84GR,"ENLATADOS, TETRAPACK Y EN BOLSA",$11.000,$11.000
7501045403908,DOLORES ATUN ACEITE 133GR,"ENLATADOS, TETRAPACK Y EN BOLSA",$19.672,$24.000
7501041419002,ACEITE TUNY 140 GR,"ENLATADOS, TETRAPACK Y EN BOLSA",$14.000,$14.000
735257002551,GELATINA  D'GARI   FRUTOS ROJOS 120G,"ENLATADOS, TETRAPACK Y EN BOLSA",$10.500,$13.000
735257005019,D GARI FLAN VAINILLA 140 GR,"ENLATADOS, TETRAPACK Y EN BOLSA",$7.500,$15.000
7501728029111,REBANADAS DE PIÑA DON AGUSTIN 470G,"ENLATADOS, TETRAPACK Y EN BOLSA",$37.000,$62.000
7501079704712,DEL  FUERTE PURE DE TOMATE DE 210G,"ENLATADOS, TETRAPACK Y EN BOLSA",$6.000,$8.000
7501011323353,CAMPBELLS CREMA DE ELOTE DE 750G,"ENLATADOS, TETRAPACK Y EN BOLSA",$48.000,$48.000
7501011361461,CAMPBELLS CREMA POLLO CON CHAMPIÑONES 420G,"ENLATADOS, TETRAPACK Y EN BOLSA",$26.000,$26.000
7501023311058,SAN  MARCOS  RAJAS DE 105G,"ENLATADOS, TETRAPACK Y EN BOLSA",$7.000,$7.000
735257002681,GELATINA DGARI PISTACHE 120GR,"ENLATADOS, TETRAPACK Y EN BOLSA",$8.000,$13.000
735257002643,GELATINA DGARI FRESA 120GR,"ENLATADOS, TETRAPACK Y EN BOLSA",$8.000,$13.000
735257002452,GELATINA DGARI UVA 120GR,"ENLATADOS, TETRAPACK Y EN BOLSA",$10.280,$13.000
735257002650,GELATINA DGARI CHOCOLATE 120GR,"ENLATADOS, TETRAPACK Y EN BOLSA",$10.280,$13.000
735257002469,D'GARI GELATINA PIÑA 120GR,"ENLATADOS, TETRAPACK Y EN BOLSA",$10.280,$13.000
735257002636,GELATINA DGARI VAINILLA 120GR,"ENLATADOS, TETRAPACK Y EN BOLSA",$8.000,$13.000
735257002544,GELATINA DGARI GROSELLA AGUA 120GR,"ENLATADOS, TETRAPACK Y EN BOLSA",$8.000,$13.000
735257002629,GELATINA DGARI ROMPOPE 120GR,"ENLATADOS, TETRAPACK Y EN BOLSA",$8.000,$13.000
735257002513,GELATINA DGARI FRESA AGUA 120GR,"ENLATADOS, TETRAPACK Y EN BOLSA",$8.000,$13.000
735257002490,GELATINA DGARI LIMON 120GR,"ENLATADOS, TETRAPACK Y EN BOLSA",$10.280,$13.000
735257002575,GELATINA DGARI ANIS 120GR,"ENLATADOS, TETRAPACK Y EN BOLSA",$8.000,$13.000
735257002605,GELATINA DGARI ARANDANO 120GR,"ENLATADOS, TETRAPACK Y EN BOLSA",$8.000,$13.000
7501006558920,CHAMPIÑONES REB. DEL MONTE 380GR,"ENLATADOS, TETRAPACK Y EN BOLSA",$29.000,$29.000
7501045403281,SARDINA DOLORES 425GR,"ENLATADOS, TETRAPACK Y EN BOLSA",$35.703,$47.000
058897090536,COCTEL FRUTAS CORINA 820GR,"ENLATADOS, TETRAPACK Y EN BOLSA",$41.000,$59.000
7501052420165,LA SIERRA FRIJOLES NEGROS REF. 430GR,"ENLATADOS, TETRAPACK Y EN BOLSA",$15.000,$15.000
7501071307676,ISADORA BAYOS REF. 220GR,"ENLATADOS, TETRAPACK Y EN BOLSA",$9.600,$9.000
7501017003020,RAJAS LA COSTEÑA 820GR,"ENLATADOS, TETRAPACK Y EN BOLSA",$31.667,$45.000
7501017004911,CHIPOTLE LA COST. 380GR,"ENLATADOS, TETRAPACK Y EN BOLSA",$38.000,$39.000
7501017004157,E. DE VERDURAS LA COST. 410GR,"ENLATADOS, TETRAPACK Y EN BOLSA",$16.188,$13.000
7501006535303,ELOTE DORADO DEL MONTE 400GR,"ENLATADOS, TETRAPACK Y EN BOLSA",$14.500,$14.500
7501017005321,ELOTE DORADO LA COST. 220GR,"ENLATADOS, TETRAPACK Y EN BOLSA",$10.583,$8.000
7501003124166,CHICHAROS CON ZANAHORIA 225 GR HERDEZ,"ENLATADOS, TETRAPACK Y EN BOLSA",$8.000,$9.000
7501024577057,JARABE HERSHEYS 453ML,"ENLATADOS, TETRAPACK Y EN BOLSA",$48.500,$48.500
7501023348047,SALSA CHIPOTLE SAN MARCOS 215GR,"ENLATADOS, TETRAPACK Y EN BOLSA",$16.771,$14.000
7501023348290,S. CHIPOTLE EST. MOLCAJETE SN M. 215GR,"ENLATADOS, TETRAPACK Y EN BOLSA",$10.000,$10.000
7501062700622,CHIPOTLES ADOBADOS LA MORENA 210GR,"ENLATADOS, TETRAPACK Y EN BOLSA",$27.938,$30.000
7501062700608,CHIPOTLES ADOBADOS LA MORENA 120GR,"ENLATADOS, TETRAPACK Y EN BOLSA",$12.000,$12.000
7501062700035,JALAPEÑOS LA MORENA 380GR,"ENLATADOS, TETRAPACK Y EN BOLSA",$21.100,$15.000
7501071307935,FRIJOLES ISADORA ENTEROS NEGROS 454GR,"ENLATADOS, TETRAPACK Y EN BOLSA",$11.000,$13.500
7501079702855,PURÉ DE TOMATE DEL FUERTE 345GR,"ENLATADOS, TETRAPACK Y EN BOLSA",$11.408,$15.000
7501052424606,FRIJOLES SIERRA ENTEROS NEGROS 616GR,"ENLATADOS, TETRAPACK Y EN BOLSA",$14.700,$12.500
7501052424613,FRIJOLES LA  SIERRA ENTEROS BAYOS 560GR,"ENLATADOS, TETRAPACK Y EN BOLSA",$13.833,$17.000
7501017051328,CHILES JALAPEÑOS LA COSTEÑA 220GR,"ENLATADOS, TETRAPACK Y EN BOLSA",$79.500,$15.000
7501052477213,TROZOS DE PIÑA CLEMENTE JACQUES 800GR,"ENLATADOS, TETRAPACK Y EN BOLSA",$32.000,$38.000
7501058620750,LA LECHERA SOBRE 90GR,"ENLATADOS, TETRAPACK Y EN BOLSA",$8.000,$10.000
7501017005079,SALSA MEXICANA LA COSTEÑA 220GR,"ENLATADOS, TETRAPACK Y EN BOLSA",$8.000,$9.000
7501079709984,PURE DE TOMATE DEL FUERTE 210GR,"ENLATADOS, TETRAPACK Y EN BOLSA",$8.204,$12.000
7501017005017,CHILES SERRANOS LA COSTEÑA 220GR,"ENLATADOS, TETRAPACK Y EN BOLSA",$20.100,$22.000
7501017051335,RAJAS LA COSTEÑA 240GR,"ENLATADOS, TETRAPACK Y EN BOLSA",$8.000,$12.500
7501017005345,ENSALADA DE VERDURAS LA COSTEÑA 220GR,"ENLATADOS, TETRAPACK Y EN BOLSA",$10.333,$11.000
7501017004294,FRIJOLES LA COSTEÑA NEGROS ENTEROS 560GR,"ENLATADOS, TETRAPACK Y EN BOLSA",$14.000,$18.000
7501017004362,FRIJOLES LA COSTEÑA BAYOS ENTEROS 560GR,"ENLATADOS, TETRAPACK Y EN BOLSA",$42.000,$18.000
7501071307782,FRIJOLES ISADORA BAYOS REFRITOS 430GR,"ENLATADOS, TETRAPACK Y EN BOLSA",$13.330,$18.000
7501006523973,HUNTS CUATRO QUESOS 360GR,"ENLATADOS, TETRAPACK Y EN BOLSA",$11.000,$14.000
7501006523966,HUNTS CON CHAMPIÑONES 360GR,"ENLATADOS, TETRAPACK Y EN BOLSA",$11.000,$14.000
7501006523959,HUNTS TRADICIONAL 360GR,"ENLATADOS, TETRAPACK Y EN BOLSA",$12.000,$15.000
7501728028114,DURAZNOS EN ALMIBAR DON AGUSTIN 820GR,"ENLATADOS, TETRAPACK Y EN BOLSA",$28.000,$37.000
7501052477206,PIÑAS EN ALMIBAR CLEMENTE JACQUES 800GR,"ENLATADOS, TETRAPACK Y EN BOLSA",$44.660,$58.000
7501071301629,PURE DE PAPA VERDE VALLE 160GR,"ENLATADOS, TETRAPACK Y EN BOLSA",$12.000,$21.000
7501017040995,FRIJOLES REFRITOS NEGROS LA COSTEÑA 440GR,"ENLATADOS, TETRAPACK Y EN BOLSA",$8.500,$13.000
7501017040988,FRIJOLES BAYOS REFRITOS LA COSTEÑA 440GR,"ENLATADOS, TETRAPACK Y EN BOLSA",$8.500,$11.000
7501005107297,MAIZENA CAJETA 47GR,"ENLATADOS, TETRAPACK Y EN BOLSA",$0.000,$0.000
7501023318033,CHIPOTLES EN ADOBO SAN MARCOS 380GR,"ENLATADOS, TETRAPACK Y EN BOLSA",$0.000,$47.000
7501062700141,RAJAS  LA MORENA 210GR,"ENLATADOS, TETRAPACK Y EN BOLSA",$14.583,$11.000
7501017004027,RAJAS LA COSTEÑA 380GR,"ENLATADOS, TETRAPACK Y EN BOLSA",$23.917,$29.000
7501023318040,CHIPOTLES EN ADOBO SAN MARCOS 215GR,"ENLATADOS, TETRAPACK Y EN BOLSA",$21.924,$30.000
7501023318057,CHIPOTLES EN ADOBO SAN MARCOS 100GR,"ENLATADOS, TETRAPACK Y EN BOLSA",$11.367,$16.000
7501017005024,RAJAS LA COSTEÑA 220GR,"ENLATADOS, TETRAPACK Y EN BOLSA",$14.300,$17.000
7501017006007,CHILES SERRANOS LA COSTEÑA 105GR,"ENLATADOS, TETRAPACK Y EN BOLSA",$0.000,$7.000
7501200484506,PURE DE PAPA PRONTO 125GR,"ENLATADOS, TETRAPACK Y EN BOLSA",$0.000,$25.000
7501011312029,CREMA ESPARRAGOS CAMPBELLS 420GR,"ENLATADOS, TETRAPACK Y EN BOLSA",$0.000,$20.000
7501011361492,CREMA ELOTES CAMPBELLS 430GR,"ENLATADOS, TETRAPACK Y EN BOLSA",$0.000,$26.000
7501011312623,CREMA CHAMPIÑONES CAMPBELLS 420GR,"ENLATADOS, TETRAPACK Y EN BOLSA",$0.000,$34.000
7501003123237,CHAMPIÑONES REBANADOS HERDEZ 400GR,"ENLATADOS, TETRAPACK Y EN BOLSA",$0.000,$31.000
7501003124340,ENSALADA DE LEGUMBRES HERDEZ 400GR,"ENLATADOS, TETRAPACK Y EN BOLSA",$13.540,$18.000
7501052471013,CHICHAROS CLEMENTE JACQUES 420GR,"ENLATADOS, TETRAPACK Y EN BOLSA",$0.000,$5.000
7501003124135,CHICHAROS HERDEZ 215GR,"ENLATADOS, TETRAPACK Y EN BOLSA",$0.000,$28.000
7501003124234,GRANOS DE ELOTE HERDEZ 220GR,"ENLATADOS, TETRAPACK Y EN BOLSA",$9.167,$13.000
7501003123213,CHAMPIÑONES REBANADOS HERDEZ 186GR,"ENLATADOS, TETRAPACK Y EN BOLSA",$0.000,$17.000
7501003124241,GRANOS DE ELOTE HERDEZ 400GR,"ENLATADOS, TETRAPACK Y EN BOLSA",$15.280,$20.000
7501003124333,ENSALADA DE LEGUMBRES HERDEZ 99 G,"ENLATADOS, TETRAPACK Y EN BOLSA",$10.540,$13.000
7501003124180,CHICHAROS CON ZANAHORIA HERDEZ  400GR,"ENLATADOS, TETRAPACK Y EN BOLSA",$0.000,$14.000
7501003124142,CHICHAROS HERDEZ 400GR,"ENLATADOS, TETRAPACK Y EN BOLSA",$0.000,$18.000
7501000383320,YOPI CAJETA QUEMADA 250GR,"ENLATADOS, TETRAPACK Y EN BOLSA",$22.737,$32.000
7501017006014,RAJAS LA COSTEÑA 105 GR,"ENLATADOS, TETRAPACK Y EN BOLSA",$9.000,$10.000
7501017006021,CHIPOTLES EN ADOBO LA COSTEÑA 105GR,"ENLATADOS, TETRAPACK Y EN BOLSA",$14.750,$18.000
7501017005000,JALAPEÑOS LA COSTEÑA 220GR,"ENLATADOS, TETRAPACK Y EN BOLSA",$11.810,$18.000
7501023314028,CHILES LARGOS SAN MARCOS 400GR,"ENLATADOS, TETRAPACK Y EN BOLSA",$0.000,$15.000
7501017041008,CHILES LARGOS LA COSTEÑA 380GR,"ENLATADOS, TETRAPACK Y EN BOLSA",$0.000,$46.000
7501017005031,CHIPOTLES EN ADOBO LA COSTEÑA 220GR,"ENLATADOS, TETRAPACK Y EN BOLSA",$28.667,$30.000
7501017004003,JALAPEÑOS ENTEROS COSTEÑA 380GR,"ENLATADOS, TETRAPACK Y EN BOLSA",$0.000,$29.000
735257000151,GELATINA DGARI MORA SILVESTRE AGUA 140GR,"ENLATADOS, TETRAPACK Y EN BOLSA",$0.000,$10.000
735257000236,GELATINA DGARI VAINILLA LECHE 140GR,"ENLATADOS, TETRAPACK Y EN BOLSA",$0.000,$10.000
735257000038,GELATINA DGARI DURAZNO AGUA 140GR,"ENLATADOS, TETRAPACK Y EN BOLSA",$0.000,$10.000
735257000182,GELATINA DGARI PIÑA AGUA 140GR,"ENLATADOS, TETRAPACK Y EN BOLSA",$0.000,$10.000
735257000120,GELATINA DGARI MANGO MANILA AGUA 140GR,"ENLATADOS, TETRAPACK Y EN BOLSA",$0.000,$10.000
735257000021,GELATINA DGARI CHOCOLATE LECHE 140GR,"ENLATADOS, TETRAPACK Y EN BOLSA",$0.000,$10.000
735257000205,GELATINA DGARI ROMPOPE LECHE 140GR,"ENLATADOS, TETRAPACK Y EN BOLSA",$0.000,$10.000
735257000106,GELATINA DGARI LIMON AGUA 140GR,"ENLATADOS, TETRAPACK Y EN BOLSA",$0.000,$10.000
735257000076,GELATINA DGARI GROSELLA AGUA 140GR,"ENLATADOS, TETRAPACK Y EN BOLSA",$0.000,$10.000
735257001516,GELATINA DGARI COCO LECHE 140GR,"ENLATADOS, TETRAPACK Y EN BOLSA",$0.000,$10.000
735257000175,GELATINA DGARI NUEZ LECHE 140GR,"ENLATADOS, TETRAPACK Y EN BOLSA",$0.000,$10.000
735257000069,GELATINA DGARI FRESA LECHE 140GR,"ENLATADOS, TETRAPACK Y EN BOLSA",$0.000,$10.000
735257000168,GELATINA DGARI NARANJA AGUA 140GR,"ENLATADOS, TETRAPACK Y EN BOLSA",$0.000,$10.000
735257000045,GELATINA DGARI FRAMBUESA AGUA 140GR,"ENLATADOS, TETRAPACK Y EN BOLSA",$0.000,$10.000
735257002506,GELATINA DGARI JEREZ AGUA 120GR,"ENLATADOS, TETRAPACK Y EN BOLSA",$0.000,$13.000
735257000229,GELATINA DGARI UVA AGUA 140GR,"ENLATADOS, TETRAPACK Y EN BOLSA",$0.000,$10.000
735257001912,GELATINA DGARI ARANDANO AGUA 140GR,"ENLATADOS, TETRAPACK Y EN BOLSA",$0.000,$10.000
735257002445,GELATINA DGARI CEREZA AGUA 120GR,"ENLATADOS, TETRAPACK Y EN BOLSA",$0.000,$13.000
7501005106801,MAIZENA FRESA 45GR,"ENLATADOS, TETRAPACK Y EN BOLSA",$8.063,$13.000
7501005106979,MAIZENA VAINILLA 45GR,"ENLATADOS, TETRAPACK Y EN BOLSA",$8.063,$13.000
7501005107150,MAIZENA NUEZ 45GR,"ENLATADOS, TETRAPACK Y EN BOLSA",$8.600,$0.000
7501005107013,MAIZENA CHOCOLATE 45GR,"ENLATADOS, TETRAPACK Y EN BOLSA",$8.063,$13.000
7501052471044,ELOTES CLEMENTE JACQUES 220GR,"ENLATADOS, TETRAPACK Y EN BOLSA",$10.313,$0.000
7501045402529,ENSALADA ATUN DOLORES CON VERDURAS,"ENLATADOS, TETRAPACK Y EN BOLSA",$0.000,$17.000
7501052473413,CHIPOTLES CLEMENTE JACQUES MOLIDOS 220 ML,"ENLATADOS, TETRAPACK Y EN BOLSA",$0.000,$11.000
7501041418241,ATUN TUNY ALETA AMARILLA EN ACEITE 140GR,"ENLATADOS, TETRAPACK Y EN BOLSA",$0.000,$13.000
7501023606642,ATUN NAIR ALETA AMARILLA EN AGUA 130GR,"ENLATADOS, TETRAPACK Y EN BOLSA",$0.000,$13.000
7501023606635,ATUN NAIR ALETA AMARILLA EN ACEITE 130GR,"ENLATADOS, TETRAPACK Y EN BOLSA",$0.000,$13.000
75014483,PURE DE TOMATE DEL MONTE 210GR,"ENLATADOS, TETRAPACK Y EN BOLSA",$0.000,$7.000
7501059289239,CHOCOLATE MORELIA BOLSA 155GR,"ENLATADOS, TETRAPACK Y EN BOLSA",$0.000,$23.000
7501014300733,CHOCOLATE IBARRA BARRA,"ENLATADOS, TETRAPACK Y EN BOLSA",$9.403,$18.000
7501073411173,CHOCOLATE ABUELITA BARRA PZ,"ENLATADOS, TETRAPACK Y EN BOLSA",$11.778,$17.000
7506205807589,CHOCO MILK 160GR SOBRE,"ENLATADOS, TETRAPACK Y EN BOLSA",$20.173,$30.000
7506205815867,CHOCO MILK SOBRE 22GR,"ENLATADOS, TETRAPACK Y EN BOLSA",$4.525,$6.000
7501001600426,MEDIA CREMA NESTLE 225GR,"ENLATADOS, TETRAPACK Y EN BOLSA",$17.600,$17.000
7501059211209,LA LECHERITA NESTLE 100GR,"ENLATADOS, TETRAPACK Y EN BOLSA",$10.150,$13.000
7501059240681,CARNATION CLAVEL NESTLE TETRAPACK 1 LT,"ENLATADOS, TETRAPACK Y EN BOLSA",$0.000,$0.000
7501058611062,CARNATION NESTLE CLAVEL ORIGINAL 360G,"ENLATADOS, TETRAPACK Y EN BOLSA",$16.770,$22.000
7501003150233,MOLE DOÑA MARIA EN PASTA FRASCO 235GR,"ENLATADOS, TETRAPACK Y EN BOLSA",$0.000,$51.000
7501071307775,FRIJOLES REFRITOS PERUANOS ISADORA BOLSA 430GR,"ENLATADOS, TETRAPACK Y EN BOLSA",$12.000,$21.000
7501071308604,FRIJOLES ISADORA NEGROS REFRITOS BOLSA 400GR,"ENLATADOS, TETRAPACK Y EN BOLSA",$13.040,$18.000
85,FRIJOLES LA SIERRA NEGROS REFRITOS BOLSA 430GR,"ENLATADOS, TETRAPACK Y EN BOLSA",$0.000,$20.000
84,FRIJOLES LA SIERRA REFRITOS BAYOS BOLSA 430GR,"ENLATADOS, TETRAPACK Y EN BOLSA",$0.000,$20.000
7501052420424,FRIJOLES LA SIERRA NEGROS REFRITOS 580GR,"ENLATADOS, TETRAPACK Y EN BOLSA",$14.170,$15.000
7501052420431,FRIJOLES LA SIERRA BAYOS REFRITOS 580GR,"ENLATADOS, TETRAPACK Y EN BOLSA",$14.170,$20.000
7501017004423,FRIJOLES REFRITOS NEGROS LA COSTEÑA 580GR,"ENLATADOS, TETRAPACK Y EN BOLSA",$45.000,$18.000
78,FRIJOLES REFRITOS PERUANOS LA COSTEÑA,"ENLATADOS, TETRAPACK Y EN BOLSA",$0.000,$20.000
7501017004270,FRIJOLES BAYOS REFRITOS LA COSTEÑA 580GR,"ENLATADOS, TETRAPACK Y EN BOLSA",$45.000,$20.000
017479831011,SARDINA YAVAROS EN SALSA DE TOMATE 425GR,"ENLATADOS, TETRAPACK Y EN BOLSA",$38.704,$40.000
7501045401423,ATUN DOLORES EN ACEITE 140GR,"ENLATADOS, TETRAPACK Y EN BOLSA",$0.000,$24.000
7501045403144,ATUN DOLORES EN AGUA 140GR,"ENLATADOS, TETRAPACK Y EN BOLSA",$18.063,$20.000
7501045400846,DOLORES ATUN ACEITE 295GR,"ENLATADOS, TETRAPACK Y EN BOLSA",$40.416,$48.000
7501045400860,DOLORES ATUN EN AGUA 295GR,"ENLATADOS, TETRAPACK Y EN BOLSA",$40.333,$48.000
731082007129,SARDINA PONTO EN ACEITE 120GR,"ENLATADOS, TETRAPACK Y EN BOLSA",$0.000,$18.000
7501007829500,SARDINA CALMEX SALSA DE TOMATE 425GR,"ENLATADOS, TETRAPACK Y EN BOLSA",$31.250,$48.000
99823,ENVASE GARRAFON CHICO 11 LT,ENVASES EN GENERAL,$43.667,$50.000
6565321,ENVASE GARRAFON GRANDE 20 LT,ENVASES EN GENERAL,$10.000,$90.000
12345,IMPORTE DE ENVASES DE VIDRIO,ENVASES EN GENERAL,$5.000,$5.000
12182,ENVASE CARTA BLANCA 940ML,ENVASES EN GENERAL,$8.000,$8.000
12181,ENVASE MEDIANA COR. Y VICT. 355ML,ENVASES EN GENERAL,$4.000,$4.000
12180,ENVASE CORONA Y VICTORIA MEGA 1.2 LT,ENVASES EN GENERAL,$4.167,$10.000
7501017376322,PAPEL HIGIENICO VOGUE 400 HOJAS,ENVASES EN GENERAL,$25.093,$32.000
656590,PALILLOZ PZ,ESPECIAS,$0.000,$2.000
7501047205555,LA MERCED JAMAICA 70G,ESPECIAS,$0.000,$25.000
7501047205517,LA MERCED UVA PASA 100 GR,ESPECIAS,$0.000,$22.000
7501047205548,LA MERCED CANELA 30 GR,ESPECIAS,$0.000,$26.000
7501047205418,LA MERCED CHILE GUAJILLO SECO ENTERO 75 GR,ESPECIAS,$0.000,$27.000
7501047205432,LA MERCED CHILE PASILLA SECO ENTERO 75GR,ESPECIAS,$0.000,$25.000
7501047205425,LA MERCED CHILE ANCHO SECO ENTERO 75GR,ESPECIAS,$0.000,$25.000
7501088102172,TERANA HIERBAS SELECTAS 26GR,ESPECIAS,$0.000,$25.000
0000046200037,LA CASITA CARBONATO BOLSITA PZ,ESPECIAS,$0.000,$3.000
0000046200129,LA CASITA PIMIENTA GRANDE  BOLSITA PZ,ESPECIAS,$0.000,$3.000
0000046200051,LA CASITA COMINO BOLSITA PZ,ESPECIAS,$0.000,$3.000
0000046200075,LA CASITA CLAVO BOLSITA PZ,ESPECIAS,$0.000,$3.000
0000046200150,LA CASITA OREGANO BOLSITA PZ,ESPECIAS,$0.000,$3.000
988951616846955000,CANELA EN POLVO PZ,ESPECIAS,$0.000,$3.000
6621613219,CLAVOS DE OLOR PZ,ESPECIAS,$1.500,$2.000
678326852130,TOMILLO PZ,ESPECIAS,$1.000,$2.000
651213584613,COMINO,ESPECIAS,$0.000,$3.000
5362165841,PIMIENTA MOLIDA BLANCA,ESPECIAS,$0.000,$3.000
192929,CHILE MORITA KG,ESPECIAS,$120.000,$120.000
264631,CHILE ANCHO,ESPECIAS,$164.000,$164.000
626162,CHILE DE ARBOL,ESPECIAS,$150.000,$150.000
854586321,JAMAICA AGRANEL,ESPECIAS,$230.000,$100.000
93556546,CHILE GUAJILLO PREMIUM,ESPECIAS,$160.000,$160.000
123452556,CHILE SECO GUAJILLO XALAPEÑO,ESPECIAS,$120.000,$120.000
015320142,LAUREL PZ,ESPECIAS,$6.000,$6.000
154231567,OREGANO BOLSA X PZ,ESPECIAS,$2.000,$2.000
02410210,CANELA MOLIDA,ESPECIAS,$2.000,$3.000
0000046000231,PIMIENTA MOLIDA NEGRA PZA,ESPECIAS,$1.500,$2.000
125451221,PIQUIN BOLSA,ESPECIAS,$2.000,$2.000
32120152410,PIMIENTA ENTERA PZA,ESPECIAS,$2.000,$2.000
256152174,ANIZ BOLSA N,ESPECIAS,$2.000,$2.000
157445121,COMINO  BOLSA,ESPECIAS,$1.500,$3.000
2115210541,SAL CON AJO  BOLSA,ESPECIAS,$2.000,$2.000
541241201,BOLSA DE BICARBONATO PIEZA,ESPECIAS,$0.750,$3.000
1011,ESPECIAS SOBRE,ESPECIAS,$1.000,$2.000
574874337,JITOMATE A GRANEL,FRUTAS Y VERDURAS,$0.000,$28.000
8587476,PLATANO MACHO A GRANEL,FRUTAS Y VERDURAS,$0.000,$22.000
5776433,PLATANO DOMINICO A GRANEL,FRUTAS Y VERDURAS,$0.000,$10.000
765465,PLATANO TABASCO A GRANEL,FRUTAS Y VERDURAS,$0.000,$18.000
98766,CEBOLLA A GRANEL,FRUTAS Y VERDURAS,$0.000,$15.000
098765,TOMATE VERDE A GRANEL,FRUTAS Y VERDURAS,$0.000,$15.000
6444332,PAPA A GRANEL,FRUTAS Y VERDURAS,$0.000,$27.000
65432,LIMON A GRANEL,FRUTAS Y VERDURAS,$0.000,$22.000
64553,CIRUELA A GRANEL,FRUTAS Y VERDURAS,$0.000,$15.000
743455543,GUAYABA A GRANEL,FRUTAS Y VERDURAS,$0.000,$22.000
8645565434,CHILE CUARESMEÑO A GRANEL,FRUTAS Y VERDURAS,$0.000,$40.000
75446544,CHILE SERRANO A GRANEL,FRUTAS Y VERDURAS,$0.000,$40.000
7501040097027,YOPLAIT FLAN TIPO CASERO 2PZ 220GR,FUD SIGMA,$0.000,$22.000
75061371,FUD SNAX DEDOS DE QUESO MOZARELLA 26GR,FUD SIGMA,$0.000,$11.000
7501040092565,YOPLAIT PLACER CREMOSO CON COCO 145G,FUD SIGMA,$0.000,$15.000
7501040095177,FUD YOPLAIT GRIEGO NATURAL SIN AZÚCAR 1 KG,FUD SIGMA,$0.000,$90.000
7501040091476,FUD YOPLAIT GRIEGO NATURAL 1 KG,FUD SIGMA,$0.000,$84.000
7501040092770,YOPLAIT DISFRUTA DE DURAZNO 442GR,FUD SIGMA,$0.000,$29.000
7501040076275,YOPLAIT YOGURT SABOR MANZANA 900GR,FUD SIGMA,$0.000,$43.000
7501040070600,OLE SABOR BROWNIE 281ML,FUD SIGMA,$0.000,$35.000
7501040090080,FUD YOPLAIT FRESA NATURAL Y PROVIOTICOS 1KG,FUD SIGMA,$0.000,$54.000
7501040090028,FUD YOPLAIT YOGHURT NATURAL 1KG,FUD SIGMA,$0.000,$54.000
7501040092855,FUD YOPLAIT GRIEGO FRESA,FUD SIGMA,$0.000,$15.000
7501040092862,FUD YOPLAIT GRIEGO NATURAL,FUD SIGMA,$0.000,$15.000
7501040092848,YOPLAIT YOGURT GRIEGO MORAS 145GR,FUD SIGMA,$0.000,$15.000
7501040070440,OLE VAINILLA COOKIES & CREAM CAPPUCCINO 201ML,FUD SIGMA,$29.579,$32.000
7501040070198,OLE ESPRESSO CAPPUCCINO 201ML,FUD SIGMA,$29.579,$32.000
7503001453200,OLE VAINILLA MOKA CAPPUCCINO 201ML,FUD SIGMA,$29.579,$32.000
7503001453187,OLE VAINILLA CAPPUCCINO 201ML,FUD SIGMA,$29.579,$32.000
7501040005824,JAMON DE PAVO FUD  A GRANEL,FUD SIGMA,$117.700,$192.000
7501040090769,YOGURT BATIDO MANZANA 125 G.,FUD SIGMA,$7.000,$9.000
7501040098123,YOGURT GRIEGO MORAS 120 G.,FUD SIGMA,$9.500,$12.000
7501040098116,YOGURT GRIEGO FRESA 120 G.,FUD SIGMA,$9.500,$12.000
821347523,JAMON DE PAVO AMERICANO FUD A GRANEL,FUD SIGMA,$77.529,$120.000
7501040075995,YOGURT YOPLAIT NATURAL 900 G.,FUD SIGMA,$32.500,$39.000
7501040090394,YOPLAIT NATURAL DOBLE CERO,FUD SIGMA,$39.500,$50.000
7501040075759,YOPLAIT SABOR FRESA 900 G.,FUD SIGMA,$32.500,$39.000
7501040082146,MARGARITA SIN SAL LA VILLITA 90G.,FUD SIGMA,$9.628,$15.000
7501040090707,YOPLAIT YOGHURT NATURAL VASO 125GR,FUD SIGMA,$0.000,$9.000
7501040090745,YOPLAIT VASO FRESA 125GR,FUD SIGMA,$0.000,$9.000
7501040094439,DISFRUTA YOPLAIT MANGO 307 G.,FUD SIGMA,$15.500,$20.000
7501040075728,"YOPLAIT CON FRUTAS, CEREALES Y PROBIOTICOS",FUD SIGMA,$5.800,$7.000
7501040098109,YOPLAIT GRIEGO NATURAL 120G,FUD SIGMA,$9.500,$12.000
7501040075650,YOPLAIT GRIEGO SIN AZUCAR 120G,FUD SIGMA,$9.500,$12.000
7501040075698,YOPLAIT YOGURT DURAZNO 120G,FUD SIGMA,$5.800,$7.000
7501040075704,YOPLAIT YOGURT NATURAL 120G,FUD SIGMA,$7.829,$7.000
7501040027499,SALCHICHA SAN RAFAEL 500G,FUD SIGMA,$0.000,$72.000
1985,JAMON DE PIERNA FUD,FUD SIGMA,$90.000,$150.000
7501040075711,YOGURT YOPLAIT FRESA 125GR,FUD SIGMA,$5.800,$8.000
7501040090042,YOPLAIT YOGHURT CON DURAZNO 145 G,FUD SIGMA,$6.000,$6.000
7622210561558,QUESO PHILADELPHIA 180 G,FUD SIGMA,$35.650,$44.000
7622210288431,PHILADELPHIA REBANADAS 144GR,FUD SIGMA,$22.000,$22.000
7501040091872,YOGURT YOPLAIT NATURAL 220GR,FUD SIGMA,$10.500,$10.000
7501040091223,YOGURT YOPLAIT DURAZNO 220GR,FUD SIGMA,$10.500,$12.000
7501040091230,YOGURT YOPLAIT PIÑA-COCO 220GR,FUD SIGMA,$10.500,$12.000
7501040091407,YOGURT YOPLAIT FRESA 220GR,FUD SIGMA,$10.500,$12.000
7501040095504,YOGURT YOPLAIT  DISFRUTA DURAZNO 307GR,FUD SIGMA,$15.500,$20.000
7501040094422,YOGURT YOPLAIT  DISFRUTA FRESA 307GR,FUD SIGMA,$15.500,$20.000
7501040090011,YOGURT YOPLAIT NATURAL 145GR,FUD SIGMA,$4.000,$9.000
7501040090141,YOGURT YOPLAIT  FRUTAS Y CEREALES 145GR,FUD SIGMA,$4.000,$6.000
7501040090875,YOGURT YOPLAIT FRESAS 145GR,FUD SIGMA,$4.000,$6.000
7501040090967,YOGURT YOPLAIT NATURAL 442GR,FUD SIGMA,$20.500,$22.000
7501040092787,YOPLAIT DISFRUTA TROZOS DE FRESA 442GR,FUD SIGMA,$14.000,$20.000
7501040090950,YOGURT YOPLAIT FRESAS 442GR,FUD SIGMA,$18.500,$17.000
7501040092398,YOGURT YOPLAIT DURAZNO 442GR,FUD SIGMA,$18.500,$17.000
7501040090691,YOGURT YOPLAIT FRUTAS Y CEREALES 442GR,FUD SIGMA,$18.500,$17.000
7501040044533,PIZZA FUD PEPPERONI,FUD SIGMA,$25.000,$30.000
7501040044588,PIZZA FUD HAWAIANA,FUD SIGMA,$25.000,$30.000
7501040091612,CREMA ENTERA YOPLAIT 440ML,FUD SIGMA,$25.000,$30.000
7501040091605,CREMA ENTERA YOPLAIT 200ML,FUD SIGMA,$12.000,$15.000
7501040083815,QUESO FUNDIDO FUD MANCHEGO 180GR,FUD SIGMA,$22.000,$31.000
7501040081477,QUESO FUNDIDO LA VILLITA AMERICANO 175GR,FUD SIGMA,$16.000,$20.000
7501040083808,QUESO FUNDIDO FUD AMERICANO 180GR,FUD SIGMA,$20.000,$28.000
7622210265999,QUESO PHILADELPHIA 90GR,FUD SIGMA,$20.500,$26.000
75013820,SALCHICHA DE PAVO SAN RAFAEL 500GR,FUD SIGMA,$45.000,$51.000
7501040001161,PECHUGA DE PAVO VIRGINIA FUD 250GR,FUD SIGMA,$41.000,$48.500
5507440002434,SALCHICHA FUD TIPO COCKTAIL 500GR,FUD SIGMA,$38.000,$43.000
7501002615122,QUESO PHILADELPHIA 190GR,FUD SIGMA,$24.000,$33.000
7501040009754,SALCHICHA FUD TIPO VIENA 266GR,FUD SIGMA,$21.494,$26.000
7501040009761,SALCHICHA FUD PAVO 266GR,FUD SIGMA,$20.000,$26.000
7501040003417,SALCHICHA FUD PAVO 500GR,FUD SIGMA,$43.000,$39.000
7500478040568,GAMESA SURTIDO RICO ORIGINAL 424.8 GR,GAMESA,$0.000,$71.000
7500478043859,GAMESA MARIAS 122 GR,GAMESA,$0.000,$13.000
7501008765012,CUETARA GALLETAS CHAVALIN 100 GR,GAMESA,$0.000,$19.000
7501000640065,DALE UN GIRO A TU DIA 57GR,GAMESA,$0.000,$11.000
7500443006193,BUTTER TOFFESS SABOR CHOCOLATE 42GR,GAMESA,$0.000,$15.000
7622210532954,OREO CAJETA QUEMADA 105GR,GAMESA,$0.000,$20.000
7622210576187,"CHIPS AHOY GALLETA CON CHISPAS DE CHOCOLATE 55,2GR",GAMESA,$0.000,$10.000
7500478035915,GAMESA MARIAS AZUCARADAS 140 GR,GAMESA,$0.000,$18.000
7622210533159,OREO SABOR CAJETA QUEMADA 63GR,GAMESA,$0.000,$13.000
7622210532220,OREO SABOR CHOCOLATE 189GR,GAMESA,$0.000,$30.000
7500478018109,GAMESA SURTIDO RICO ORIGINAL 164GR,GAMESA,$0.000,$30.000
7500478037247,GAMESA MARIAS DORADAS 171GR,GAMESA,$0.000,$31.000
7500478041510,EMPERADOR CHOCO NUEZ,GAMESA,$0.000,$15.000
7500478040353,CREMAX CHOCOTELLA 105GR,GAMESA,$14.120,$18.000
7500478039579,GAMESA MARIAS CHOCOTELLA RELLENO CHOCOLATE AVELLANA 70GR,GAMESA,$0.000,$12.000
7500478026562,GAMESA FLORENTINAS DE FRESA 110 GR,GAMESA,$15.120,$20.000
7500478026579,GAMESA FLORENTINAS DE CAJETA 110GR,GAMESA,$14.120,$20.000
7500478039562,MARIAS CHOCOTELLA 84 G,GAMESA,$0.000,$18.000
7500478041565,GAMESA GIRO CREMA DE CACAHUATE 114GR,GAMESA,$0.000,$15.000
7500478002825,GAMESA CREMAX VAINILLA 171GR,GAMESA,$0.000,$31.000
7503033120156,VUALA SOPRESA RELLENO DE PIÑA 60GR,GAMESA,$0.000,$16.000
7500478041336,GIRO CHOCO FRESA 114GR,GAMESA,$0.000,$19.000
7622210575609,GAMESA OREO VAINILLA 105GR,GAMESA,$14.500,$20.000
7500478039449,GAMESA CLÁSICAS DELICIAS DE CHOCOLATE 153 GR,GAMESA,$14.120,$22.000
7501000606580,GAMESA CREMAX 90GR FRESA,GAMESA,$0.000,$18.000
7500478022892,CREMAX SABOR VAINILLA +2 113GR,GAMESA,$14.120,$18.000
7500478039456,DELICIAS SABOR NARANJA 153GR,GAMESA,$14.120,$18.000
7500478022885,GAMESA CREMAX SABOR CHOCOLATE 113GR,GAMESA,$14.120,$18.000
7500478036486,GAMESA MARIAS CHOCOLATE 144G,GAMESA,$13.870,$18.000
7622210575289,OREO CHOPEO ESPACIAL 189GR,GAMESA,$23.917,$32.000
7622210575586,OREO SABOR A CHOCOLATE 105GR,GAMESA,$14.500,$20.000
7500478038886,GAMESA DELICIAS CLASICAS 153GR,GAMESA,$15.240,$23.000
7500478038794,GAMESA RICANELAS CLASICAS + GALLETA 113GR,GAMESA,$14.120,$20.000
7500478023219,GAMESA MINI MARIAS 55GR,GAMESA,$8.400,$10.000
7500478027132,MINI CRACKETS 38GR,GAMESA,$8.400,$10.000
7500478022373,EMPERADOR SENZO +2 117 GR,GAMESA,$14.120,$20.000
7501761802375,GALLETAS QUAKER AVENA FRUTOS ROJOS 60GR,GAMESA,$11.770,$17.000
7500478010592,GALLETAS MARIAS GAMESA 177 GR,GAMESA,$12.711,$18.000
077204002291,MARÍAS MARIBEL 160 GR,GAMESA,$8.000,$15.000
7500478021079,GAMESA ARCOIRIS 94G,GAMESA,$14.590,$20.000
7500478037421,"CHOKIS CHOCOBASE 73,5G",GAMESA,$14.120,$20.000
7500478037254,DORADAS 199G,GAMESA,$23.540,$30.000
7501761802351,QUAKER MANZANA CANELA 60G,GAMESA,$12.639,$17.000
7500478037445,FLORENTINAS CHOCOTELLA 83G,GAMESA,$14.120,$20.000
7500478035069,EMPERADOR SENZO CHOCOTELLA 93GR,GAMESA,$15.100,$18.000
7622210566737,GALLETA OREO TRIPLE CHOCOLATE 114G,GAMESA,$13.425,$18.000
7500478024650,GAMESA MAMUT FLIPY 45G,GAMESA,$10.117,$13.000
7500478022694,MINI CHOKIS 42G,GAMESA,$8.850,$10.000
7501000662654,HABANERAS,GAMESA,$13.340,$17.000
7500478036059,SURTIDO RICO NAVIDAD 164 G.,GAMESA,$21.190,$25.000
7503033120002,BIG VUALA CHOCOLATE 75 G.,GAMESA,$12.736,$12.000
7500478005512,CRACKETS GAMESA 135GR,GAMESA,$15.250,$18.000
7500478003006,MARIAS DORADAS 224 G.,GAMESA,$25.423,$30.000
7501000641482,MARAVIILAS 116 GR,GAMESA,$15.240,$20.000
7501030459323,GALLETA ROCKO COLORES 44GR,GAMESA,$6.718,$8.000
7500478034734,EMPERADOR CHOCOTELLA 91 GR,GAMESA,$15.120,$20.000
7500478031702,MARIAS GAMESA CHOCOLATE 170GR,GAMESA,$17.438,$20.000
7500478031122,CHOKIS CHUNKY CON TROZOS DE CHOCOLATE AMARGO 76G,GAMESA,$0.000,$18.000
7500478039135,MARIAS GAMESA 177G,GAMESA,$13.870,$18.000
7500478005581,PAN CREMA 151G,GAMESA,$0.000,$16.000
7500478022540,EMPERADOR SABOR NUEZ 109 GR,GAMESA,$14.120,$20.000
7500478020508,DELICIAS GAMESA CLASICAS 130G,GAMESA,$15.250,$18.000
7500478027439,PAKETON GIRO 199G,GAMESA,$25.430,$30.000
7500478031009,EMPERADOR XTRA POWER CREMA DE CACAHUATE 109GR,GAMESA,$16.134,$19.000
7500478013678,EMPERADOR COMBINADO 91G,GAMESA,$0.000,$18.000
724865039004,CANELART GALLETA DONDE 90G,GAMESA,$0.000,$18.000
724865052560,COCO NIEVE 100 G,GAMESA,$14.000,$15.000
7500478005598,PAN CREMA 106 G,GAMESA,$14.000,$14.000
7500478013647,EMPERADOR CHOCOLATE 91 G,GAMESA,$16.000,$18.000
7500478021598,GALLETA GIRO 114 GR,GAMESA,$14.120,$20.000
038629002273,NARANTINAS 150 G,GAMESA,$13.000,$18.000
7503032991290,GALLETAS CHISTMAS 100 G,GAMESA,$45.000,$45.000
724865025274,CHOCO TIPS 70GR,GAMESA,$14.000,$14.000
724865038410,ROSCAS CANELA 77GR,GAMESA,$14.000,$14.000
724865053260,DONDE FRESA NIEVE 100GR,GAMESA,$14.000,$15.000
724865052263,DONDE CHOCO NIEVE 100GR,GAMESA,$14.000,$15.000
7500478015092,EMPERADOR NOCTURNO 200GR,GAMESA,$23.000,$23.000
7500478026920,EMPERADOR MOKA CON CAFE  XTRA POWER 109 GR,GAMESA,$15.500,$19.000
7501000658220,CHOCOLATINES 42 GR,GAMESA,$10.174,$8.000
7622210561510,GALLETAS ROLLO OREO 205.20 GR,GAMESA,$22.827,$28.000
7622210833709,RITZ 89 GR,GAMESA,$10.000,$14.000
7500478005857,BIZCOCHITOS GAMESA 150GR,GAMESA,$10.000,$10.000
7500478024568,CHOKIS BROWNIE CHOCOTELLA 64 GR,GAMESA,$14.120,$20.000
7501000636495,CHOKIS BROWNIE 64 G,GAMESA,$14.000,$16.000
7501000624683,GAMESA FLOR DE NARANJA 100GR,GAMESA,$16.752,$20.000
7500464333841,VUALA SWICH ROLL PASTELITO. 32 G,GAMESA,$5.000,$5.000
7501761838442,QUAKER BARRA DE AVENA SABOR MORA 60G,GAMESA,$12.000,$12.000
7622210833662,GALLETA OREO 114 G,GAMESA,$14.500,$19.000
7622210827951,RITZ MINI DE 8 ROLLOS 30G,GAMESA,$29.000,$29.000
7501008753422,SURTIDO DIARIO CUETARA 250G,GAMESA,$22.000,$33.000
7500478014651,SURTIDO RICO GAMESA 436 G,GAMESA,$46.000,$69.000
7500464333858,VUALA SWICH ROLL 32 G,GAMESA,$5.000,$5.000
7500478022502,EMPERADOR PIRUETA 115 GR,GAMESA,$14.120,$20.000
7501000650811,CREMAX CHOCOLATE 42GR,GAMESA,$6.000,$6.000
7500478001453,CREMAX FRESA 42GR,GAMESA,$6.000,$6.000
7500478001446,CREMAX VAINILLA 42GR,GAMESA,$6.000,$6.000
7501000610235,CRAKETS MINI SANDWICH 41GR,GAMESA,$6.000,$6.000
7500478005833,BOMBITOS 150 G,GAMESA,$12.990,$17.000
7500478015740,CRACKETS  89 G,GAMESA,$12.000,$14.000
7500478015931,FRUTS GAMESA 130 G,GAMESA,$20.620,$25.000
7500478021581,EMPERADOR COMBINADO 109 GR,GAMESA,$15.100,$20.000
7501000628360,RICANELAS GAMESA  DE 97 G,GAMESA,$15.160,$18.000
7500478021086,BARRAS  DE COCO  GAMESA CLASICA 106 G,GAMESA,$12.000,$18.000
7500478014569,CHOKIS CLASICA 76 GR,GAMESA,$15.120,$20.000
7500478035922,MARIAS AZUCARADAS 144 GR,GAMESA,$15.240,$18.000
7501761822236,QUAKER  NUECES PASAS Y DATILES 37 G,GAMESA,$5.000,$5.000
7501761863048,QUAKER MANZANA Y CANELA 35 G,GAMESA,$5.000,$5.000
7501761863062,QUAKER FRESAS CON  CREMA,GAMESA,$50.000,$5.000
7500478024926,DELICIAS DE GAMESA 138G,GAMESA,$15.041,$18.000
7500478015870,CRACKETS ROLLO 139 GR,GAMESA,$15.250,$20.000
7501000610228,MINI CHOKIS CLAS.,GAMESA,$6.000,$6.000
7500478013661,EMPERADOR NUEZ 91 G,GAMESA,$15.250,$18.000
7501000640362,GIRO GAMESA 114 G,GAMESA,$12.000,$14.000
7501000612147,CREMAX GAMESA FRESA 213GR,GAMESA,$23.540,$30.000
7501000612161,CREMAX GAMESA VAINILLA 213GR,GAMESA,$23.540,$30.000
7501000612130,CREMAX GAMESA CHOCOLATE 213GR,GAMESA,$23.540,$30.000
7501000630363,MINI MAMUT 12GR,GAMESA,$2.000,$2.000
038629002815,XCREAM CHOCOLATE 3 EST. 220GR,GAMESA,$22.000,$22.000
7622210827845,GALLETA OREO 68.4 G,GAMESA,$15.000,$10.000
7500478014576,CRACKETS QUESO JALAPEÑO 101GR,GAMESA,$8.000,$11.000
7501000651375,MAMUT GAMESA 44 GR,GAMESA,$9.420,$12.000
7501000649754,RICANELAS CLASICAS GAMESA 113GR,GAMESA,$9.000,$16.000
7501761802566,GALLETAS QUAKER AVENA CHOCOLATE 60GR,GAMESA,$12.639,$15.000
7501761880540,GALLETAS QUAKER MORAS Y YOGURT 60GR,GAMESA,$0.000,$12.000
7501761802344,GALLETAS QUAKER CON GRANOLA 60GR,GAMESA,$0.000,$3.500
7500478023608,MARAVILLAS GAMESA 112GR,GAMESA,$0.000,$18.000
7501000669509,BARRAS DE COCO 117GR,GAMESA,$15.087,$20.000
7501000635245,DELICIAS CLASICAS GAMESA 145GR,GAMESA,$0.000,$11.000
7501000601776,EMPERADOR SENZO CHOCOLATE 93GR,GAMESA,$15.130,$18.000
7500478022496,EMPERADOR CHOCOLATE 109 GR,GAMESA,$14.120,$20.000
7501000664382,MARIAS DORADAS 278GR,GAMESA,$0.000,$30.000
7500478021574,EMPERADOR NOCTURNO 109 G,GAMESA,$14.120,$18.000
7500478022519,EMPERADOR VAINILLA  109 GR,GAMESA,$14.120,$20.000
7500478014477,EMPERADOR PIRUETA 96GR,GAMESA,$15.250,$18.000
7501000626540,EMPERADOR COMBINADO 101GR,GAMESA,$0.000,$13.000
7501761810271,BARRAS QUAKER PIÑA 60GR,GAMESA,$0.000,$12.000
7501761810189,BARRAS QUAKER FRESA 60GR,GAMESA,$0.000,$12.000
7501000601745,FLORENTINAS CAJETA GAMESA 83GR,GAMESA,$14.120,$18.000
7501000601738,FLORENTINAS FRESA GAMESA 83GR,GAMESA,$15.240,$18.000
7501000658329,MARIAS GAMESA AZUCARADAS 150GR,GAMESA,$14.980,$18.000
7501000674541,MINI MARIAS GAMESA 70GR,GAMESA,$0.000,$9.000
7501000658923,MARIAS GAMESA 170GR,GAMESA,$14.980,$18.000
7501000604685,CHOKIS RELLENA 90 GR,GAMESA,$14.120,$20.000
7501000657797,CHOKIS CHOCOBASE 84GR,GAMESA,$15.240,$18.000
7500478008926,CHOKIS CLASICA 57GR,GAMESA,$15.250,$18.000
7501000606566,CREMAX CHOCOLATE 90GR,GAMESA,$15.160,$18.000
7500478022908,CREMAX FRESA 90 GR.,GAMESA,$14.120,$18.000
7501000606573,CREMAX VAINILLA 90GR,GAMESA,$15.296,$18.000
7501000635726,ARCOIRIS FRESA 75GR,GAMESA,$15.063,$18.000
7500478015238,EMPERADOR CHOCOLATE 200GR,GAMESA,$23.540,$30.000
7500478002801,CREMAX CHOCOLATE 171GR,GAMESA,$0.000,$15.000
7500478013944,CHOKIS GAMESA 180.5GR,GAMESA,$23.540,$30.000
7501000664221,SALADITAS GAMESA 186 GR,GAMESA,$20.640,$22.000
7500478015085,EMPERADOR COMBINADO 200GR,GAMESA,$25.154,$30.000
7500478015108,EMPERADOR PIRUETA 211GR,GAMESA,$24.540,$30.000
7500478005635,CRACKETS GAMESA 95GR,GAMESA,$12.860,$15.000
7502281124831,GANADOR PREMIUM POLLO & SALMON ADULTO 100 GR,GANADOR,$0.000,$13.000
7502281124794,GANADOR PREMIUM HIGADO & POLLO CACHORRO 100GR,GANADOR,$0.000,$13.000
7502281125517,GANADOR PREMIUN SOBRE CHACHORRO DE HIGADO Y PAVO 100GR,GANADOR,$0.000,$13.000
7502281124817,GANADOR PREMIUN SOBRE ADULTO POLLO Y PATO 100GR,GANADOR,$0.000,$13.000
7502281124824,GANADOR PREMIUN SOBRE ADULTO POLLO Y PAVO 100GR,GANADOR,$0.000,$13.000
7502281124800,GANADOR PREMIUN SOBRE ADULTO POLLO Y CERDO 100GR,GANADOR,$0.000,$13.000
7502281120994,GANADOT SOBRE POLLO A LA CACEROLA 100 G,GANADOR,$0.000,$10.000
7502281122011,GANADOR PREMIUM BITES 170 G,GANADOR,$0.000,$12.000
7502281120987,GANADOR SOBRE DELICIAS DE PAVO 100 G,GANADOR,$0.000,$10.000
02072,GANADOR PREMIUM ADULTO  KG,GANADOR,$50.250,$59.000
02073,GANADOR A GRANEL CACHORRO KG,GANADOR,$38.000,$55.000
7502281122042,GANADOR BITES  RAZAS M. Y G. SOBRE CARAMELO 100 G,GANADOR,$12.000,$12.000
7502281121014,GANADOR SOBRE ESTOFADO DE PATO 100GR,GANADOR,$10.000,$10.000
02074,GANADOR AGRANEL ADULTO KG,GANADOR,$33.000,$42.000
5000329006054,BEEFEATER LONDON DRY GIN 350ML,GINEBRA,$0.000,$145.000
5010677714006,BOMBAY SAPPHIRE 700ML,GINEBRA,$0.000,$545.000
088076168640,TANQUERAY RANGPUR LIME 750ML,GINEBRA,$0.000,$835.000
5000291020706,TANQUERAY LONDON DRY GIN 750ML,GINEBRA,$0.000,$720.000
5000281020761,TANQUERAY NO TEN 700ML,GINEBRA,$0.000,"$1,190.000"
5000299605950,BEEFEATER LONDON PINK STRAWBERRY 700ML,GINEBRA,$0.000,$754.000
5000299618394,BEEFEATER LONDON GINEBRA BLACKBERRY 700ML,GINEBRA,$0.000,$754.000
7506396159528,PARTYISON ESPUMA PARA FIESTA 250ML,GLOBOS Y CONFITERIA,$0.000,$30.000
7506271775768,VELAS ESPIRAL PARAFINA 24 PZAS,GLOBOS Y CONFITERIA,$0.000,$18.000
7500508110032,PALA PARY VELA MAGICA PZA,GLOBOS Y CONFITERIA,$0.000,$18.000
7500508082087,VELA MÁGICA TRICOLOR METALICA PZA,GLOBOS Y CONFITERIA,$0.000,$26.000
7506396141349,VELA MÁGICA TRICOLOR PZA,GLOBOS Y CONFITERIA,$0.000,$26.000
7501060444580,GLOBO PAYASO #9 GRIS 50 PZAS,GLOBOS Y CONFITERIA,$0.000,$60.000
7501060401309,GLOBO PAYASO #9 NEGRO 100 PZAS,GLOBOS Y CONFITERIA,$0.000,$116.000
7501060401279,GLOBO PAYASO #9 BLANCO NIEVE 100 PZAS,GLOBOS Y CONFITERIA,$0.000,$116.000
7501060400685,GLOBOS PAYASO #7 ROSA 100 PZAS,GLOBOS Y CONFITERIA,$0.000,$82.000
1520230156,VELAS PARA PASTEL,GLOBOS Y CONFITERIA,$20.000,$20.000
0315610201,VELAS MAGICAS 10 PZ,GLOBOS Y CONFITERIA,$15.000,$15.000
7501060400067,GLOBOS NUMERO 4,GLOBOS Y CONFITERIA,$24.000,$24.000
2203216541,VELA ORTEGA PIROTECNIA PASTEL,GLOBOS Y CONFITERIA,$30.000,$20.000
0121320,VELA PARA PASTEL CHICA,GLOBOS Y CONFITERIA,$25.000,$25.000
7501060401033,GLOBOS  DEL NUMERO 9 100 PZ,GLOBOS Y CONFITERIA,$63.000,$108.000
7501060400463,GLOBOS DEL NUMERO 7 100 PZ,GLOBOS Y CONFITERIA,$46.000,$75.000
7501060400364,GLOBOS DEL NUMERO 6 100 PZ,GLOBOS Y CONFITERIA,$28.000,$28.000
7501060400081,GLOBOS DEL NUMERO 5 100 PZ,GLOBOS Y CONFITERIA,$25.000,$25.000
7501060400036,GLOBOS DEL NUMERO 3 100 PZ,GLOBOS Y CONFITERIA,$14.000,$22.000
122241402,CONFETI BOLSA GRANDE,GLOBOS Y CONFITERIA,$11.000,$11.000
12241402,CONFETI BOLSA CHICA,GLOBOS Y CONFITERIA,$10.000,$10.000
7501060401781,BOLSA DE GLOBOS DE 100 PIEZAS NUMERO 12,GLOBOS Y CONFITERIA,$100.000,$100.000
7503044233616,"VICKY TOMATE, LIMON Y SAL 473ML",GRUPO MODELO,$0.000,$30.000
7501064195303,MODELO LATON 473ML,GRUPO MODELO,$0.000,$27.000
7503024460865,PACIFICO CLARA LATA 410ML,GRUPO MODELO,$0.000,$27.000
7501064101465,CORONA EXTRA AMBAR 355ML,GRUPO MODELO,$12.421,$20.000
7503034941767,VICKY PIÑA 473ML,GRUPO MODELO,$0.000,$35.000
7501064173202,CERVEZA LEÓN MEGA 1.2 LT,GRUPO MODELO,$35.060,$45.000
75067212,MODELO NOCHE ESPECIAL VIDRIO 355 ML,GRUPO MODELO,$17.917,$23.000
7501064195334,VICKY CHELADA 473 ML,GRUPO MODELO,$0.000,$25.000
7503038290366,CERVEZA PACIFICO 1 LT,GRUPO MODELO,$38.500,$45.000
7501064193460,PACIFICO CLARA 355 ML,GRUPO MODELO,$0.000,$19.000
7501053674109,VIÑA REAL PIÑA COLADA 330ML,GRUPO MODELO,$0.000,$22.000
7501064199769,VICTORIA VICKY CHAMOY 473ML,GRUPO MODELO,$0.000,$25.000
7501064199325,CERVEZA PACIFICO SUAVE 355ML,GRUPO MODELO,$16.000,$19.000
7503034941163,NEGRA MODELO LATON 473 ML,GRUPO MODELO,$20.833,$27.000
7503024460896,MICHELOB ULTRA  MISIL 710 ML,GRUPO MODELO,$27.917,$40.000
7503024460889,MODELO ESPECIAL MISIL 710ML,GRUPO MODELO,$29.167,$40.000
7503024460070,NEGRA MODELO MEGA 1 LT,GRUPO MODELO,$35.940,$47.000
75027285,NEGRA MODELO ENVASE DE VIDRIO 355 ML,GRUPO MODELO,$17.917,$22.000
7501064195310,VICTORIA LATA CHICA 355ML,GRUPO MODELO,$14.375,$19.000
7503024460698,VICKY MANGO 473ML,GRUPO MODELO,$23.000,$25.000
7501064103100,CERVEZA CORONA AMPOLLETA 210 ML,GRUPO MODELO,$10.417,$15.000
75026967,CERVEZA VICTORIA  AMPOLLETA 210 ML,GRUPO MODELO,$10.417,$15.000
75027278,MODELO ESPECIAL VIDRIO 355 ML,GRUPO MODELO,$18.333,$22.000
02510201,PROMO DE CERVEZA  BARRILITO,GRUPO MODELO,$60.000,$60.000
7501053670859,VIÑA REAL DE MANGO MARACUYA 330ML,GRUPO MODELO,$18.000,$22.000
7501064199271,CORONA EXTRA MISIL 710 ML.,GRUPO MODELO,$27.500,$40.000
7501064198519,MODELO ESPECIAL RET. 1 LT,GRUPO MODELO,$47.000,$47.000
20323,CORONA Y VICTORIA CON TODO Y ENVASE,GRUPO MODELO,$37.000,$37.000
75030575,CERVEZA BARRILITO  325 ML,GRUPO MODELO,$10.208,$14.000
7501064196935,NEGRA MODELO LATA CHICA 355ML,GRUPO MODELO,$15.833,$20.000
100102,MOD. LATA 473ML,GRUPO MODELO,$420.000,$420.000
100101,VICT. LATA 473ML,GRUPO MODELO,$420.000,$420.000
100100,CJ MEGA 1.2 LT,GRUPO MODELO,$420.000,$420.000
010000,ENV. MOD. MEGA 940ML,GRUPO MODELO,$10.000,$10.000
01000,ENV. MOD. MEGA 940ML,GRUPO MODELO,$10.000,$10.000
7501064194146,VICTORIA  MISIL 710ML,GRUPO MODELO,$28.333,$39.000
2006,VICTORIA MEGA 1.2 LT C/E,GRUPO MODELO,$35.000,$37.000
2005,CORONA MEGA 1.2 LT C/E,GRUPO MODELO,$35.000,$37.000
7501064191886,MODELO LATON 473ML,GRUPO MODELO,$18.333,$27.000
7501064193859,CORONA EXTRA LATA 473ML,GRUPO MODELO,$20.455,$25.000
2002,CORONA MEDIANA RET. 355ML,GRUPO MODELO,$13.750,$18.000
2001,VICTORIA MEGA 1.2 LT S/E,GRUPO MODELO,$8.000,$45.000
2000,CORONA MEGA 1.2 LT S/E,GRUPO MODELO,$39.170,$45.000
7501064101410,CORONA EXTRA RET. 355ML,GRUPO MODELO,$14.583,$21.000
7501064194139,VICTORIA LATON 473ML,GRUPO MODELO,$19.833,$25.000
7501064112546,MODELO ESPECIAL LATA CHICA 355 ML,GRUPO MODELO,$13.542,$19.000
7501064190711,CORONA EXTRA LATA  CHICA 355ML,GRUPO MODELO,$14.583,$13.000
7503024460018,CORONA CERO LATA 335ML,GRUPO MODELO,$13.583,$18.000
7501064101205,CORONA MEGA RET. 1.2 LT,GRUPO MODELO,$40.000,$48.000
7501064115400,VICTORIA MEDIANA 355ML,GRUPO MODELO,$13.750,$19.000
7501064191909,VICTORIA MEGA 1.2 LT,GRUPO MODELO,$40.000,$48.000
7506306416673,HOLANDA CHOCOMILK 36.6GR,HELADOS HOLANDA,$0.000,$14.000
7506306417519,HOLANDA MAGNUM MOON LIGHT HOLANDA 67.4GR,HELADOS HOLANDA,$0.000,$39.000
7506306418066,HOLANDA MAGNUM COOKIE REMIX HOLANDA 67.4GR,HELADOS HOLANDA,$0.000,$43.000
7506306417984,HOLANDA CORNETO CREAMBLUEBERRY 100ML,HELADOS HOLANDA,$0.000,$30.000
7506306415775,HOLANDA MAGNUM ALMENDRAS 90ML,HELADOS HOLANDA,$0.000,$37.000
7506306416079,HOLANDA MAGNUM BLANCO ALMENDRAS 90ML,HELADOS HOLANDA,$0.000,$40.000
7506306417564,HOLANDA MORDISCO FRESA 105MG,HELADOS HOLANDA,$0.000,$21.000
7506306417502,"HOLANDA MAGNUM SUNLIGHT CHOCOLATE BLANCO, MANGO Y COCO 90ML",HELADOS HOLANDA,$0.000,$40.000
7506306417601,HOLANDA MORDISCO CHOCOAVELLANA 105ML,HELADOS HOLANDA,$0.000,$23.000
7506306415973,HOLANDA MORDISCO OREO 115ML,HELADOS HOLANDA,$0.000,$28.000
7506306416789,HOLANDA SOLERO FRUTOS ROJOS 70.8GR,HELADOS HOLANDA,$0.000,$29.000
7506306417359,HOLANDA CHEMISSE COCO FRESA 65.5GR,HELADOS HOLANDA,$0.000,$22.000
7506306416437,HOLANDA CORNETTO OREO 63.6GR,HELADOS HOLANDA,$0.000,$30.000
7506306417472,HOLANDA CORNETTO SPOTIFY 66.7GR,HELADOS HOLANDA,$0.000,$30.000
7506306416888,HOLANDA APOLO TUTTI FRUTTI 54GR,HELADOS HOLANDA,$0.000,$13.000
7506306416505,HOLANDA CORNETO M&MS 100ML,HELADOS HOLANDA,$0.000,$30.000
7506306418202,HOLANDA MINI MILK SABOR VAINILLA 35 ML,HELADOS HOLANDA,$0.000,$14.000
7506306416215,HOLANDA CORNETO FRESAS CON CREMA 190 ML,HELADOS HOLANDA,$0.000,$25.000
6909493103646,HOLANDA TWISTER CON JUGO DE FRUTA 70 ML,HELADOS HOLANDA,$0.000,$24.000
7506306418233,HOLANDA MORDISKO SABOR CAFE105ML,HELADOS HOLANDA,$0.000,$23.000
7506306417267,HOLANDA PILONCITO FRESA 50GR/100ML,HELADOS HOLANDA,$0.000,$20.000
7506306417274,HOLANDA PILONCITO LIMON 50GR/100ML,HELADOS HOLANDA,$0.000,$20.000
7506306418356,HOLANDA SANDWICH HELADO OREO 64G (105ML),HELADOS HOLANDA,$0.000,$30.000
8711327446045,VIENETTA CAPPUCCINO HELADO 320GR,HELADOS HOLANDA,$0.000,$128.000
8000920200025,VIENETTA VAINILLA HELADO 320GR,HELADOS HOLANDA,$0.000,$128.000
7506306417809,HOLANDA HELADO NAPOLITANO CHOCOLATE FRESA Y VAINILLA 900ML,HELADOS HOLANDA,$0.000,$74.000
7506306416413,CORNETTO BARQUILLO HELADO 100ML,HELADOS HOLANDA,$0.000,$28.000
7506306415799,HOLANDA MAGNUM CLASICA VAINILLA CHOCOLATE 90ML,HELADOS HOLANDA,$0.000,$34.000
7506306418103,HOLANDA MAGNUM CHOCOLATE CON CHILE 85ML,HELADOS HOLANDA,$0.000,$47.000
7506306417571,HOLANDA MORDISCO ORIGINAL 105ML,HELADOS HOLANDA,$0.000,$21.000
7506306417236,HOLANDA PALETA/HELADO CONEJOS TURIN 70ML,HELADOS HOLANDA,$0.000,$20.000
7506306414471,CORNETTO BORWNIE & VAINILLA 190ML,HELADOS HOLANDA,$18.000,$21.000
7501130934669,PALETA HOLANDA MAX MINI CHOC 34ML,HELADOS HOLANDA,$5.000,$7.000
7506306412354,PALETA HOLANDA MAX APOLO PINTA LENGUA 50ML,HELADOS HOLANDA,$5.000,$7.000
7501130930449,CORNETTO CHOCOLATE HOLANDA 120ML,HELADOS HOLANDA,$16.000,$18.000
7506306414747,RASPATITO HOLANDA LIMON 60ML,HELADOS HOLANDA,$8.000,$10.000
7506306414952,PALETA HOLANDA SOLERO ARTESANAL FRESAS 79ML,HELADOS HOLANDA,$13.000,$16.000
7501130935512,PALETA HOLANDA SOLERO LIMON CITRUS COLIMA 65ML,HELADOS HOLANDA,$8.000,$10.000
7501130934973,PALETA HOLANDA CHOCO CREM FRESA 78ML,HELADOS HOLANDA,$9.000,$11.000
7506306414556,PALETA HOLANDA MAX BUBBALOO FRESA 60ML,HELADOS HOLANDA,$9.000,$11.000
7506306414525,PALETA HOLANDA SOLERO MOUSSE LIMON 75ML,HELADOS HOLANDA,$14.000,$17.000
7506306413054,PALETA HOLANDA SOLERO PARADISE FRUTOS ROJOS 100ML,HELADOS HOLANDA,$16.000,$19.000
7501130900411,PALETA HOLANDA CHEMISSE 65ML,HELADOS HOLANDA,$11.000,$13.000
7501130935536,PALETA HOLANDA SOLERO PARADISE FRUTOS TROPICALES 100ML,HELADOS HOLANDA,$15.000,$19.000
7506306414945,PALETA HOLANDA  SOLERO ARTESANAL MANGOS 79ML,HELADOS HOLANDA,$14.000,$16.000
7506306413016,PALETA HOLANDA MAX PELON PELO RICO 60ML,HELADOS HOLANDA,$9.000,$11.000
7501130934065,PALETA HOLANDA SOLERO CASERO COCO & LECHE 80ML,HELADOS HOLANDA,$8.000,$10.000
7506306414969,PALETA HOLANDA  SOLERO ARTESANAL COCO 79ML,HELADOS HOLANDA,$9.000,$11.000
7506306413009,CORNETTO OREO HOLANDA 120ML,HELADOS HOLANDA,$16.000,$18.000
7506306413177,HOLANDA HELADO MORDISKO BROWNIE 113ML,HELADOS HOLANDA,$10.000,$12.000
7501130934980,PALETA HOLANDA CHOCO CREM CHOCOLATE 78ML,HELADOS HOLANDA,$9.000,$11.000
7501130901050,HOLANDA HELADO MORDISKO 115ML,HELADOS HOLANDA,$10.000,$12.000
7506306413320,MAGNUM HOLANDA COOKIES & CREAM 100ML,HELADOS HOLANDA,$22.000,$26.000
7506306413368,MAGNUM HOLANDA ALMENDRAS 100ML,HELADOS HOLANDA,$22.000,$26.000
7506306415010,MAGNUM HOLANDA PRALINE 90ML,HELADOS HOLANDA,$22.000,$26.000
7506306413399,MAGNUM HOLANDA YOGURT SUPREMO 100ML,HELADOS HOLANDA,$22.000,$26.000
7506306413375,MAGNUM HOLANDA CLASICA 100ML,HELADOS HOLANDA,$22.000,$26.000
7501130902149,HOLANDA HELADO NUEZ Y ALMENDRAS 1 LT,HELADOS HOLANDA,$55.000,$69.000
7501130902095,HOLANDA HELADO CHOCOLATE 1 LT,HELADOS HOLANDA,$59.000,$69.000
7501130932498,HOLANDA HELADO FRESA 473ML,HELADOS HOLANDA,$26.000,$30.000
7501130932504,HOLANDA HELADO VAINILLA 473ML,HELADOS HOLANDA,$26.000,$30.000
7506306414761,HOLANDA HELADO MORDISKO 473ML,HELADOS HOLANDA,$26.000,$30.000
7501130903245,HOLANDA HELADO OREO 473ML,HELADOS HOLANDA,$26.000,$30.000
7506306400115,HOLANDA HELADO CHIPS AHOY 473ML,HELADOS HOLANDA,$26.000,$30.000
7501130932511,HOLANDA HELADO NAPOLITANO 473ML,HELADOS HOLANDA,$26.000,$30.000
7506475113915,COFFEE MATE EXTRA CREMOSO 140 GR,HELADOS NESTLE,$30.200,$40.000
75009861,LECHE NESQUIK FRESA 240 ML,HELADOS NESTLE,$10.520,$13.000
7506475105606,NESCAFÉ BLACK LATTE 330 ML,HELADOS NESTLE,$18.110,$23.000
7501059238329,GASTRO PROTECT 228G,HELADOS NESTLE,$14.000,$17.000
7501058610959,NESCAFE LATTE 330 ML,HELADOS NESTLE,$18.110,$23.000
7506475117883,LECHE CARLOS V CHOCOLATE 185 ML,HELADOS NESTLE,$7.278,$12.000
7506475116992,NESTLE LICUADO FRESA MORAS 500 GR,HELADOS NESTLE,$19.000,$27.000
7501059297289,MEDIA CREMA NESTLE 190GR,HELADOS NESTLE,$0.000,$14.000
7501058652492,NESQUIK  CHOCOLATE 68 G.,HELADOS NESTLE,$6.693,$10.000
7506475102346,NESCAFE CLASICO BLACK TOSTADO INTENSO 40G,HELADOS NESTLE,$0.000,$37.000
7506475104678,LECHERA ORIGINAL BOLSA 251 G,HELADOS NESTLE,$13.953,$19.000
7501059296305,CHOCOLATE MORELIA 357 G,HELADOS NESTLE,$31.200,$36.000
7506174512200,CHOCOLATE  MILKY WAY 48GR,HELADOS NESTLE,$14.000,$18.000
7501058628466,NESCAFE DECAF 40GR,HELADOS NESTLE,$29.080,$38.000
7501058628718,MALTEADA CARLOS V 240ML,HELADOS NESTLE,$10.520,$12.000
75000011,LECHE NESQUIK CHOCOLATE 240ML,HELADOS NESTLE,$9.564,$12.000
7506475104722,NESTLÉ LA LECHERA ORIGINAL 375 G,HELADOS NESTLE,$21.350,$28.000
698569,HIELO COOL PARTY 5 KG,HIELO,$22.000,$35.000
25626326320256,BOLSA DE HIELO CALIFORNIA CHICA,HIELO,$15.000,$15.000
15452015,BOLSA DE HIELO  CALIFORNIA 5 KL,HIELO,$18.000,$27.000
7501012700009,HIELO  FIESTA 5KG,HIELO,$23.000,$28.000
7503030829199,SEYS GEL DARK 250 GR,HIGIENE PERSONAL,$0.000,$20.000
7503030829205,SEYS GEL FRESH 250 GR,HIGIENE PERSONAL,$0.000,$20.000
7501019050671,SABA INVISIBLE ALAS 10 PZAS,HIGIENE PERSONAL,$0.000,$25.000
7509546684505,COLGATE TRIPLE ACCION 140ML,HIGIENE PERSONAL,$0.000,$42.000
75001865,PALMOLIVE BRILLANTINA ACEITE DE OLIVA 115ML,HIGIENE PERSONAL,$0.000,$29.000
7502271240046,ROXETY SILICA PROFESIONAL ANTIFRIZZ 120ML,HIGIENE PERSONAL,$0.000,$35.000
7502271240060,ROXETY SILICA PROFESIONAL VITAMINADA 120ML,HIGIENE PERSONAL,$0.000,$35.000
7502271240053,ROXETY SILICA PROFESIONAL 120ML,HIGIENE PERSONAL,$0.000,$35.000
7509546682310,PALMOLIVE NATURALS COCO Y ALGODON 120G,HIGIENE PERSONAL,$0.000,$25.000
75036492,LADY SPEED STICK FLORAL FRESH 30ML,HIGIENE PERSONAL,$0.000,$15.000
78930841,REXONA V8 30ML,HIGIENE PERSONAL,$0.000,$25.000
75076337,REXONA V8 45G,HIGIENE PERSONAL,$0.000,$45.000
75062927,REXONA POWDER DRY 45G,HIGIENE PERSONAL,$0.000,$30.000
7502214982484,PRUDENCE CONDONES MENTA 3PZ,HIGIENE PERSONAL,$0.000,$40.000
7502214982507,PRUDENCE CONDONES NARANJA 3PZ,HIGIENE PERSONAL,$0.000,$40.000
7506460100173,SICO PLAY CHOCOLATE 3 PZAS,HIGIENE PERSONAL,$0.000,$60.000
7501199416885,XTREME GEL PRINCESA KIDS 200 GR,HIGIENE PERSONAL,$0.000,$25.000
7509546036175,COLGATE MAXIMA PROTECCION 100ML,HIGIENE PERSONAL,$0.000,$43.000
7250615260822,CEPILLO DE DIENTES YOLBAJO MOD YOL06,HIGIENE PERSONAL,$0.000,$13.000
7501019068515,SABA PROTECTORES DIARIOS 34 PZAS,HIGIENE PERSONAL,$0.000,$34.000
7501019036620,SABA BUENAS NOCHES EXTRA FLUJO SUPER ABUNDANTE 8 PZAS,HIGIENE PERSONAL,$0.000,$33.000
7501019002069,SABA TEENS BUENAS NOCHES ALAS ULTRADELGADA 10 PZAS,HIGIENE PERSONAL,$0.000,$38.000
7501019030352,SABA CONFORT ALAS MANZANILLA 10 PZAS,HIGIENE PERSONAL,$0.000,$25.000
7501943424623,KOTEX ALAS MANZANILLA FLUJO ABUNDANTE 10 PZAS,HIGIENE PERSONAL,$0.000,$20.000
7501943424562,KOTEX REGULAR ALAS FLUJO ABUNDANTE 10 PZAS,HIGIENE PERSONAL,$0.000,$20.000
7506306248441,SEDAL REZOS DEFINIDOS CREMA PARA PEINAR 10ML,HIGIENE PERSONAL,$0.000,$3.000
7506192506557,"SAVILE SHAMPOO CON PULPA DE SABILA, MENTA Y EUCALIPTO 180ML",HIGIENE PERSONAL,$0.000,$20.000
7501065922120,NATURELLA PROTECTORES DIARIOS,HIGIENE PERSONAL,$0.000,$18.000
7506306245686,AXE EPIC FRESH 48H 150 ML,HIGIENE PERSONAL,$0.000,$58.000
7500435019484,HEAD SHOULDERS MEN 3 EN 1 180 ML,HIGIENE PERSONAL,$0.000,$42.000
7500435231244,HEAD - SHOULDERS ANTI-COMEZON 180 ML,HIGIENE PERSONAL,$0.000,$42.000
7500435019705,HEAD - SHOULDERS PROTECCION CAIDA CON CAFEINA 180 ML,HIGIENE PERSONAL,$0.000,$42.000
7509546000350,COLGATE TRIPLE ACCION 150ML,HIGIENE PERSONAL,$0.000,$55.000
7506192510677,NUTRIBELA10 CON SUERO HIALURONICO 90GR,HIGIENE PERSONAL,$0.000,$22.000
7500435019873,HEAD & SHOULDERS MANZANA FRESH 180ML,HIGIENE PERSONAL,$0.000,$42.000
7501026007101,TERSSO JABON NEUTRO HIPOALERGENICO 200GR,HIGIENE PERSONAL,$0.000,$17.000
7509546061085,SPEED STICK XTREME ULTRA 100 ML,HIGIENE PERSONAL,$41.333,$52.000
7509546071275,LADY SPEED STICK POWER FRESH 100 ML,HIGIENE PERSONAL,$41.333,$52.000
7509546066592,STEFANO BLACK ORIGINAL 60 GR,HIGIENE PERSONAL,$41.333,$52.000
7501103300330,T.TAIO FLOR PARA BAÑO PZ,HIGIENE PERSONAL,$11.770,$20.000
7501050411417,ROLLO DE PAPEL BIG PZ,HIGIENE PERSONAL,$6.663,$12.000
7501943471900,TOALLITAS HIMEDAS ABSORSEC 120 PIEZAS,HIGIENE PERSONAL,$0.000,$45.000
037836041341,HINDS CREMA NATURAL 90ML,HIGIENE PERSONAL,$0.000,$22.000
037836041259,HINDS CREMA CLASICA 90ML,HIGIENE PERSONAL,$0.000,$22.000
7506192504065,SAVILE CREMA PARA PEINAR 300ML,HIGIENE PERSONAL,$0.000,$48.000
7501027254436,OBAO FRESCURA INTENSA 65GR,HIGIENE PERSONAL,$0.000,$28.000
7501027278487,OBAO FRESCURA SUAVE 65GR,HIGIENE PERSONAL,$0.000,$28.000
7509546063843,LADY SPEED STICK POWDER FRESH 150ML,HIGIENE PERSONAL,$0.000,$75.000
7506306202832,AXE COLLISION 150ML,HIGIENE PERSONAL,$0.000,$62.000
7506306226739,AXE CONVICTION 150ML,HIGIENE PERSONAL,$0.000,$62.000
7506306220171,DOVE SHAMPOO ECONSTRUCCION 180ML,HIGIENE PERSONAL,$0.000,$28.000
75064273,CAPRICE NATURALS 200ML,HIGIENE PERSONAL,$0.000,$25.000
7506306249783,SEDAL RIZOS  DEFINIDOS 180ML,HIGIENE PERSONAL,$0.000,$25.000
7501943489165,ESCUDO JABON LIQUIDO 225ML,HIGIENE PERSONAL,$0.000,$30.000
7501086106141,SAFARI TOKAI RASTRILLO PZ,HIGIENE PERSONAL,$0.000,$8.000
7509546683133,PALMOLIVE NEUTRO BALANCE 120G,HIGIENE PERSONAL,$0.000,$20.000
7501019050664,SABA BUENAS NOCHES NOCTURNA 8PZ,HIGIENE PERSONAL,$15.938,$27.000
7501036623469,REGIO PZA,HIGIENE PERSONAL,$5.761,$12.000
7503023615846,BARBER STYLES GEL FIJADOR 15G,HIGIENE PERSONAL,$0.000,$5.000
7501103300224,T.TAiO TELA EXFOLIANTE,HIGIENE PERSONAL,$16.790,$25.000
7509546073057,CAPRICE SHAMPO MAMEY + ARGININA 200ML,HIGIENE PERSONAL,$14.500,$20.000
7503023615990,GEL SUPER FIX 230 GR,HIGIENE PERSONAL,$0.000,$20.000
7502247338845,BIG ROLL PLUS PZ,HIGIENE PERSONAL,$7.729,$12.000
290501456,ACT7 PZA,HIGIENE PERSONAL,$0.000,$10.000
7506306222557,SHAMPOO DOVE 10ML,HIGIENE PERSONAL,$0.000,$3.000
7501124817725,THERAFLU TD,HIGIENE PERSONAL,$0.000,$27.000
7506306251168,GEL EGO ULTRA INTENSE 200 ML,HIGIENE PERSONAL,$16.300,$20.000
7791293032412,DES. REXONA SEXY BOUQUET 150 ML,HIGIENE PERSONAL,$41.100,$60.000
7791293032436,DES. REXONA POWDER DRY 150 ML,HIGIENE PERSONAL,$41.100,$60.000
7791293025780,DES. AXE APOLLO 150 ml,HIGIENE PERSONAL,$41.100,$60.000
7502244172145,GEL UNO 250 ML,HIGIENE PERSONAL,$10.500,$16.000
7500435129398,ANTITRANSPIRANTE SECRET POWDER PROTECT 57 ML,HIGIENE PERSONAL,$20.260,$28.000
75917265,ANTITRANSPIRANTE OLD SPICE FRESH 50 ML,HIGIENE PERSONAL,$20.260,$28.000
7500435155496,ORAL B 50 ML,HIGIENE PERSONAL,$17.000,$22.000
7501943480001,KLEENEX,HIGIENE PERSONAL,$4.375,$7.000
7506306213920,DESODORANTE AXE ICE CHILL 152ML,HIGIENE PERSONAL,$0.000,$65.000
7503005405236,RASTRILLO ECONÓMICO XTRON,HIGIENE PERSONAL,$2.500,$5.000
7501009222729,GILLETE  PRESTOBARBA  2 HOJAS,HIGIENE PERSONAL,$14.000,$18.000
650240012525,CONDON ULTRA SENCIBLE M 3 PIEZAS,HIGIENE PERSONAL,$66.500,$85.000
7791293020297,DESODORANTE AXE APOLLO 152ML,HIGIENE PERSONAL,$0.000,$65.000
650240036712,VANART CLASICO ENJUAGUE EN CREMA 180ML,HIGIENE PERSONAL,$0.000,$20.000
7509546032399,NORDIKO JABON DESODORANTE 130G,HIGIENE PERSONAL,$0.000,$20.000
7509546007083,COLGATE TOTAL 12 50ML,HIGIENE PERSONAL,$15.350,$23.000
7509546052854,COLGATE TOTAL 12 22ML,HIGIENE PERSONAL,$0.000,$18.000
7509546688817,COLGATE MAXCLEAN 151G/120ML,HIGIENE PERSONAL,$21.940,$28.000
650240056000,KARBOOTON RASTRILLO PZ,HIGIENE PERSONAL,$0.000,$22.000
7501086494279,CEPILLO DENTAL ORAL B PZ,HIGIENE PERSONAL,$0.000,$21.000
737186398965,CEPILLO DENTAL PRISTINE PZ,HIGIENE PERSONAL,$0.000,$15.000
650240055997,RASTRILLO ESTA KARBON PZ,HIGIENE PERSONAL,$0.000,$23.000
650240039225,VANART COCO KERATINA 50ML,HIGIENE PERSONAL,$0.000,$5.000
7501001163983,DESODORANTE OLD SPICE FRESH 50G,HIGIENE PERSONAL,$48.000,$55.000
7506339390230,DESODORANTE OLD SPICE LEÑA 50G,HIGIENE PERSONAL,$0.000,$40.000
7506195160466,PANTENE PRO-V  CUIDADO CLASICO 100ML,HIGIENE PERSONAL,$0.000,$16.000
7506192510110,NUTRIBELA KERATINA 90 GR,HIGIENE PERSONAL,$16.750,$18.000
8935236000031,CEPILLO DENTAL COLGATE,HIGIENE PERSONAL,$8.167,$15.000
7503030829243,GEL PARA CABELLO ZES FRESH 500GR,HIGIENE PERSONAL,$0.000,$30.000
7501943471337,KLEEN BEBE ABSORSEC 90 TOALLITAS,HIGIENE PERSONAL,$0.000,$26.000
7501199416946,GEL XTREME PROFESSIONAL 10X 27G,HIGIENE PERSONAL,$0.000,$5.000
7500435169776,RASTRILLO PERMA SHARP II,HIGIENE PERSONAL,$9.145,$12.000
7702018072439,RASTRILLO GILLETTE VENUS SUAVE,HIGIENE PERSONAL,$18.429,$25.000
7506306246652,JABON DOVE ORIGINAL 90G,HIGIENE PERSONAL,$16.632,$20.000
75002794,PALMOLIVE OPTIMUS VITAL KERATINA 200ML,HIGIENE PERSONAL,$20.880,$26.000
7509546073040,CAPRICE FUERZA CRECIMIENTO BIOTINA 200ML,HIGIENE PERSONAL,$14.500,$20.000
7509546073033,CAPRICE FUERZA ANTI-CERAMIDAS 200ML,HIGIENE PERSONAL,$0.000,$20.000
7500435000123,NATURELLA REGULAR FLUJO ABUNDANTE 10PZ,HIGIENE PERSONAL,$14.240,$20.000
7506339394719,NATURELLA NOCTURNA 8PZ,HIGIENE PERSONAL,$19.000,$27.000
4987176136503,CEPILLO ORAL-B 1PZ,HIGIENE PERSONAL,$7.500,$15.000
7501026006852,JABON BLANCO ROSA VENUS 200GR,HIGIENE PERSONAL,$0.000,$18.000
7501026006654,JABON BLANCO ROSA ROSA VENUS 200GR,HIGIENE PERSONAL,$0.000,$18.000
7509546682280,PALMOLIVE NATURALS LAVANDA Y CREMA 120GR,HIGIENE PERSONAL,$0.000,$20.000
7506306246058,JABON TOCADOR ZEST NEUTRO 135GR,HIGIENE PERSONAL,$0.000,$24.000
7500435143745,CREMA PANTENE RIZOS EXTRA-DEFINIDOS 9ML,HIGIENE PERSONAL,$0.000,$4.000
7506192502610,SHAMPOO SAVILE SABILA Y CHILE 180ML,HIGIENE PERSONAL,$0.000,$21.000
7506192505550,SHAMPOO SAVILE SABILA Y BIOTINA 180ML,HIGIENE PERSONAL,$0.000,$21.000
7500435145831,CREST EXTRA BLANCURA 75 ML.,HIGIENE PERSONAL,$26.403,$35.000
7509546687353,PASTA DENTAL MAXIMA PROTECCION ANTICARIES 90 ML,HIGIENE PERSONAL,$26.750,$39.000
7500435115926,PASTA DENTAL ORAL B 100 f ML,HIGIENE PERSONAL,$30.997,$32.000
7506339326468,HEAD & SHOULDERS MEN 90 ML,HIGIENE PERSONAL,$12.000,$16.000
7506195148679,HEAD & SHOULDERS SUAVE Y MANEJABLE 90 ML,HIGIENE PERSONAL,$12.000,$16.000
650240009525,CONDONES TEXTURIZADOS M 3 PIEZAS,HIGIENE PERSONAL,$61.500,$80.000
650240009518,CONDON NATURAL  M 3 PIEZAS,HIGIENE PERSONAL,$61.500,$80.000
7501032912970,GLADE MINI GEL CAMPOS DE LAVANDA 70 G,HIGIENE PERSONAL,$0.000,$18.000
7506306250833,SHAMPOO SAVILE DE SOBRE,HIGIENE PERSONAL,$3.781,$6.000
6910021007206,CEPILLO COLGATE,HIGIENE PERSONAL,$10.630,$16.000
070330717534,RASTRILLO CONFORT 3 ADVANCE,HIGIENE PERSONAL,$12.667,$16.000
650240033537,VANART CLASICO SOBRE 22ML,HIGIENE PERSONAL,$0.000,$3.000
7503002163054,GEL XTREME 12G,HIGIENE PERSONAL,$0.000,$5.000
7506192509299,NUTRIBELA 90 G.,HIGIENE PERSONAL,$0.000,$15.000
650240032202,TEATRICAL CREMA CORPORAL 75 ML.,HIGIENE PERSONAL,$0.000,$15.000
0387,PAÑUELOS DESECHABLES 10 PZS,HIGIENE PERSONAL,$0.000,$5.000
7506425606917,ESCUDO ANTIBACTERIAL AZUL 150 GR,HIGIENE PERSONAL,$13.305,$19.000
7501057006371,LISTERINE C. T. MENTA FRESCA 500ML,HIGIENE PERSONAL,$0.000,$67.000
7506306213500,SAVILE RIZOS HIDRATADOS 300ML,HIGIENE PERSONAL,$0.000,$34.000
7501056342258,SEDAL RESTAURACION INSTANTANEA 135ML,HIGIENE PERSONAL,$0.000,$20.000
7501056342227,CREMA SEDAL RIZOS DEFINIDOS 135ML,HIGIENE PERSONAL,$0.000,$20.000
7509546015699,SOBRE DE PALMOLIVE OPTIMS 10ML,HIGIENE PERSONAL,$1.335,$4.000
7500435157964,NATURELLA INVISIBLE CON ALAS 8 PZAS,HIGIENE PERSONAL,$14.610,$20.000
7506339399790,NATURELLA NOCTURNA 10 PZAS,HIGIENE PERSONAL,$0.000,$22.000
75073114,REXONA MEN  CLINICAL EXPERT 46G,HIGIENE PERSONAL,$0.000,$65.000
4005900618979,NIVEA BLACK Y WHITE 150ML,HIGIENE PERSONAL,$0.000,$55.000
7501056342241,SEDAL CREMA PARA PEINAR ANTI SPONGE 135ML,HIGIENE PERSONAL,$0.000,$20.000
7506306249202,SHAMPOO SAVILE MIEL Y SABILA 700ML,HIGIENE PERSONAL,$0.000,$43.000
7506306249196,SHAMPOO SAVILE AGUACATE Y SABILA 700ML,HIGIENE PERSONAL,$0.000,$43.000
7506306249219,SHAMPOO SAVILE CHILE Y SABILA 700ML,HIGIENE PERSONAL,$0.000,$43.000
7506306249233,SHAMPOO SAVILE COLAGENO Y SABILA 700ML,HIGIENE PERSONAL,$0.000,$43.000
7506306249172,SHAMPOO SAVILE ACEITE DE ARAGAN Y SABILA 700ML,HIGIENE PERSONAL,$0.000,$43.000
7506306249240,SHAMPOO SAVILE KERATINA Y SABILA 700ML,HIGIENE PERSONAL,$0.000,$43.000
7791293025803,DESODORANTE AXE COCO Y MARSHMALLOW 150ML,HIGIENE PERSONAL,$0.000,$65.000
7506306213906,DESODORANTE AXE MENTA Y LIMA 150ML,HIGIENE PERSONAL,$0.000,$65.000
7506306203044,DESODORANTE AXE MENTA Y MADERA 150ML,HIGIENE PERSONAL,$0.000,$66.000
7506306222595,DOVE CREMA HIDRATANTE 120ML,HIGIENE PERSONAL,$0.000,$23.000
7501056342234,SEDAL 135ML,HIGIENE PERSONAL,$0.000,$20.000
7501846500554,GEL XIOMARA 250G,HIGIENE PERSONAL,$12.355,$17.000
7506306246003,JAVONZEST TORONJA & ALBAHACA 135G,HIGIENE PERSONAL,$0.000,$18.000
7506306246065,JABON ZEST ANTIBACTERIAL 135G,HIGIENE PERSONAL,$0.000,$18.000
7506306246096,ZEST HINOJO & SALES MARINAS 135GR,HIGIENE PERSONAL,$16.552,$20.000
012388004006,LIRIO FRUTOS DEL BOSQUE 150GR,HIGIENE PERSONAL,$18.000,$18.000
7501026006869,ROSA VENUS BLANCO 100GR,HIGIENE PERSONAL,$7.612,$10.000
7506306245990,ZEST AQUA 135GR,HIGIENE PERSONAL,$15.270,$19.000
7506306246010,ZEST PEPINO Y SAVILA 135GR,HIGIENE PERSONAL,$19.000,$19.000
7506306249080,SHAMPOO SAVILE KERATINA SOBRE 20ML,HIGIENE PERSONAL,$3.500,$3.500
7506339305722,SHAMPOO PANTENE CON ACONDICIONADOR 18 ML,HIGIENE PERSONAL,$6.000,$6.000
7506306241190,DESODORANTE DOVE TONO UNIFORME 150ML,HIGIENE PERSONAL,$55.000,$55.000
7506306241183,DESODORANTE DOVE ORIGINAL 150ML,HIGIENE PERSONAL,$55.000,$55.000
7509546069982,CEPILLO DUO 2 PACK,HIGIENE PERSONAL,$22.000,$28.000
7509546075013,PALMOLIVE NEUTRO BALANCE 100 G,HIGIENE PERSONAL,$14.730,$19.000
7501032908676,GLADE FLORAL 70 G,HIGIENE PERSONAL,$15.000,$15.000
7506306247505,EGO GEL BLACK 220 ML,HIGIENE PERSONAL,$23.000,$23.000
7509546072340,CAPRICE DE MANZANA 760 ML,HIGIENE PERSONAL,$38.000,$38.000
7506309895208,NATURELLA REGULAR 8 PZAS,HIGIENE PERSONAL,$13.680,$20.000
7501943431317,KOTEX REGULAR 22 PZ,HIGIENE PERSONAL,$19.000,$19.000
7501019031137,SABA AMORE 8 PZAS,HIGIENE PERSONAL,$11.360,$15.000
7501943494220,KOTEX UNICA NOCTURNA FLUJO ABUNDANTE,HIGIENE PERSONAL,$23.000,$28.000
7501019006104,SABA INTIMA REGULAR 10 PZAS,HIGIENE PERSONAL,$16.000,$18.000
7501035919129,SHAMPOO PALMOLIVE OPTIMUS 400ML,HIGIENE PERSONAL,$27.000,$27.000
7509546074795,PALMOLIVE ACEITES ALMENDRA Y OMEGA 3 4 PACK,HIGIENE PERSONAL,$52.000,$52.000
7506306248465,SHAMPOO SOBRE SEDAL 10ML,HIGIENE PERSONAL,$3.000,$3.000
7506306246133,SAVILE EXTRACTO DE SABILA 135 G,HIGIENE PERSONAL,$12.000,$12.000
7501054526131,DESODORANTE NIVEA EFECTO SATIN 50ML,HIGIENE PERSONAL,$38.000,$38.000
072140018023,NIVEA MEN DEEP JABON LIQUIDO 500 ML,HIGIENE PERSONAL,$50.000,$50.000
7509546000343,COLGATE TRIPLE ACCION 100 ML,HIGIENE PERSONAL,$34.333,$41.000
7509546067858,CEPILLOS COLGATE 4 PZ,HIGIENE PERSONAL,$28.000,$40.000
7506306214644,CREMA DOVE ACEITE DE COCO Y LECHE DE ALMENDRAS 75 ML,HIGIENE PERSONAL,$30.000,$30.000
7501022150634,NEUTRO GRISI 90 G 1 PZ,HIGIENE PERSONAL,$15.000,$15.000
7501019035333,SABA BUENAS NOCHES CONT.28 TOALLAS NOCTURNAS,HIGIENE PERSONAL,$80.000,$80.000
7503005405168,SACATE SALUK FASHION,HIGIENE PERSONAL,$15.000,$15.000
7509546062471,COLGATE LUMINOUS WHITE 50ML,HIGIENE PERSONAL,$29.000,$29.000
7509546074696,PALMOLIVE SUAVIDAD Y EXFOLIANTE 150 G,HIGIENE PERSONAL,$18.000,$18.000
7509546074726,PALMOLIVE DE YOGHURT Y FRUTAS 150 G,HIGIENE PERSONAL,$18.000,$18.000
7501026006661,ROSA VENUS DE ROSA 100 G,HIGIENE PERSONAL,$7.612,$10.000
7509546074665,PALMOLIVE EXTRACTO DE JALEA REAL Y YOGHURT 150 G,HIGIENE PERSONAL,$18.000,$18.000
7501019068416,SABA DIARIOS  DELICATE 16 PZ,HIGIENE PERSONAL,$15.000,$15.000
7501020626155,ALMOHADILLAS DESMAQUILLANTES 50 PZ,HIGIENE PERSONAL,$21.000,$21.000
7501020626124,ALMOHADILLAS DESMAQUILLANTES CONN.100 PZ,HIGIENE PERSONAL,$39.000,$39.000
7501027293473,DESODORANTE OBAO GARNIER AUDAZ 65GR,HIGIENE PERSONAL,$28.000,$28.000
7501839106268,DESODORANTE OBAO DE GARNIER FRAGANCIA INTENSA 65GR,HIGIENE PERSONAL,$28.000,$28.000
7501027286017,DESODORANTE OBAO DE GARNIER CLASSIC 65GR,HIGIENE PERSONAL,$28.000,$28.000
7509546003108,COLGATE TRIPLE ACCION 50ML,HIGIENE PERSONAL,$22.090,$29.000
7702031927310,LUBRIDEM CREMA HOMBRE 400ML,HIGIENE PERSONAL,$80.000,$90.000
4005808719235,NIVEA STRESS PROTECT 150ML,HIGIENE PERSONAL,$60.000,$60.000
42332930,DESODORANTE NIVEA BLACK AND WHITE 50G,HIGIENE PERSONAL,$65.000,$65.000
7501019007606,SABA NOCTURNA MANZANILLA 8 PZAS,HIGIENE PERSONAL,$23.000,$23.000
7506306215498,DESODORANTE EGO ALFA 150ML,HIGIENE PERSONAL,$45.000,$45.000
7506306204256,TRESEMME EXPERT DETOX 750 ML,HIGIENE PERSONAL,$54.000,$54.000
7506306201880,SHAMPOO TRESEMME KERATIN SMOOTH 750ML,HIGIENE PERSONAL,$54.000,$54.000
7509546658162,"COLGATE TRIPLE ACCIÓN XTRA FRESCURA, COLOR 140 ML",HIGIENE PERSONAL,$23.000,$23.000
7509546047591,COLGATE TOTAL CLEAN MINT 2 PACK 100 ML,HIGIENE PERSONAL,$53.000,$53.000
7509546076607,COLGATE  VISIBLE HEALTH TOTAL 12 150 ML,HIGIENE PERSONAL,$35.000,$35.000
7501058752796,LYSOL 475 GR,HIGIENE PERSONAL,$130.000,$130.000
7509546068909,COLGATE TRIPLE ACCION  XTR BLANCURA  50 ML,HIGIENE PERSONAL,$12.030,$16.000
7506306219298,SENSITIVE CARE ZETS 150GR,HIGIENE PERSONAL,$13.000,$13.000
7506306214972,MEN REXONA CLINICAL 150 ML,HIGIENE PERSONAL,$50.000,$50.000
7506306214989,REXONA CLINICAL AEROSOL 150 ML,HIGIENE PERSONAL,$50.000,$50.000
7509546016160,COLGATE MAX FRESH 100 ML,HIGIENE PERSONAL,$24.000,$24.000
7501032916176,GLADE PARAISO AZUL 400ML,HIGIENE PERSONAL,$38.000,$38.000
7506306219373,TRESEMME SHAMPOO CABELLO DEBIL 750 ML,HIGIENE PERSONAL,$54.000,$54.000
4005900496447,"NIVEA MEN ESPUMA PARA AFEITAR DEEP, 200ML",HIGIENE PERSONAL,$57.000,$57.000
7501054526940,"NIVEA HOMBRE 3 EN 1 SILVER PROTECT, 500ML",HIGIENE PERSONAL,$50.000,$50.000
7501054526964,"NIVEA HOMBRE 3 EN 1 ORIGINALS, 500ML",HIGIENE PERSONAL,$50.000,$50.000
7506425609529,KLEENEX PAÑOS REUTILIZABLES 1 PZ,HIGIENE PERSONAL,$49.000,$49.000
7501058716651,LYSOL MULTIUSOS 5 L,HIGIENE PERSONAL,$161.000,$161.000
78929395,REXONA MEN STAY FRESH 50ML,HIGIENE PERSONAL,$25.000,$25.000
75062804,REXONA TONO PERFECTO 50ML,HIGIENE PERSONAL,$25.000,$25.000
7506306241206,DOVE DERMOACLARANT 150ML,HIGIENE PERSONAL,$42.000,$48.000
4005808719242,NIVEA MEN STRESS PROTECT 150ML,HIGIENE PERSONAL,$48.000,$48.000
7509552912982,OBAO GARNIER MEN INTENSE 65GR,HIGIENE PERSONAL,$20.000,$28.000
7506306223004,ZEST ALCOHOL ANT. EN AEROSOL 150ML,HIGIENE PERSONAL,$32.000,$35.000
B00JOX64SG,REXONA MEN MEN V8 EN ROLL ON PARA HOMBRE 50ML,HIGIENE PERSONAL,$24.000,$24.000
7501019033476,SABA NOCTURNA CONFORT 32 PZAS,HIGIENE PERSONAL,$65.000,$65.000
7501943494268,KOTEX ULTRADELGADA CON ALAS 10 TOALLAS,HIGIENE PERSONAL,$26.000,$26.000
7501943421141,KOTEX UNICA CON ALAS NOCTURNA 10PZ,HIGIENE PERSONAL,$28.000,$28.000
381519180736,HERBAL ESSENCES 400 ML,HIGIENE PERSONAL,$50.000,$50.000
7501056326142,CREMA PONDS AZUL 100GR,HIGIENE PERSONAL,$20.000,$30.000
7506306215627,J. T. SAVILE SABILA 150GR,HIGIENE PERSONAL,$10.000,$10.000
7501943489080,ESCUDO ANTIBACTERIAL 330 G,HIGIENE PERSONAL,$23.000,$23.000
7509546072432,CAPRICE DE MIEL SHAMPOO 750 ML,HIGIENE PERSONAL,$32.000,$38.000
7509546072371,CAPRICE CRISTALES DE TURMALINA 750 ML,HIGIENE PERSONAL,$32.000,$38.000
7501019006319,SABA ULTRAINVISIBLE  ULTRADELGADA LARGA 12 TOALLAS,HIGIENE PERSONAL,$32.000,$32.000
7501019006647,SABA ULTRAINVISIBLE NOCTURNA  CON ALAS 10 PZ,HIGIENE PERSONAL,$39.000,$41.000
7501943418509,KOTEX NOCTURNA CON ALAS 8 TOALLAS,HIGIENE PERSONAL,$21.000,$21.000
7509546072425,CAPRICE RIZOS DEFINIDOS 750 ML,HIGIENE PERSONAL,$32.000,$38.000
7509546074504,SHAMPOO MENNEN ZERO@0 ML,HIGIENE PERSONAL,$35.000,$35.000
7509546029825,NEUTRO BALANCE EN ROLL ON 65 ML,HIGIENE PERSONAL,$28.000,$28.000
7509546057521,LADY SPEED STICK PRO 5 ROLL ON 50 ML,HIGIENE PERSONAL,$28.000,$28.000
7501019032868,SABA INVISIBLE CON ALAS 7 TOALLAS,HIGIENE PERSONAL,$15.000,$15.000
7506306221406,CREMA PARA PEINAR PULPA DE SABILA Y NOPAL SAVILE 100 ML,HIGIENE PERSONAL,$13.000,$13.000
7501056326173,POND'S CREMA S 400 G,HIGIENE PERSONAL,$65.000,$65.000
7501019040641,"SABA INV. B. DÍAS, CON ALAS, FLUJO MOD, 32 PIEZAS",HIGIENE PERSONAL,$55.000,$55.000
7501035900264,"STEFANO BLACK EN ROLL ON CABALLERO, 50 ML",HIGIENE PERSONAL,$25.000,$25.000
7501056339234,VASENOL CREMA CORPORAL 400ML,HIGIENE PERSONAL,$46.000,$46.000
7506306204225,SHAMPOO TRESEMMÉ EXP. DETOX  SÁBILA Y A. DE COCO 750 ML,HIGIENE PERSONAL,$46.000,$54.000
7500435136426,CREST COMPLETE ECONOPACK 4 EN 1 200ML,HIGIENE PERSONAL,$36.000,$36.000
7501019040719,SABA ULTRA INV.B.N CON ALAS 22 TOALLAS EXTRA LARGAS,HIGIENE PERSONAL,$65.000,$65.000
7506306215986,ZEST AGUA DE COCO 150G,HIGIENE PERSONAL,$15.000,$15.000
7509546045597,PALMOLIVE BRILLO DE ALTO IMPACTO 700ML,HIGIENE PERSONAL,$42.000,$42.000
7506425600380,GEL ANTIBACTERIAL ESCUDO 70 ML,HIGIENE PERSONAL,$18.000,$18.000
650240033131,SHAMPOO VANART HIERBAS 750ML,HIGIENE PERSONAL,$41.000,$26.000
650240033155,SHAMPOO VANART ENJUAGUE EN CREMA 750ML,HIGIENE PERSONAL,$30.000,$26.000
7506306210561,SEDAL  SHAMPOO REPARACION Y BRILLO 650 ML,HIGIENE PERSONAL,$39.000,$39.000
7702006912938,SEDAL SHAMPOO RIZOS DEFINIDOS 650ML,HIGIENE PERSONAL,$39.000,$39.000
850018908054,CUBRECOBAS PZA,HIGIENE PERSONAL,$15.000,$10.000
7509546074009,SPEED STICK CLINICAL 93GR,HIGIENE PERSONAL,$47.000,$47.000
7509546075068,PALMOLIVE NEUTRO 600GR,HIGIENE PERSONAL,$45.000,$52.000
7501058714398,LYSOL SPRAY 650 ML,HIGIENE PERSONAL,$79.000,$79.000
7501059338531,FOLICURE CONTROL CAIDA 700 ML,HIGIENE PERSONAL,$58.000,$58.000
7506306204201,SHAMPOO TRESEMME HID. Y SUAV. 750ML,HIGIENE PERSONAL,$44.000,$46.000
7509546072050,MENNEN MIEL CON EXTRACTO DE MANZANILLA 200 ML,HIGIENE PERSONAL,$20.000,$20.000
7501017360796,"KOTEX ANATÓMICA, TOALLAS CON ALAS, 16 PZAS",HIGIENE PERSONAL,$17.000,$17.000
7509552828900,SHAMPOO ELVIVE PARA CABELLO DEBIL 680 ML,HIGIENE PERSONAL,$62.000,$62.000
7509552910964,GARNIER FRUCTIS POST QUIMICA 650ML,HIGIENE PERSONAL,$39.000,$40.000
7791293020372,AXE EXCITE SECO 90GR,HIGIENE PERSONAL,$44.000,$44.000
7509546682471,PALMOLIVE NATURALS OLIVA Y ALOE 120G,HIGIENE PERSONAL,$15.520,$20.000
7506306202955,ZEST VAINILLA Y JENGIBRE 150G,HIGIENE PERSONAL,$15.000,$15.000
7506425606900,ESCUDO ANTIBACTERIAL PROTECION NEUTRA 150G,HIGIENE PERSONAL,$16.000,$20.000
7506425606924,ESCUDO ANTIBACTERIAL ROSA 150 GR,HIGIENE PERSONAL,$10.873,$20.000
7501032930912,GLADE MINI GEL MORA RADIANTE 70 G,HIGIENE PERSONAL,$13.000,$15.000
7501032908669,GLADE MINI GEL DE LIMON 70 G,HIGIENE PERSONAL,$13.000,$18.000
7501032931568,GLADE AEROSOL ODISEA AZUL 250G/275 ML,HIGIENE PERSONAL,$26.000,$26.000
7501032924010,GLADE AEROSOL ALEGRIA FLORAL Y FRUTOS ROJOS 250G/275 ML,HIGIENE PERSONAL,$26.000,$26.000
7501032930509,GLADE AEROSOL BRINDIS FRUTAL 345 G,HIGIENE PERSONAL,$48.000,$48.000
7501032900243,GLADEAEROSOL DE MANZANA Y CANELA 345 ML,HIGIENE PERSONAL,$44.000,$44.000
75025939,AXE DARK TEMPTATION FRESH 54 G,HIGIENE PERSONAL,$32.000,$32.000
013117029253,CHICOLASTIC TOALLITAS 120PZ,HIGIENE PERSONAL,$25.000,$25.000
7791293035895,REXONA ANT. PIES 24 HRS,HIGIENE PERSONAL,$38.000,$38.000
7509546009179,COLGATE MAXIMA PROTECCION ANTICARIES 75 ML,HIGIENE PERSONAL,$23.500,$32.000
7501054503095,CREMA NIVEA 100ML,HIGIENE PERSONAL,$31.000,$31.000
7501019035579,SABA INV. BUENOS DIAS CON ALAS 30 PZAS,HIGIENE PERSONAL,$43.000,$43.000
8000700000005,JABON DOVE BEAUTY CREAM BAR 100 G,HIGIENE PERSONAL,$15.000,$15.000
7501056340025,CREMA PARA PEINAR SEDAL RESTAURACION INSTANTANEA 300 ML,HIGIENE PERSONAL,$28.000,$28.000
7501943494251,KOTEX UNICA FLUJO ABUNDANTE 14 TOALLAS,HIGIENE PERSONAL,$25.000,$25.000
7506306210516,SEDAL ACONDICIONADOR BOMBA ARGAN 650 ML,HIGIENE PERSONAL,$38.000,$38.000
7791293022581,REXONA MEN STAY FRESH XTRA COOL 150 ML -90G,HIGIENE PERSONAL,$46.000,$46.000
7506306244184,REXONA MEN ANTIBACTERIAL INVISIBLE ANTIMANCHAS 150ML-90G,HIGIENE PERSONAL,$46.000,$46.000
7791293022598,REXONA MEN ACTIVE DRY 150 ML-90G,HIGIENE PERSONAL,$46.000,$46.000
7702006912167,SHAMPOO SEDAL CAIDA 650 ML,HIGIENE PERSONAL,$38.000,$38.000
7509546076928,JABON PALMOLIVE CASTAÑA 4 PIEZAS DE 120G,HIGIENE PERSONAL,$40.000,$40.000
7506306216716,SEDAL BOMBA DE NUTRICON CACAO Y AGUACATE 650 ML,HIGIENE PERSONAL,$38.000,$38.000
7506306233140,SHAMPOO SEDAL RIZOS DEFINIDOS 2 EN 1 650ML,HIGIENE PERSONAL,$38.000,$42.000
7506306233133,SEDAL SHAMPOO 2 EN 1 RESTAURACION IMSTANTANEA 650 ML,HIGIENE PERSONAL,$38.000,$38.000
7506306238480,ZEST SABILA  Y PEPINO 5 BARRAS 100 G C/U,HIGIENE PERSONAL,$32.000,$32.000
7509546073743,STEFANO BLACK LEGEND,HIGIENE PERSONAL,$41.000,$41.000
7501199424910,GEL XTREME PROFESIONAL 287 G,HIGIENE PERSONAL,$11.000,$23.000
7509546069678,SPEED STICK COOL BLUE 91 G,HIGIENE PERSONAL,$43.000,$60.000
7506306205642,REXONA JABON DE TOCADOR 142 G,HIGIENE PERSONAL,$11.000,$11.000
079400052926,REXONA CLINICAL 48 G,HIGIENE PERSONAL,$45.000,$45.000
7509546000985,COLGATE TRIPLE ACCION 75 ML,HIGIENE PERSONAL,$17.229,$23.000
099176316831,CEPILLO COLGATE PREMIER CLEAN,HIGIENE PERSONAL,$10.767,$15.000
7509546067940,DES. LADY SPEED STICK BARRA 45GR,HIGIENE PERSONAL,$30.000,$30.000
7509546064697,DES. ESTEFANO PLAY 159ML,HIGIENE PERSONAL,$41.000,$41.000
7501943420182,KOTEX NAT. CON MAN. SIN  ALAS 16 PZAS,HIGIENE PERSONAL,$15.000,$18.000
7501027286024,DES. OBAO GARNIER MEN ACTIVE 65GR,HIGIENE PERSONAL,$23.000,$28.000
7501035909014,DES. ESTEFANO BARRA SPAZIO 60GR,HIGIENE PERSONAL,$29.000,$29.000
7509546074771,PALMOLIVE NAT. JALEA REAL Y YOGURT 600GR,HIGIENE PERSONAL,$40.000,$40.000
7509546074788,PALMOLIVE NAT. LAVANDA Y CREMA 600GR,HIGIENE PERSONAL,$40.000,$40.000
7891024034125,COLGATE FRESA KIDS  50 G,HIGIENE PERSONAL,$14.000,$14.000
7506306219434,SAVILE NAT. SAVILA Y HERBAL 800ML,HIGIENE PERSONAL,$28.000,$28.000
7501007492568,SOBRE HEADS SHOULDERS 18 ML,HIGIENE PERSONAL,$5.000,$5.000
7500435108065,HEADS SHOULDERS 2 EN 1 LIMPIEZA RENOVADORA 700 ML,HIGIENE PERSONAL,$60.000,$60.000
7500435108058,HEADS SHOULDERS LIMPIEZA REMOVEDORA 700 ML,HIGIENE PERSONAL,$60.000,$60.000
7509546072449,CAPRICE BIOTINA MAS UVA 750 ML,HIGIENE PERSONAL,$32.000,$38.000
7509546072722,CAPRICE ACONDICIONADOR CONTROL CAIDA 750 ML,HIGIENE PERSONAL,$32.000,$38.000
7509546072456,CAPRICE NUTRICION REVITALIZANTE 750 ML,HIGIENE PERSONAL,$32.000,$38.000
7509546072463,CAPRICE BIOTINA MAS ALMENDRA 750 ML,HIGIENE PERSONAL,$32.000,$38.000
7509546072753,CAPRICE CONTROL CAIDA EXTRACTO DE MAMEY MAS ARGININA 750 ML,HIGIENE PERSONAL,$32.000,$38.000
7509546072364,CAPRICE ACEITE HERBAL 760 ML,HIGIENE PERSONAL,$32.000,$38.000
7509546072760,CAPRICE SHAMPOO 2 EN 1 750 ML,HIGIENE PERSONAL,$32.000,$38.000
7509546080406,CAPRICE JAMAICA Y  CAFE,HIGIENE PERSONAL,$32.000,$38.000
7509546072296,CAPRICE FRUTOS  MAS AGUA DE COCO 760 ML,HIGIENE PERSONAL,$32.000,$38.000
7501019006081,SABA INTIMA CLIP CON ALAS 42 TOALLAS,HIGIENE PERSONAL,$38.000,$51.000
7501019030611,SABA  CONFORT MANZANILLA DELGADA 10 TOALLAS,HIGIENE PERSONAL,$22.000,$23.000
7509546054032,COLGATE LUMINOUS WHITE 22 ML,HIGIENE PERSONAL,$11.000,$11.000
7509546072272,COLGATE UVA KIDS  50 G,HIGIENE PERSONAL,$14.000,$14.000
4001,TOALLA PZA,HIGIENE PERSONAL,$4.000,$4.000
7509546075075,PALMOLIVE NEUTRO BALANCE DERMOPROTECTOR 150G,HIGIENE PERSONAL,$0.000,$16.000
7509546074672,PALMOLIVE FUSIÓN NUTRITIVA,HIGIENE PERSONAL,$15.000,$18.000
7509546074634,PALMOLIVE PURIFICANTE FRESCURA,HIGIENE PERSONAL,$15.000,$15.000
7509546074658,PALMOLIVE SUAVIDAD RELAJANTE 150G,HIGIENE PERSONAL,$15.000,$18.000
7509546074641,PALMOLIVE  HIDRATACION RADIANTE 150G,HIGIENE PERSONAL,$15.000,$15.000
7506306238688,CAMAY ORQUIDEA NEGRA 150G,HIGIENE PERSONAL,$14.000,$14.000
7506306238398,ZEST SABILA   Y   PEPINO,HIGIENE PERSONAL,$13.000,$13.000
7506306202962,ZEST TORONJA Y  ALBAHACA DE 150 G,HIGIENE PERSONAL,$13.000,$15.000
7506192506137,SHAMPOO SAVILE COLAGENO 24 ML,HIGIENE PERSONAL,$2.500,$2.500
7501007528427,LUBRIDERM REPARACION INTENSIVA 400 ML,HIGIENE PERSONAL,$60.000,$60.000
7501057006432,LUBRIDERM PIEL NORMAL 400 ML,HIGIENE PERSONAL,$60.000,$60.000
7501007528441,LUBRIDERM PIEL SECA 400 ML,HIGIENE PERSONAL,$60.000,$60.000
7501056340131,SEDAL RIZOS DEFINIDOS,HIGIENE PERSONAL,$28.000,$28.000
7506306210080,DESODORANTE  EGO SPORT,HIGIENE PERSONAL,$33.000,$45.000
7506306210103,DESODORANTE EGO  FORCE,HIGIENE PERSONAL,$33.000,$45.000
070330709485,RASTRILLO BIC COMFORT,HIGIENE PERSONAL,$7.000,$11.000
7501056353100,SHAMPOO SEDAL CERAMIDAS 2EN1 650ML,HIGIENE PERSONAL,$38.000,$38.000
7509546072401,CAPRICE PAL. SHAMPOO F. ACTI-CERAMIDAS 750ML,HIGIENE PERSONAL,$32.000,$38.000
7509546072395,SHAMPOO CAPRICE BIOTINA PAL. 750ML,HIGIENE PERSONAL,$32.000,$38.000
7506309864822,DES. GILLETTE ARCTIC ICE 150ML,HIGIENE PERSONAL,$41.000,$42.000
7509546073774,DES. ESTEFANO SPAZIO 159ML,HIGIENE PERSONAL,$41.000,$41.000
7509546073781,DES. ESTEFANO MIDNIGHT 159ML,HIGIENE PERSONAL,$41.000,$41.000
75035778,AXE FRESH EXCITE 54GR,HIGIENE PERSONAL,$29.000,$32.000
7509546046822,SPEED STICK BARRA STAIN GUARD 50GR,HIGIENE PERSONAL,$29.000,$32.000
75048082,AXE BLACK BARRA SECO 50GR,HIGIENE PERSONAL,$29.000,$32.000
8992304015298,GARNIER MEN ACNOFIGHT 100ML,HIGIENE PERSONAL,$61.000,$61.000
7509546072074,SHAMPOO MENNEN MIEL Y EXT. DE MAN. 700ML,HIGIENE PERSONAL,$39.000,$38.000
7506306210400,SHAMPOO TRESEMME REP. Y PROT. 750ML,HIGIENE PERSONAL,$38.000,$46.000
650240011832,SHAMPOO TIO NACHO JALEA REAL + MAN. 415ML,HIGIENE PERSONAL,$48.000,$48.000
7509552909685,SHAMPOO GARNIER FRUC. MAN. + CER. 650ML,HIGIENE PERSONAL,$38.000,$39.000
7501019037450,SABA ULTRA INV. B. N. CON ALAS 20 PZAS,HIGIENE PERSONAL,$45.000,$49.000
7501019069116,SABA PROTEC. DIA. 45 PZAS,HIGIENE PERSONAL,$25.000,$25.000
7509546015682,SHAMPOO PALMOLIVE 2 X1 10ML,HIGIENE PERSONAL,$4.000,$4.000
7506195160435,PANTENE RESTAURACION 100ML,HIGIENE PERSONAL,$12.000,$15.000
7503004329168,LUBRIQUEN PROCT. NATURAL 2.5GR,HIGIENE PERSONAL,$2.000,$2.000
7503004329151,LUBRIQUEN PROCT. HIERBABUENA 2.5GR,HIGIENE PERSONAL,$2.000,$2.000
7503004329144,LUBRIQUEN PROCT. NARANJA 2.5GR,HIGIENE PERSONAL,$2.000,$2.000
7503004329137,LUBRIQUEN PROCT. CEREZA 2.5GR,HIGIENE PERSONAL,$3.000,$3.000
7506192505956,CREMA SAVILE BIOTINA ANTIESPONJADO 100ML,HIGIENE PERSONAL,$10.000,$10.000
7506192506175,CREMA SAVILE COLAGENO ANTIESPONJADO 100ML,HIGIENE PERSONAL,$10.000,$18.000
7506192503426,SAVILE KERATINA 180ML,HIGIENE PERSONAL,$12.000,$15.000
7506192506120,SAVILE COLAGENO CONTROL CAIDA 180ML,HIGIENE PERSONAL,$12.000,$12.000
7506192504416,SAVILE ACEITE DE ARGAN B. Y S. 180ML,HIGIENE PERSONAL,$12.000,$21.000
7506192502603,SHAMPOO SAVILE SABILA Y MIEL 180ML,HIGIENE PERSONAL,$12.000,$21.000
7501199413648,PERT REPARACION A. DE OLIVA 180ML,HIGIENE PERSONAL,$16.000,$16.000
7501199413785,PERT HIDRATACION PROFUNDA 180ML,HIGIENE PERSONAL,$16.000,$16.000
7501943452688,SHAMPOO HUGGIES LAVANDA MANZ. 200ML,HIGIENE PERSONAL,$37.500,$37.500
7506195148686,HEAD SHOULDERS 90ML,HIGIENE PERSONAL,$13.637,$12.000
7506309873701,PANTENE RIZOS DEFINIDOS 100ML,HIGIENE PERSONAL,$12.000,$12.000
7509552906158,DES. OBAO FRESCURA CONTINUA 65GR,HIGIENE PERSONAL,$21.000,$21.000
7509546067926,DES. LADY SPEED STICK DERMA ACLAR. 150ML,HIGIENE PERSONAL,$35.000,$35.000
7509546063447,DES. LADY SPEED STICK COOL GREEN 150ML,HIGIENE PERSONAL,$35.000,$35.000
7509546063669,DES. SPEED STICK CLEAN 150ML,HIGIENE PERSONAL,$35.000,$35.000
7509546058986,SPRAY CAPRICE KIWI Y LAVANDA 316ML,HIGIENE PERSONAL,$0.000,$65.000
7501027250612,DES. OBAO PIEL DELICADA 65GR,HIGIENE PERSONAL,$21.000,$21.000
7506309839202,DES. BARRA OLD SPICE 50GR,HIGIENE PERSONAL,$33.000,$33.000
7506306226852,DES. AXE ANARCHY FOR HER 150ML,HIGIENE PERSONAL,$40.000,$65.000
7506306238428,JABÓN TOCADOR ZEST NEUTRO SUAVE 150GR,HIGIENE PERSONAL,$11.000,$15.000
7506306238350,JABÓN TOCADOR ZEST FRESCURA MARINA 150GR,HIGIENE PERSONAL,$11.000,$15.000
7506306238404,JABÓN TOCADOR ZEST ALMENDRAS Y AVENA 150GR,HIGIENE PERSONAL,$11.000,$15.000
3014260846725,CEPILLO ORAL-B PRO COMPACT,HIGIENE PERSONAL,$8.000,$10.000
7501199416168,GEL EXTREME ATTRACTION POSEER 200GR,HIGIENE PERSONAL,$10.000,$12.000
7506192503358,GEL EGO MAGNETIC 200ML,HIGIENE PERSONAL,$14.420,$19.000
7502012640951,VELADORA SAN FELIPE ESPIRAL,HIGIENE PERSONAL,$50.320,$64.000
7509546064437,CAPRICE FIJADOR SABILA CHILE Y AGUACATE 316ML,HIGIENE PERSONAL,$11.000,$43.500
7509546068343,CAPRICE FIJADOR BIOTINA 316ML,HIGIENE PERSONAL,$11.000,$43.500
7509546058962,CAPRICE FIJADOR EXTRACTO DE SABILA 316ML,HIGIENE PERSONAL,$11.000,$65.000
7506192506601,GEL EGO ATTRACTION 200ML,HIGIENE PERSONAL,$14.167,$18.000
7500435020008,HEAD SHOULDERS CONTROL CASPA 375ML,HIGIENE PERSONAL,$41.000,$49.000
650240033148,SHAMPOO VANART CREMATIZADO 750ML,HIGIENE PERSONAL,$41.000,$25.000
650240033124,SHAMPOO VANART DUO 750ML,HIGIENE PERSONAL,$41.000,$25.000
650240033117,SHAMPOO VANART CONTROL CASPA 750ML,HIGIENE PERSONAL,$19.000,$25.000
7501737418968,JOVAN MUSK FOR MEN 70GR,HIGIENE PERSONAL,$40.000,$50.000
7702018913640,GILLETTE ENDURANCE POWER BEADS GEL 82GR,HIGIENE PERSONAL,$40.000,$50.000
7506195178133,ALWAYS SUAVE P. TOTAL CON ALAS 10 PZA,HIGIENE PERSONAL,$16.000,$16.000
7506195158739,NATURELLA CON M. SIN ALAS F. ORGANICAS 8 PZA,HIGIENE PERSONAL,$13.000,$15.000
7501019006623,SABA NOCTURNA BUENAS NOCHES 8 PZA,HIGIENE PERSONAL,$17.360,$25.000
7506195178188,ALWAYS SUAVE NOCHES TRANQUILAS 8 PZA,HIGIENE PERSONAL,$16.000,$27.000
7501001405335,NATURELLA CUIDADO NOCTURNO 10 PZA,HIGIENE PERSONAL,$18.000,$22.000
7501019006371,SABA INVICIBLE CON ALAS 10 PZ,HIGIENE PERSONAL,$16.580,$23.000
7509546017389,SHAMPOO PALMOLIVE OPTIMUS 2 EN 1 700ML,HIGIENE PERSONAL,$42.000,$49.000
7501035911031,PASTA DENTAL COLGATE 100ML,HIGIENE PERSONAL,$20.000,$42.000
7506306210271,J. DE TOCADOR SAVILE AGUA DE COCO 150GR,HIGIENE PERSONAL,$11.000,$13.000
7506306210257,J. DE TOCADOR SAVILE AGUA DE ROSAS 150GR,HIGIENE PERSONAL,$11.000,$10.000
7506306210295,J. DE TOCADOR SAVILE ACEITE DE AGUACATE 150GR,HIGIENE PERSONAL,$11.000,$13.000
42210788,NIVEA MILK N. ACEITE DE ALMENDRAS CREMA CORPORAL 75ML,HIGIENE PERSONAL,$12.000,$15.000
4005808802005,NIVEA MILK N. ACEITE DE ALMENDRAS CREMA CORPORAL 125ML,HIGIENE PERSONAL,$22.000,$28.000
7791293032450,DESODORANTE REXONA MOTIONSENSE BAMBOO 150ML,HIGIENE PERSONAL,$35.000,$52.000
4005808829675,NIVEA ACLARADO NATURAL AEROSOL 150ML,HIGIENE PERSONAL,$35.000,$55.000
7702018880409,RASTRILLO GILLETTE PRESTOBARBA 3,HIGIENE PERSONAL,$16.000,$25.000
7591066701015,RASTRILLO SCHICK EXTREME 3,HIGIENE PERSONAL,$12.857,$17.000
7509546657851,CEPILLO DENTAL COLGATE PZA,HIGIENE PERSONAL,$11.340,$15.000
7501006733907,PASTA DENTAL CREST COMPLETE 100ML,HIGIENE PERSONAL,$0.000,$38.000
7501035911017,PASTA DENTAL COLGATE 150ML,HIGIENE PERSONAL,$55.248,$55.000
7501035911567,PASTA DENTAL COLGATE 50ML,HIGIENE PERSONAL,$16.440,$21.000
7509546039152,PASTA DENTAL COLGATE 22ML,HIGIENE PERSONAL,$0.000,$10.000
7713042173283,SERVILLETAS PRUEBA 125 PZAS,HIGIENE PERSONAL,$8.400,$13.000
7509546058979,CAPRICE FIJADOR AEROSOL EXTRACTO DE ALGAS 316ML,HIGIENE PERSONAL,$0.000,$65.000
7509546059006,CAPRICE FIJADOR AEROSOL GRANADA 316ML,HIGIENE PERSONAL,$0.000,$43.500
7509546058955,SPRAY ANTICERAMIDAS CAPRICE PZ 316 ML,HIGIENE PERSONAL,$0.000,$43.500
7503002163023,GEL EXTREME PROFESIONAL 250GR,HIGIENE PERSONAL,$23.000,$23.000
7500435154420,RASTRILLO GILLETTE 2 HJS PZA,HIGIENE PERSONAL,$12.025,$18.000
7791293022543,REXONA MEN SPORTFAN 150ML,HIGIENE PERSONAL,$0.000,$50.000
7501017362950,KLEENEX DE BOLSILLO,HIGIENE PERSONAL,$3.800,$7.000
67238891190,JABON TOCADOR DOVE BLANCO 135GR,HIGIENE PERSONAL,$0.000,$18.000
7501943489035,JABON TOCADOR ESCUDO PROTECCION Y CUIDADO 160GR,HIGIENE PERSONAL,$0.000,$20.000
7506306238640,JABON TOCADOR CAMAY CLASICO 150GR,HIGIENE PERSONAL,$18.000,$18.000
7509546682266,JABON PALMOLIVE NATURALS MENTA Y EUCALIPTO 120GR,HIGIENE PERSONAL,$0.000,$20.000
7509546074979,JABON TOCADOR PALMOLIVE NEUTRO BALANCE 150GR,HIGIENE PERSONAL,$0.000,$19.000
7506306238336,JABON TOCADOR ZETS FRESCURA 150GR,HIGIENE PERSONAL,$0.000,$18.000
78924338,DESODORANTE REXONA MOTIONSENSE MUJER 50ML,HIGIENE PERSONAL,$0.000,$25.000
78923454,DESODORANTE REXONA MEN 50ML,HIGIENE PERSONAL,$0.000,$25.000
7506306203419,DES. AXE SPRAY EXCITE 150ML,HIGIENE PERSONAL,$0.000,$50.000
7791293028781,DES. AXE SPRAY BLACK 150ML,HIGIENE PERSONAL,$51.500,$57.000
7791293025797,DES. AXE DARK TEMPTATION 150ML,HIGIENE PERSONAL,$41.100,$60.000
7791293025018,DES. AXE GOLD TEMPTATION 150ML,HIGIENE PERSONAL,$0.000,$65.000
7791293025810,DES. AXE FUSION 150ML,HIGIENE PERSONAL,$0.000,$44.000
7506295326564,SHAMPOO PANTENE SOBRE,HIGIENE PERSONAL,$1.688,$3.000
7506192503433,SHAMPOO SAVILE SOBRE,HIGIENE PERSONAL,$0.000,$3.000
7501001164683,SHAMPOO PANTENE PRO-V 1 LT,HIGIENE PERSONAL,$0.000,$80.000
7590002008898,SHAMPOO HEAD SHOULDERS SOBRE 10ML,HIGIENE PERSONAL,$1.317,$3.000
7500435107273,SHAMPOO HEAD SHOULDERS L.R. 1 LT,HIGIENE PERSONAL,$0.000,$85.000
1025645156,BIOMESINA COMPUESTA,HIGIENICOS,$0.000,$10.000
015120156156,XL-3XTRA PARA LA GRIPA,HIGIENICOS,$0.000,$10.000
7501036624121,REGIO RINDE 250 HOJAS,HIGIENICOS,$0.000,$22.000
125152103,CHAROLA PARA HOT DOG X PAQUETE,HIGIENICOS,$0.000,$155.000
7501019006074,SABA INTIMA CLIP 10 PZAS,HIGIENICOS,$0.000,$18.000
7506425627653,PETALO SERVITOALLA PRACTICA 160 HOJAS,HIGIENICOS,$0.000,$25.000
7501036624572,REGIO ECOMAX 4 ROLLOS,HIGIENICOS,$0.000,$28.000
7506425658848,PETALO 12 ROLLOS,HIGIENICOS,$0.000,$65.000
7506425608133,SUAVEL SERVITOALLA 1 ROLLO,HIGIENICOS,$0.000,$19.000
7502247332980,PREMIRE HIGIENICO MAX 500 HJS,HIGIENICOS,$0.000,$39.000
7501036625814,REGIO TRAPOS DE PAPEL USO RUDO 55 HJS,HIGIENICOS,$0.000,$39.000
7506425653973,HIG. PETALO 300 HJS 6 PZAS,HIGIENICOS,$28.320,$36.000
7548219321507,HIG. FLORENCIA 400HJS,HIGIENICOS,$0.000,$35.000
7506425633555,PÉTALO 6 PZAS 337 HOJAS DOBLES,HIGIENICOS,$29.000,$29.000
7506425627219,PETALO TOALLA PARA MANOS 150 PZAS,HIGIENICOS,$28.000,$28.000
823703801749,MAXIMA PREMIUM ALGODEON 4 PZ,HIGIENICOS,$24.000,$24.000
7501036622431,"REGIO ADVANCED TOALLAS DE PAPEL, 88 HOJAS, 2 ROLLOS",HIGIENICOS,$48.000,$48.000
7506425600021,HIG. PETALO ULTRA JUMBO 16 PZAS,HIGIENICOS,$65.000,$65.000
7501036623391,REGIO SUAVE DELEITE 12 ROLLOS 225 HOJAS,HIGIENICOS,$60.000,$60.000
7501943458451,PETALO RENDIMAX 12 ROLLOS 320 HOJAS,HIGIENICOS,$65.000,$75.000
823703802043,MAXIMA TOALLAS DE COCINA 1 TUBO DE 180 HOJAS,HIGIENICOS,$19.000,$19.000
7506425602186,PETALO DE 440 HOJAS CON 4 ROLLOS,HIGIENICOS,$28.000,$28.000
099072000568,PREMIER PAPEL 4 ROLLOS DE 160 HOJAS,HIGIENICOS,$11.000,$15.000
7501036622448,REGIO MAXI ROLLO 1 PIEZA,HIGIENICOS,$16.000,$16.000
7502247331563,PAPEL PREMIER DE 600 HOJAS,HIGIENICOS,$36.000,$41.000
15451254,PREMIER,HIGIENICOS,$11.000,$11.000
7501943458574,HIG. SUAVEL 200 HJS,HIGIENICOS,$15.000,$15.000
1012,HIG. ÉLITE COLOR 4 ROLLOS,HIGIENICOS,$16.000,$21.000
099072000674,PREMIER MEGA ROLL 400 HJS,HIGIENICOS,$0.000,$32.000
7506192504935,SAVILE SABILA Y MANZANA 780 ML,INFANTIL,$0.000,$38.000
7503006503504,KANGGIS TOALLITAS HUMEDAS 70PZ,INFANTIL,$0.000,$28.000
7506475102513,GERBER DE ZANAHORIA 100GR,INFANTIL,$0.000,$12.000
7503006503191,BABY SKY TOALLITAS HUMEDAS 80 PZ,INFANTIL,$0.000,$30.000
4895225300969,BEBE CARE PAÑALES DE BEBE PREMIUM M 4PCS,INFANTIL,$0.000,$32.000
4895225300952,BEBE CARE PAÑALES DE BEBE PREMIUM CH 4PCS,INFANTIL,$0.000,$32.000
4895225300976,BEBE CARE PAÑALES DE BEBE PREMIUM G 4PCS,INFANTIL,$0.000,$32.000
4895225300983,MAYFIELD BEB CARE PAÑALES DE BEBE PREMIUM XG,INFANTIL,$0.000,$25.000
7501000922239,GERBER JUGO DE MANZANA 175ML,INFANTIL,$0.000,$21.000
608875005108,HEINZ PAPILLA DE MANZANA 113GR,INFANTIL,$0.000,$15.000
608875005092,HEINZ PAPILLA DE MANGO 113GR,INFANTIL,$0.000,$15.000
608875005382,HEINZ PAPILLA DE PERA 113GR,INFANTIL,$0.000,$15.000
608875005436,HEINZ PAPILLA COCTEL DE FRUTAS 113GR,INFANTIL,$0.000,$15.000
608875005399,HEINZ PAPILLA FRUTAS MIXTAS 113GR,INFANTIL,$0.000,$15.000
7506475102520,GERBER RES VERDURAS Y ARROZ 100GR,INFANTIL,$0.000,$13.000
7506475102476,GERBER DURAZNO 100GR,INFANTIL,$0.000,$13.000
7506475102490,GERBER FRUTAS MIXTAS,INFANTIL,$9.250,$13.000
7506475102483,GERBER CIRUELA,INFANTIL,$9.583,$13.000
7501943471962,TOALLITAS SUAVELASTIC KLEEN BEBE 100 PZAS,INFANTIL,$0.000,$33.000
7506475102537,GERBER NATURAL POLLO VERDURAS Y ARROZ 100GR,INFANTIL,$0.000,$13.000
7506475102506,GERBER NATURAL PLATANO 100GR,INFANTIL,$0.000,$13.000
7506425603404,TOALLITAS HUMEDAS ESCUDO 50 PZ,INFANTIL,$27.000,$27.000
7506475102469,GERBER DE MANGO 100 G,INFANTIL,$10.350,$13.000
151023015621,PAÑAL  1 PIEZA SUELTO,INFANTIL,$3.883,$7.000
013117032178,PAÑAL BBTIPS CALZONCILLO 16 PZAS,INFANTIL,$96.000,$96.000
7506425607808,HUGGIES SUPREME 80 TOALLITAS HUMEDAS,INFANTIL,$35.000,$39.000
013117019971,BB TIPS TALLA 6 XL-GRANDE 40 PAÑALES  PAQUETE,INFANTIL,$192.000,$192.000
02312015210,BBTIPS 100 TOALLITAS,INFANTIL,$32.000,$32.000
013117023008,TOALLITAS BBTIPS 100 PZAS,INFANTIL,$33.000,$33.000
75003487,GERBER MANGO 113GR,INFANTIL,$12.000,$13.000
7501058635372,GERBER VERD. CON JAMON 113GR,INFANTIL,$12.000,$13.000
7501000904228,GERBER VERD. CON POLLO Y ARROZ 113GR,INFANTIL,$10.000,$13.000
7501059233072,NIDO NESTLE KINDER 144GR,INFANTIL,$21.000,$26.000
7501059281943,NIDO FORTIGROW 120GR NESTLE,INFANTIL,$12.000,$16.000
75003463,GERBER FRUTAS MIXTAS 113GR 2 ETAPA,INFANTIL,$8.000,$13.000
7501058615640,NIDO ENTERA BOLSA 200GR,INFANTIL,$0.000,$9.000
7501058629708,NIDAL BEBE ETAPA 1 120GR,INFANTIL,$0.000,$9.000
7501058611994,GERBER SPLASHERS PERA 2 ETAPA 175ML,INFANTIL,$0.000,$13.000
7501058611987,GERBER SPLASHERS MANZANA 2 ETAPA 175ML,INFANTIL,$0.000,$13.000
178,GERBER JUGO DE MANZANA 1 ETAPA 118ML,INFANTIL,$0.000,$12.500
75003807,GERBER JUGO DE PERA 1 ETAPA 118ML,INFANTIL,$0.000,$12.500
75003425,GERBER CIRUELA PASA 2 ETAPA 113GR,INFANTIL,$0.000,$13.000
7506475102421,GERBER MANZANA 2 ETAPA 113GR,INFANTIL,$9.250,$13.000
75003371,GERBER DURAZNO 2 ETAPA 113GR,INFANTIL,$9.250,$13.000
7501000904235,GERBER V. CON POLLO Y PASTA 2 ETAPA 113GR,INFANTIL,$9.250,$13.000
75003456,GERBER FRUTAS TROPICALES 2 ETAPA 113GR,INFANTIL,$0.000,$13.000
75003418,GERBER PLATANO 2 ETAPA 113GR,INFANTIL,$0.000,$13.000
7501000904242,GERBER V. CON RES Y ARROZ 2 ETAPA 113GR,INFANTIL,$0.000,$13.000
7501000910397,GERBER POSTRE DE GUAYABA 2 ETAPA 113GR,INFANTIL,$0.000,$13.000
7506475102452,GERBER PERA 2 ETAPA 100GR,INFANTIL,$9.250,$13.000
7706800227007,MR MUSCULO BAÑOS ANTIHONGOS 500 ML,INSECTICIDAS Y ANTIPLAGAS,$0.000,$65.000
7501032903572,BAYGON ULTRA VERDE 400ML,INSECTICIDAS Y ANTIPLAGAS,$60.460,$65.000
7591005574014,RAID RAIDOLITOS LAVNDA,INSECTICIDAS Y ANTIPLAGAS,$0.000,$10.000
7501021110257,H 24,INSECTICIDAS Y ANTIPLAGAS,$70.000,$70.000
7501032920425,RAID MAX MATA CUCARACHAS 285 ML,INSECTICIDAS Y ANTIPLAGAS,$59.000,$81.000
7503013328015,TRAMPA PARA RATONES MAX 1 PZ,INSECTICIDAS Y ANTIPLAGAS,$78.000,$78.000
7503013328008,TRAMPA PARA RATAS CATCH-A MAX,INSECTICIDAS Y ANTIPLAGAS,$35.000,$35.000
7591005574007,RAID RAIDOLITOS 10 ESPIRALES,INSECTICIDAS Y ANTIPLAGAS,$20.000,$23.000
2362010251,RAIDOLITOS PZ SUELTA,INSECTICIDAS Y ANTIPLAGAS,$4.000,$4.000
7503013328053,TRAMPA MOSCA CATCHAMAX 1 PZA,INSECTICIDAS Y ANTIPLAGAS,$4.000,$6.000
7501032900175,REPELENTE RAIDOLITO LAVANDA12 PZAS,INSECTICIDAS Y ANTIPLAGAS,$18.000,$24.000
7501032900168,REPELENTE RAIDOLITO VERDE 12 PZAS,INSECTICIDAS Y ANTIPLAGAS,$18.000,$24.000
15412523,RAID ESPIRAL,INSECTICIDAS Y ANTIPLAGAS,$19.000,$5.000
7501032925550,RAID MATA MOSCAS Y MOSQUITOS AEROSOL,INSECTICIDAS Y ANTIPLAGAS,$74.240,$85.000
7501032925956,RAID CASA Y JARDIN 400ML,INSECTICIDAS Y ANTIPLAGAS,$73.410,$95.000
7501032903596,RAID MAX MATA CUCARACHAS 400ML,INSECTICIDAS Y ANTIPLAGAS,$82.080,$107.000
7501032929770,RAID LAMINITAS PZA,INSECTICIDAS Y ANTIPLAGAS,$0.000,$4.000
260491,FIBRA DE METAL PZ,JARCIERIA,$0.000,$18.000
724611000234,CEPILLO CLASICO MEDIANO,JARCIERIA,$0.000,$25.000
726866050323,FREGON 2 X1,JARCIERIA,$0.000,$21.000
7500093748825,QUALITY DAY FIBRA ESPONJA,JARCIERIA,$0.000,$15.000
02310231562,PERICO CEPILLO,JARCIERIA,$0.000,$17.000
0231025310,SUPER PRECIO ESPONJA,JARCIERIA,$0.000,$20.000
3025621,GARRAFA CHICA 5 L,JARCIERIA,$0.000,$37.000
251520521,GARRAFA MEDIANA 10 L,JARCIERIA,$0.000,$57.000
0312521051,GARRAFA GRANDE 15 LT,JARCIERIA,$0.000,$85.000
082269120040,REYNERA MAX CEPILLO TIPO PLANCHA,JARCIERIA,$0.000,$25.000
7502237250041,PERICO CEPILLO ESCOBA MULTIUSO,JARCIERIA,$0.000,$55.000
163837268619,JRAMIREZ MECHUDO 100% MICROFIBRA,JARCIERIA,$0.000,$67.000
7502237250164,TRAPEADOR MEDIANO ALGODON PM-350,JARCIERIA,$0.000,$62.000
7503031299137,LIMPIAVIDRIOS MULTIUSOS 20CM JUMBITO,JARCIERIA,$0.000,$40.000
7502237250409,ESCOBETA PERICO PE-1,JARCIERIA,$0.000,$20.000
7501023128595,SCOTT BRITE FREGON 3M,JARCIERIA,$0.000,$15.000
7501023100072,SCOTCH BRITE FIBRA 1 PZ,JARCIERIA,$0.000,$23.000
62774627647,CUADRITELA GRANDE,JARCIERIA,$0.000,$15.000
26847266388,CUADRITELA CHICA,JARCIERIA,$0.000,$9.000
79278492784,PINZAS PARA ROPA 100 PZAS,JARCIERIA,$0.000,$48.000
7503031299052,ESCOBA JUMBO J-210,JARCIERIA,$0.000,$69.000
7506601400551,NITRAM FIBRA ESPIRAL PZA,JARCIERIA,$0.000,$9.000
7501103300187,TALLON FIBRA DE ACERO 2PK,JARCIERIA,$13.500,$18.000
7501019155109,VITEX GUANTES SATINADOS PAR,JARCIERIA,$0.000,$26.000
565859,GUANTE SIN MARCA GENERICO PZA,JARCIERIA,$0.000,$20.000
7501023116783,SCOTH BRITE MI TELA MULTIUSOS,JARCIERIA,$0.000,$20.000
7501876900249,TENDAL 24 PINZAS,JARCIERIA,$0.000,$25.000
7501019155857,VITEX 1 PAR TALLA 8 1/2,JARCIERIA,$0.000,$35.000
7501019155581,VITEX 1 PAR TALLA 8,JARCIERIA,$0.000,$35.000
7501019155758,VITEX 1 PAR TALLA 7 1/2,JARCIERIA,$0.000,$35.000
7501019155574,VITEX 1 PAR TALLA 7,JARCIERIA,$0.000,$35.000
0731299183784,PINZAS PARA ROPA 50 PZ,JARCIERIA,$16.500,$30.000
3592729381364,GANCHOS SUPER DIRZA 10 PZ,JARCIERIA,$23.500,$30.000
7500326438400,LAZO CAÑAMO 8 METROS,JARCIERIA,$11.000,$15.000
76556554,BANDERILLA CUMPLEAÑOS,JARCIERIA,$0.000,$30.000
8665366,BANDERILLA NAVIDAD,JARCIERIA,$0.000,$30.000
566787665,VELA MAGICA,JARCIERIA,$0.000,$15.000
344562,BANDERIN DE PAPEL,JARCIERIA,$0.000,$30.000
3457686,BANDERIN PARA DECORACION,JARCIERIA,$0.000,$35.000
7503007575029,VELITAS MAGICAS MAGIVEL,JARCIERIA,$0.000,$12.000
6303609122017,CORTINA BELLEZA PARA DECORAR,JARCIERIA,$0.000,$30.000
6302107198555,CORTINA PARA DECORAR,JARCIERIA,$0.000,$30.000
302011,CHILANGO FIBRA PZ,JARCIERIA,$0.000,$12.000
7501023114956,SCOTCH BRITE MI FIBRA GIGANTE,JARCIERIA,$17.390,$25.000
987654,PYM FIBRA ESPIRAL PZA,JARCIERIA,$3.333,$6.000
7501019155598,GUANTE LATEX VITEX 1 PAR,JARCIERIA,$0.000,$35.000
7891040112968,ESPIRAL METALICA SCOTCH BRITE 20G,JARCIERIA,$17.193,$23.000
7501023118374,SCOTCH BRITE FIBRA BASICA,JARCIERIA,$10.420,$14.000
7501023114932,FIBRA ESPONJA SCOTCH BRITE,JARCIERIA,$13.333,$18.000
7502211621102,FIBRA AZUL CON ESPONJA 2 PZ,JARCIERIA,$0.000,$10.000
7503005405021,FACIAL SENCILLO FASHION CLEAN,JARCIERIA,$0.000,$13.000
7501023121794,GUANTE SCHOTCH BRITE S-M,JARCIERIA,$27.660,$36.000
7501023121749,GUANTE SCOTCH BRITE M-G,JARCIERIA,$27.663,$36.000
7501004193369,FIBRAS NITRAM 1PZ,JARCIERIA,$0.000,$6.000
959562362,FIBRA METALICA MINI 1 PZ,JARCIERIA,$0.000,$6.000
3626556,FIBRA METALICA JUMBO 1 PZ,JARCIERIA,$0.000,$12.000
240491,FRANELA 1 MT,JARCIERIA,$0.000,$30.000
7503006233043,GUANTES AFTEX TALLA 8,JARCIERIA,$28.000,$28.000
0215612515,JALADOR X PZ,JARCIERIA,$55.000,$55.000
7503006233050,ACTEX GUANTES TALLA 8 1/2,JARCIERIA,$26.000,$26.000
7503005405038,MINI FACIAL FASHION CLEAN 1 PZ,JARCIERIA,$11.000,$11.000
1551515,JRAMIREZ TOALLA MICROFIBRA 30 X 30,JARCIERIA,$12.000,$12.000
15845201,FIBRA METALICA CHICA 1 PZ,JARCIERIA,$9.000,$8.000
02156451056,MATAMOSCAS GRANDE 1 PZ,JARCIERIA,$8.000,$8.000
2566596,MATAMOSCAS CHICO 1 PZ,JARCIERIA,$6.000,$6.000
254152032,TOALLA DE MICRO FIBRA 30 X 30 1 PZ,JARCIERIA,$12.000,$12.000
7503030964258,FIBRA AZUL METALICA 1 PZ,JARCIERIA,$8.000,$8.000
804360110610,CEPILLO SANITARIO 1 PZ,JARCIERIA,$44.000,$44.000
804360110023,ESCOBA BASE BLANCA,JARCIERIA,$55.000,$65.000
7501019155659,VITEX GUANTES 1 PAR 6 1/2,JARCIERIA,$17.000,$17.000
7501123300020,DURTEX GUANTES TALLA *7 1 PAR,JARCIERIA,$19.000,$19.000
7503006233067,AETEX GUANTES NUMERO 9 1 PAR,JARCIERIA,$22.000,$26.000
726866010105,FREGON 1PZ,JARCIERIA,$12.000,$12.000
7501023106401,SCOTCH BRITE PROFESIONAL FIBRA X PZ SUELTA,JARCIERIA,$17.000,$19.000
10524125,LAZO 10 MTS,JARCIERIA,$22.000,$25.000
7503005405069,SACATE FACIAL DOBLE FASHION CLEAN,JARCIERIA,$15.000,$16.000
7503005405113,ESPONJA BABY BODY FASHION CLEAN,JARCIERIA,$15.000,$15.000
4454,TOALLA DE MICROFIBRA JRAMIREZ 1X50,JARCIERIA,$36.000,$36.000
568445,TOALLA DE MICROFIBRA JRAMIREZ 60X40,JARCIERIA,$16.000,$23.000
7501023100089,3M SCOTCH-BRITE FIBRA ESPONJA CHICO,JARCIERIA,$15.000,$15.000
302010,FIBRA METALICA BRIOSA EDU PZ,JARCIERIA,$12.000,$12.000
7501023107798,ESPIRAL METÁLICO SCOTCH BRITE 2 PACK,JARCIERIA,$27.000,$27.000
726866016015,FIBRA FREGON GALVANIZADA JUMBO,JARCIERIA,$15.000,$15.000
7501416702869,LAZO 15 MTS,JARCIERIA,$16.000,$36.000
7501134201088,TRAPOS PARA COCINA 3 PZ,JARCIERIA,$23.000,$23.000
7500093599946,TOALLA DE MICROFIBRA QUALITY DAY 1 PZ,JARCIERIA,$9.000,$9.000
7500093796277,FRANELA DE  COLOR PRECISSIMO DE 48 CM X 80 CM,JARCIERIA,$14.000,$14.000
4023103073968,GUANTES VILEDA 1 PAR,JARCIERIA,$28.000,$28.000
7501008814666,GUANTES SATINADOS PRECISSIMO 1 PAR,JARCIERIA,$18.000,$18.000
7500326438394,CAPITAN KLIN ZACATE GRANDE 1 PZ,JARCIERIA,$12.000,$12.000
7501103300118,ESPONJA TALLON  MULTIUSOS 1 PZ,JARCIERIA,$10.000,$10.000
7500326438363,ESPONJA  MULTIUSOS CAPITAN KLIN 1 PZ,JARCIERIA,$6.500,$6.500
7500326438424,JERGA CAPITAN KLIN DE 80 X 50 CM,JARCIERIA,$18.000,$18.000
7500093796314,JERGA ROJA  PRECISSIMO  DE 50 CM X 120 CM,JARCIERIA,$19.000,$19.000
7500093796284,JERGA PRECISSIMO DE 48 CM X 120 CM,JARCIERIA,$18.000,$18.000
7500326434862,TRAPO DE COCINA 50 X50 CM,JARCIERIA,$12.000,$12.000
7501103300033,ESPONJA TALLON DE CRISTALERIA 1 PZ,JARCIERIA,$10.000,$10.000
666748001039,FIBRA ESPIRAL ACERO INOX. PZA,JARCIERIA,$8.000,$13.000
744886193059,AGA MANZANA 2 LT,JARRITOS,$0.000,$22.000
606110024020,AGUA SKARCH 330 ML,JARRITOS,$0.000,$7.000
7503027009153,TITAN CLASICO  MANZANA ROJA 600 ML,JARRITOS,$10.167,$11.000
7503027009221,TITAN CLASICO TORONJA  600 ML,JARRITOS,$10.167,$11.000
0737186930844,RED COLA LATA 355ML,JARRITOS,$8.958,$11.000
744886858828,JARRITOS LIMON 355ML,JARRITOS,$10.000,$10.000
03010,AGUA SKARCH NATURAL 1.5 LT 2 PZ,JARRITOS,$14.334,$20.000
7503027009023,TITAN CLASICO FRESA-GROSELLA 600ML,JARRITOS,$0.000,$11.000
7503027009030,TITAN CLASICO PIÑA 600ML,JARRITOS,$10.167,$11.000
7503006897054,RED COLA LATA 355ML,JARRITOS,$0.000,$12.000
7503027009122,TITAN CLASICO TAMARINDO 600ML,JARRITOS,$8.500,$11.000
7503027009016,TITAN CLASICO MANDARINA 600ML,JARRITOS,$10.167,$11.000
737186930882,MINERALITA 2LT,JARRITOS,$11.250,$15.000
040232862571,RED COLA LIGHT 500 ML,JARRITOS,$4.330,$8.000
737186930875,MINERALITA 600ML,JARRITOS,$6.416,$10.000
7503006897580,JARRITOS  LATA SABOR DE UVA 355 ML,JARRITOS,$10.000,$10.000
7503006897184,JARRITOS LATA SABOR MANZANA 355 ML,JARRITOS,$8.958,$11.000
744886848829,JARRITOS LATA SABOR PIÑA 355ML,JARRITOS,$8.958,$11.000
744886868827,JARRITOS LATA MANDARINA 355ML,JARRITOS,$8.958,$11.000
744886818822,JARRITOS LATA TAMARINDO 355ML,JARRITOS,$8.958,$11.000
793573264091,AGUA SKARCH 600ML,JARRITOS,$3.092,$7.000
7503006897641,JARRITOS TUTI FRUTI 355 ML,JARRITOS,$6.000,$6.000
7503006897665,JARRITOS DE MANZANA 355 ML,JARRITOS,$6.000,$6.000
7503006897566,SIDRAL AGA SIN AZUCAR 355 ML,JARRITOS,$7.000,$7.000
1510541,JARRITOS MANZANA 355,JARRITOS,$6.000,$6.000
15414514584,JARRITOS UVA 355 ML,JARRITOS,$6.000,$6.000
7503006897634,JARRITOS  UVA  355 ML,JARRITOS,$6.000,$6.000
744886328826,JARRITOS TAMARINDO 600 ML,JARRITOS,$10.166,$13.000
7503006897658,JARRITOS 355 ML,JARRITOS,$6.000,$6.000
7503006897627,JARRITO PIÑA  DE 355 G,JARRITOS,$6.000,$6.000
781159053849,SABROLE  DE 900 ML,JARRITOS,$13.166,$15.000
7503006897597,JARRITOS UVA 2 LT,JARRITOS,$18.875,$22.000
606110023924,AGUA SKARCH 10 LT,JARRITOS,$27.660,$34.000
744886225231,ZUBBA UVA 600ML,JARRITOS,$6.000,$8.000
040232895999,SKARCH FRUTALE LIMON 1.5LT,JARRITOS,$8.000,$11.000
040232896002,SKARCH FRUTALE NARANJA 1.5LT,JARRITOS,$9.500,$13.000
744886375059,JARRITOS MANDARINA 2 LT,JARRITOS,$18.875,$22.000
744886385058,JARRITOS PIÑA 2 LT,JARRITOS,$18.875,$22.000
744886345052,JARRITOS TORONJA 2 LT,JARRITOS,$18.870,$22.000
744886365050,JARRITOS TAMARINDO 2 LT,JARRITOS,$18.875,$22.000
744886395057,JARRITOS LIMON 2 LT,JARRITOS,$18.875,$22.000
744886405053,JARRITOS TUTI-FRUTI 2 LT,JARRITOS,$18.875,$22.000
744886348824,JARRITOS TORONJA 600ML,JARRITOS,$10.166,$13.000
744886318827,JARRITOS TUTI-FRUTI 600ML,JARRITOS,$10.166,$13.000
7503006897603,JARRITOS UVA 600ML,JARRITOS,$10.166,$13.000
744886288823,JARRITOS LIMON 600ML,JARRITOS,$10.166,$13.000
7503006897191,JARRITOS MANZANA 600ML,JARRITOS,$10.166,$13.000
744886298822,JARRITOS MANDARINA 600ML,JARRITOS,$10.167,$13.000
744886828821,JARRITOS LATA  TUTI FRUTI 355 ML,JARRITOS,$8.958,$11.000
40232895999,SKARCH FRUTALE LIMON 1.5 LT,JARRITOS,$0.000,$11.000
0040232896019,SKARCH FRUTALE JAMAICA 1.5 LT,JARRITOS,$9.500,$13.000
40232896002,SKARCH FRUTALE NARANJA 1.5 LT,JARRITOS,$0.000,$11.000
40232895982,SKARCH FRUTALE MANZANA 1.5 LT,JARRITOS,$0.000,$11.000
793573264107,SKARCH AGUA NATURAL 1.5 LT,JARRITOS,$8.416,$13.000
0040232838699,SKARCH AGUA NATURAL 1 LT,JARRITOS,$8.083,$11.000
606110024006,RED COLA 355ML,JARRITOS,$0.000,$11.000
744886838820,JARRITOS TORONJA LATA 355ML,JARRITOS,$8.958,$13.000
744886308828,JARRITOS PIÑA 600ML,JARRITOS,$10.166,$13.000
7503006897214,JARRITOS MANZANA 2 LT,JARRITOS,$18.875,$22.000
793573950079,RED COLA 3 LT,JARRITOS,$27.625,$32.000
7503006897030,RED COLA 2 LT,JARRITOS,$20.750,$24.000
7503006897016,RED COLA 600ML,JARRITOS,$11.830,$14.000
7502213347420,REAL DE CAÑA 600 ML,JEREZ Y AGUARDIENTES,$0.000,$20.000
7500462201876,CAÑA DE ORO DURAZNO 750ML,JEREZ Y AGUARDIENTES,$0.000,$24.000
7502213340094,HUASTECO IMPERIAL 960 ML,JEREZ Y AGUARDIENTES,$19.708,$30.000
7501043703505,JEREZ TRES CORONAS 4LT,JEREZ Y AGUARDIENTES,$200.000,$225.000
7502213348106,CAÑAZO DE ORO 960ML,JEREZ Y AGUARDIENTES,$38.000,$38.000
7503007477767,CHARANDA URUAPAN 355 ML,JEREZ Y AGUARDIENTES,$26.000,$27.000
7502213347970,CAÑAZO ORO 600 ML,JEREZ Y AGUARDIENTES,$16.000,$19.000
7502213341640,CAÑAZO 500ML,JEREZ Y AGUARDIENTES,$10.000,$12.000
7501043703208,JEREZ 3 CORONAS 1 LT,JEREZ Y AGUARDIENTES,$0.000,$105.000
75001957,FRUTSI DE UVA 250ML,JUGOS DEL VALLE,$0.000,$8.000
7501055384969,DEL VALLE SELECCION MANGO 500ML,JUGOS DEL VALLE,$0.000,$16.000
032239053083,DEL VALLE NECTAR DE MANGO 355 ML,JUGOS DEL VALLE,$12.000,$12.000
7501055331628,DEL VALLE NECTAR DE GUAYABA 413ML,JUGOS DEL VALLE,$13.000,$13.000
7501055356713,DEL  VALLE NECTAR DE MANGO 946 ML,JUGOS DEL VALLE,$22.000,$22.000
7501055333936,DEL   VALLE  PULPY NARANJA  NET. 400 ML,JUGOS DEL VALLE,$13.000,$13.000
7501055357024,ANTIOX DEL VALLE ARANDANO 237ML,JUGOS DEL VALLE,$6.000,$8.000
7501055337446,VALLE FRUT UVA 2 LT,JUGOS DEL VALLE,$20.000,$29.000
7501055359745,DEL VALLE NECTAR NARANJA 413ML,JUGOS DEL VALLE,$13.000,$13.000
7501005102674,ADES MANZANA 946ML,JUGOS DEL VALLE,$18.000,$32.000
7501005102698,ADES DURAZNO 946ML,JUGOS DEL VALLE,$18.000,$32.000
7501005102728,ADES NATURAL 946ML,JUGOS DEL VALLE,$23.000,$34.000
7501055381463,DEL VALLE NECTAR PIÑA 1 LT,JUGOS DEL VALLE,$22.167,$31.000
7501055333844,DEL VALLE NECTAR MANGO 1 LT,JUGOS DEL VALLE,$22.167,$31.000
7501055333851,DEL VALLE NECTAR DURAZNO 1 LT,JUGOS DEL VALLE,$22.167,$31.000
032239052017,GENEROSA DURAZNO 413ML,JUGOS DEL VALLE,$15.833,$20.000
032239052024,GENEROSA MANZANA 413ML,JUGOS DEL VALLE,$13.500,$20.000
032239052000,GENEROSA  MANGO 413ML,JUGOS DEL VALLE,$15.833,$20.000
7503037087028,PUM POSPS  QUESO JALAPEÑO 50 GR,JULIMOY,$15.000,$18.000
7503037087042,PUM POSPS  CHILE Y LIMON 50 GR,JULIMOY,$13.000,$18.000
7503001598413,PAPAS NATURALES JULIMOY,JULIMOY,$16.000,$20.000
7501013106848,JUMEX MIA MINERALIZADA 355ML,JUMEX,$0.000,$15.000
7501022011768,JUMEX COSECHA PURA DURAZNO 1L,JUMEX,$0.000,$25.000
7501013105353,JUMEX PAU PAU SABOR UVA 250ML,JUMEX,$0.000,$8.000
7501013108033,JUMEX JUGO DE MANZANA 460ML,JUMEX,$0.000,$25.000
7501013106244,XOT ENERGY FRUTAS MIXTAS 235ML,JUMEX,$0.000,$13.000
7501013107326,JUMEX LATA MANZANA 460ML,JUMEX,$0.000,$19.000
7501013106978,JUMEX PIÑA 475ML,JUMEX,$0.000,$16.000
7501013107333,JUMEX DURAZNO LATA BOTELLA 460ML,JUMEX,$14.500,$20.000
7501013107319,JUMEX MANGO LATA BOTELLA 460ML,JUMEX,$14.500,$20.000
7501013106930,JUMEX UNICO FRESCO 100% JUGO DE NARANJA 960ML,JUMEX,$31.250,$40.000
7503037623844,PULP MANZANA 1LT,JUMEX,$0.000,$24.000
7501013105599,JUMEX MANGO 237ML,JUMEX,$8.375,$12.000
7501013100488,AGUA NATURAL MIA JUMEX 1 LT,JUMEX,$7.059,$13.000
7501013104073,JUMEX TETRAPACK MANZANA 960ML,JUMEX,$21.583,$30.000
7501013105483,JUMEX TETRAPACK PIÑA COCO 960ML,JUMEX,$0.000,$30.000
7501022013847,JUMEX FRUTZZO LIMONADA 1.5 L.,JUMEX,$19.167,$25.000
7501013105582,JUMEX DURAZNO 237 ML,JUMEX,$8.333,$10.000
7501013105605,JUMEX MANZANA 237 ML,JUMEX,$8.333,$10.000
7501013105568,JUMEX MANZANA VIDRIO 413 ML,JUMEX,$15.850,$18.000
7501013105469,JUMEX NARANJA  TETRAPACK  1LT,JUMEX,$21.583,$30.000
7501013103328,JUMEX DURAZNO VIDRIO 250 ML,JUMEX,$9.500,$13.000
7501013102819,JUMEX MANGO VIDRIO 250ML,JUMEX,$9.500,$13.000
7501013103335,JUMEX  MANZANA VIDRIO  250ML,JUMEX,$9.500,$13.000
7501013105537,JUMEX DURAZNO VIDRIO 413 ML,JUMEX,$12.833,$18.000
7501013104066,JUMEX TETRAPACK DURAZNO 1 LT,JUMEX,$21.583,$30.000
7501013191066,JUMEX BIDA GUAYABA 500ML,JUMEX,$0.000,$15.000
7501013109702,JUMEX TETRAPACK PIÑA 1 LT,JUMEX,$0.000,$30.000
7501013101911,HYDROLIT JUMEX 0% UVA 625ML,JUMEX,$0.000,$24.000
7501013103267,JUMEX MANZANA LATA 355ML,JUMEX,$0.000,$16.000
7501013103274,JUMEX DURAZNO LATA 355ML,JUMEX,$0.000,$16.000
7501013102833,JUMEX MANGO LATA 355ML,JUMEX,$0.000,$16.000
7501013101904,JUMEX HYDROLIT 0% NARANJA 625ML,JUMEX,$0.000,$24.000
613008765255,ARIZONA TE VERDE 460ML,JUMEX,$13.333,$16.000
7501013191035,JUMEX BIDA MANGO 500ML,JUMEX,$0.000,$16.000
7501013102789,JUMEX TETRAPACK MANGO 1 LT,JUMEX,$21.583,$30.000
7501013105544,JUMEX VIDRIO GUAYABA 413 ML,JUMEX,$13.583,$17.000
7501013106947,UNICO FRESCO NARANJA 960ML,JUMEX,$30.167,$36.000
7501013102697,JUMEX FRUTASTICA FRESAGUAYABA 355ML,JUMEX,$0.000,$16.000
7501013102703,JUMEX FRUTASTICA FRESA SANDIA 355ML,JUMEX,$0.000,$16.000
7501013105551,JUMEX MANGO VIDRIO 413 ML,JUMEX,$12.833,$18.000
7501022010877,JUMEX FRUTZZO MANDARINA 1.5 LT,JUMEX,$23.169,$22.000
7501013105506,JUMEX TETRAPACK UVA 960ML,JUMEX,$21.583,$30.000
7501013101362,JUMEX LT BOTELLA PIÑA COCO 473 ML,JUMEX,$0.000,$20.000
7501013105575,JUMEX UVA DE VIDRIO 413 ML,JUMEX,$12.833,$18.000
613008756154,ARIZONA LIMONADA Y FRESA 680 ML,JUMEX,$15.750,$19.000
7501013103359,JUMEX  VIDRIO DURAZNO 450 ML,JUMEX,$13.583,$16.000
7501013103168,JUMEX DE MANZANA 250 ML.,JUMEX,$7.675,$10.000
7501013103175,JUMEX DE DURAZNO 250 ML.,JUMEX,$7.675,$10.000
7501013102826,JUMEX  VIDRIO MANGO 450 ML.,JUMEX,$13.542,$16.000
7501013106077,XOT ENERGY FRUTAS MIXTAS 470ML,JUMEX,$17.167,$22.000
7501031307296,JUMEX FRESH CITRICOS 3L,JUMEX,$26.500,$35.000
613008765194,ARIZONA SANDIA 460ML,JUMEX,$13.333,$16.000
613008765286,ARIZONA KIWI FRESA 460ML,JUMEX,$13.333,$16.000
613008765224,ARIZONA MUCHO MANGO 460 ML,JUMEX,$13.333,$16.000
7501013104462,UNICO FRESCO UVA ARANDANO 475ML,JUMEX,$16.833,$22.000
7501013104486,UNICO FRESCO JUGO VERDE 475ML,JUMEX,$16.833,$22.000
7501013102758,JUMEX MANGO 250ML,JUMEX,$7.675,$10.000
613008738761,ARIZONA TE NEGRO 680ML,JUMEX,$0.000,$19.000
7501013109665,JUMEX VIDRIO MANZANA 450ML,JUMEX,$0.000,$18.000
217501022010761,JUMEX FRUTZZO NARANJADA 600ML,JUMEX,$12.167,$15.000
7501013102840,JUMEX LATA BOTELLA MANGO 473 ML,JUMEX,$15.000,$18.000
7501013103304,JUMEX LATA BOTELLA DURAZNO 473 ML,JUMEX,$15.000,$18.000
7501013103229,JUMEX DE UVA 1 LT,JUMEX,$27.000,$27.000
7501013102796,JUMEX  DE MANGO 1 L,JUMEX,$21.583,$27.000
7501013106893,JUMEX UNICO FRESCO DE ARANDANO 960ML,JUMEX,$28.700,$39.000
7501013104479,JUMEX UNICO FRESCO GRANADA 475ML,JUMEX,$0.000,$18.000
7501013104455,JUMEX UNICO FRESCO DE ARANDANO 475 ML,JUMEX,$16.833,$21.000
7501013102765,JUMEX DE MANGO 475 ML,JUMEX,$16.000,$16.000
7501013104714,JUMEX DE DURAZNO 475 ML,JUMEX,$16.000,$16.000
7501013104707,JUMEX DE MANZANA 475 ML,JUMEX,$16.000,$16.000
7501013154146,PAU PAU JUGO 250 ML,JUMEX,$6.000,$6.000
7501039400821,BOING UVA 1 LT,JUMEX,$25.000,$30.000
7501013103342,JUMEX DE MANZANA VIDRIO 450 ML,JUMEX,$13.417,$16.000
7501013174199,JUMEX NECTAR DE MANZANA 450 ML,JUMEX,$15.000,$15.000
7501013104042,JUMEX TETRAPACK MANZANA 500ML,JUMEX,$10.000,$11.000
7501013104059,JUMEX TETRAPACK DURAZNO 500ML,JUMEX,$10.000,$11.000
7501013138184,ARANDANO U. F. JUMEX 1 LT,JUMEX,$24.000,$32.000
613008738860,ARIZONA PONCHE FRUTAS 680ML,JUMEX,$16.604,$20.000
7501013174144,JUMEX NECTAR DE UVA 450 ML,JUMEX,$12.000,$12.000
7501013122992,JUMEX TETRAPACK  PIÑA COCO 1 LT,JUMEX,$21.583,$22.000
7501013122190,JUMEX NECTAR DE MANZANA 1 L,JUMEX,$22.000,$22.000
7501013138979,JUMEX UNICO FRESCO CON PULPA NATURAL 1 L,JUMEX,$24.000,$24.000
7501013196214,JUMEX BIDA CON  PULPA DE FRESA 1 L,JUMEX,$16.000,$16.000
7501013101256,AMI JUMEX NARANJA 3 LT,JUMEX,$22.000,$22.000
7501013140132,JUMEX NECTAR NARANJA 1.89 LT,JUMEX,$36.000,$36.000
7501013140033,JUMEX NECTAR MANGO 1.89 LT,JUMEX,$36.000,$36.000
613008738907,ARIZONA TE NEGRO CON JUGO 680ML,JUMEX,$14.583,$19.000
7501013101270,JUMEX TETRAPACK MANGO  500ML,JUMEX,$8.000,$11.000
7411204842960,COSECHA PURA TETR. NARANJA 1 LT,JUMEX,$12.000,$15.000
613008738785,ARIZONA TE NEGRO 680ML,JUMEX,$15.750,$19.000
613008738884,ARIZONA TE VERDE 680ML,JUMEX,$16.583,$19.000
7501013103205,JUMEX TETRAPACK 1 LT MANZANA,JUMEX,$21.583,$30.000
7501013122039,JUMEX TETRAPACK 1 LT MANGO,JUMEX,$21.583,$27.000
7501013122145,JUMEX TETRAPACK 1 LT UVA,JUMEX,$21.583,$27.000
7501013103212,JUMEX TETRAPACK 1 LT DURAZNO,JUMEX,$18.000,$27.000
7501031307227,JUMEX FRESH UVA 600ML,JUMEX,$8.000,$11.000
7501031307289,JUMEX FRESH CONGA 2 LT,JUMEX,$20.750,$20.000
7501013154139,PAUPAU JUMEX NARANJA 250ML,JUMEX,$3.500,$5.000
7501013154023,PAUPAU JUMEX MANZANA 250ML,JUMEX,$3.500,$5.000
7501013154030,PAUPAU JUMEX MANGO 250ML,JUMEX,$3.500,$5.000
7501013154184,PAUPAU JUMEX CEREZA 250ML,JUMEX,$3.500,$6.000
7501013109528,JUMEX SPORT LIMA LIMON 600ML,JUMEX,$10.000,$13.000
7501013109559,JUMEX SPORT MORA AZUL 600ML,JUMEX,$10.000,$13.000
7501013109979,JUMEX SPORT NARANJA 600ML,JUMEX,$10.000,$13.000
7501013109535,JUMEX SPORT FRUTAS TROPICALES 600ML,JUMEX,$10.000,$13.000
7501013174021,JUMEX JUGOSA 450ML MANZANA,JUMEX,$0.000,$10.000
7501013174069,JUMEX VIDRIO GUAYABA 450 ML,JUMEX,$0.000,$12.000
7501013174038,JUMEX JUGOSA 450ML MANGO,JUMEX,$0.000,$15.000
7501013174052,JUMEX JUGOSA 450ML DURAZNO,JUMEX,$0.000,$15.000
7501022010860,JUMEX FRUTZZO MANDARINA 600ML,JUMEX,$12.167,$10.000
7501031307241,JUMEX FRESH 600ML CONGA,JUMEX,$11.667,$15.000
7501031307210,JUMEX FRESH 600ML CITRICOS,JUMEX,$11.625,$13.000
7501022010778,JUMEX FRUTZZO  NARANJA 1.5 LT,JUMEX,$19.167,$24.000
613008738808,ARIZONA MANGO 680ML,JUMEX,$16.604,$20.000
613008738846,ARIZONA SANDIA 680ML,JUMEX,$16.604,$20.000
613008738822,ARIZONA KIWI CON FRESA 680 ML,JUMEX,$16.604,$20.000
7501013100914,JUGO ARANDANO LT BOTELLA 500ML,JUMEX,$0.000,$14.000
7501013132199,JUMEX LT BOTELLA MANZANA 1 LT,JUMEX,$22.500,$24.000
7501013132038,JUMEX LT BOTELLA MANGO 1 LT,JUMEX,$21.667,$24.000
7501013132052,JUMEX LT BOTELLA DURAZNO 1 LT,JUMEX,$21.667,$24.000
7501013122138,JUMEX TETRAPACK 1 LT NARANJA,JUMEX,$21.583,$27.000
7501013109689,JUMEX TETRAPACK 1 LT PIÑA,JUMEX,$21.583,$30.000
7501013100990,JUMEX LT BOTELLA 500ML COCO-PIÑA,JUMEX,$0.000,$16.000
7501013100051,JUMEX LATA BOTELLA DURAZNO 500 ML,JUMEX,$0.000,$20.000
7501013100211,JUMEX LT BOTELLA 500ML FRESA,JUMEX,$0.000,$16.000
7501013103366,JUMEX LT BOTELLA 500ML UVA,JUMEX,$0.000,$15.000
7501013103298,JUMEX LATA BOTELLA MANZANA 473 ML,JUMEX,$14.500,$18.000
7501008066324,KELLOGS CORN POPS 450 GR,KELLOGG´S,$0.000,$82.000
7501008059333,KELLOGGS MARINELA GANSITO 250GR,KELLOGG´S,$0.000,$70.000
038000183737,PRINGLES BBQ 40GR,KELLOGG´S,$0.000,$22.000
7501008066232,KELLOGGS DE TRIGO Y AVENA 200 G,KELLOGG´S,$0.000,$47.000
7501008070789,"KELLOGG""S CON AVENA SABOR VAINILLA Y MIEL 185GR",KELLOGG´S,$0.000,$38.000
7501008071113,"KELLOGG""S CON AVENA SABOR CHOCOLATE 220GR",KELLOGG´S,$0.000,$38.000
7501008070907,"KELLOGG""S CON AVENA SABOR FRUTAS 210GR",KELLOGG´S,$0.000,$38.000
7501008057247,ZUCARITAS 380 G,KELLOGG´S,$0.000,$45.000
7501008066577,ZUCARITAS SABOR CHOCOLATE 125 G,KELLOGG´S,$0.000,$24.000
7501008066386,KELLOGGS FROOT LOOPS 380GR,KELLOGG´S,$67.480,$83.000
7501008060124,KELLOGG'S ZUCARITAS MIX 250 GR,KELLOGG´S,$0.000,$45.000
020899087524,NUTRET BARRA RELLENA DE CEREALES Y SEMILLAS 40GR,KELLOGG´S,$6.000,$10.000
020899080235,NUTRET BARRA RELLENA DE PIÑA 40GR,KELLOGG´S,$6.000,$10.000
020899087531,NUTRET BARRA RELLENA FRESA 40GR,KELLOGG´S,$6.000,$10.000
7501008019443,KELLOGS CHOCO KRISPIS 35GR,KELLOGG´S,$0.000,$9.000
7501008094280,KELLOGS ZUCARITAS 30GR,KELLOGG´S,$0.000,$9.000
7501008066560,KELLOGGS ZUCARITAS SABOR CHOCOLATE 200 GR,KELLOGG´S,$46.000,$46.000
7501008065785,KELLOGGS RICE KRISPIES CHOCO MALVAVISCO 34GR,KELLOGG´S,$10.000,$12.000
7501008060131,KELLOGS ZUCARITAS CHOCOLATE 115GR,KELLOGG´S,$0.000,$25.000
038000138720,PRINGLES RANCH 158GR,KELLOGG´S,$0.000,$54.000
038000138638,PRINGLES PIZZA 158GR,KELLOGG´S,$0.000,$54.000
7501008072288,ALL BRAN LECHITA SABOR NUEZ  236ML,KELLOGG´S,$0.000,$14.000
7501008010754,KELLOGS RICE KRISPIES M&M 20GR,KELLOGG´S,$11.270,$10.000
7501008064832,KELLOGG´S FROOT LOOPS LECHITA SABOR CHOCOLATE 200,KELLOGG´S,$11.330,$14.000
7501008051092,KELLOGS FROOT LOOPS BARRA 18GR,KELLOGG´S,$0.000,$10.000
038000590993,RICE KRISPIES TREATS JUMBO KELLOGS 62GR,KELLOGG´S,$0.000,$20.000
7501008056523,EXTRA BROWNIE HELADO DE VAINILLA 70 GR,KELLOGG´S,$15.200,$20.000
7501008062036,ZUCARITAS KELLOGGS PASTELITO 30GR,KELLOGG´S,$6.400,$12.000
7501008062043,CHOCO KRISPIS KELLOGGS PASTELITO 30GR,KELLOGG´S,$6.400,$12.000
7501008062050,FROOT LOOPS KELLOGGS PASTELITO 30GR,KELLOGG´S,$6.400,$12.000
7501008060551,EXTRA POSTRES KELLOGGS CHOCO FRESA 33GR,KELLOGG´S,$0.000,$13.000
038000290329,RICE KRISPIES TREATS JUMBO KELLOGS 62GR,KELLOGG´S,$16.120,$20.000
038000581717,POP TARTS TARTA DE TRIGO 96GR,KELLOGG´S,$18.890,$20.000
737186851132,BOCANIKA FRUTA ENCHILADA 50GR,KELLOGG´S,$0.000,$13.000
781159566097,BOCANIKA MAIZ INFLADO RANCHERO 40GR,KELLOGG´S,$0.000,$13.000
038000138973,PRINGLES CHEDDAR SOUR CREAM 158GR,KELLOGG´S,$0.000,$53.000
038000258749,PRINGLES HABANERO 124GR,KELLOGG´S,$44.170,$53.000
7501008072264,KELLOGGS ALL BRAN CHOCOLATE  236 ML,KELLOGG´S,$0.000,$15.000
7501008064955,KELLOGG´S FROOT LOOPS LECHITA SABOR FRESA 200,KELLOGG´S,$11.333,$14.000
7501008064948,KELLOGG´S ZUCARITAS LECHITA SABOR VAINILLA 200,KELLOGG´S,$11.300,$14.000
020899087555,BARRA NUTRET LINAZA Y AMARANTO  40 G.  LA COSTEÑA,KELLOGG´S,$5.000,$10.000
020899087586,BARRA NUTRET ZARZAMORA 40 Gr,KELLOGG´S,$6.000,$10.000
7501008056547,KELLOGS BROWNIE CHOCO AVELLANA 70 G.,KELLOGG´S,$15.200,$19.000
7501008056530,BROWNIE DOBLE CHOCOLATE 70 G.,KELLOGG´S,$15.200,$19.000
7501008051191,BARRA KELLOGGS CHOCOAVELLANA 35 G.,KELLOGG´S,$0.000,$10.000
7501008049747,KELLOGS EXTRA ARANDANOS CON ALMENDRAS 240G,KELLOGG´S,$0.000,$50.000
7501008051153,RICE KRISPIES TREATS MEGA 34G,KELLOGG´S,$10.000,$12.000
7501008051146,FROOT LOOPS MEGA KELLOGGS 34G,KELLOGG´S,$10.000,$12.000
7501008052563,ZUCARITAS SABOR MALTEADA DE FRESA 140G,KELLOGG´S,$0.000,$24.000
7501008057032,CHOCO KRISPIS KELLOGS 540GR,KELLOGG´S,$68.800,$83.000
7501008057490,KELLOGGS CORN FLAKES 410 G,KELLOGG´S,$59.000,$60.000
7501008044636,CORN FLAKES 90GR,KELLOGG´S,$13.340,$22.000
7501008057292,KELLOGS ZUCARITAS 600 GR,KELLOGG´S,$67.950,$82.000
038000274701,PRINGLES ADOBO 40GR,KELLOGG´S,$15.960,$22.000
038000197864,PRINGLES JALAPEÑO 137GR,KELLOGG´S,$47.000,$47.000
7501008045091,CHOKO KRISPIS KELLOGS 600GR,KELLOGG´S,$74.000,$74.000
7501008044698,CORN FLAKES ORIGINAL 465GR,KELLOGG´S,$52.000,$52.000
7501008037140,KELLOGG*S GRAN MIX 35GR,KELLOGG´S,$15.000,$15.000
038000845246,PRINGLES ORIGINAL 67GR,KELLOGG´S,$23.000,$23.000
038000263804,PRINGLES ENCHILADA ADOBADA 124 G,KELLOGG´S,$44.170,$47.000
7501008040614,KRISPY KREME 22GR,KELLOGG´S,$8.500,$8.500
03800025874,PRINGLES SABOR HABANERO 124 G,KELLOGG´S,$40.000,$47.000
7501008034903,HERSHEYS CHOCO CEREAL 80 G,KELLOGG´S,$20.000,$24.000
7501008038857,RICE KRISPIES 85 G,KELLOGG´S,$18.000,$20.000
7501008042854,KELLOGS ZUCARITAS 30 GR,KELLOGG´S,$8.900,$7.000
7501008010259,CORN POPS 30 G,KELLOGG´S,$6.000,$7.000
7501008051122,CHOCO KRISPIS 34 G,KELLOGG´S,$10.000,$12.000
7501008037744,KELLOGS FROOT LOOPS 25 G,KELLOGG´S,$6.000,$7.000
7501008027950,KELLOGS MEZCLADITO 3 PORCIONES 90 G,KELLOGG´S,$18.000,$24.000
038000148019,BARRA DE CACAHUATE KELLOGS 33 G,KELLOGG´S,$12.000,$12.500
7501008035689,EXTRA DELICE CHOCOLATE CON CACAHUATE 26 G,KELLOGG´S,$10.000,$10.000
7501008035726,EXTRA DELICE CHOCOLATE BLANCO 26 GR,KELLOGG´S,$10.000,$10.000
038000184956,PRINGLES SABOR QUESO 124 G,KELLOGG´S,$44.170,$55.000
7501008023556,CHOCO KRIPIS 620 G,KELLOGG´S,$70.000,$70.000
7501008004661,FROOT LOOPS EKONOBOLSA KELLOGGS 90GR,KELLOGG´S,$20.000,$24.000
038000148040,NUT BAR KELLOGS CHOC. Y ALM. 33GR,KELLOGG´S,$8.000,$12.500
724865031312,GLOBITOS KELLOGS 65GR,KELLOGG´S,$7.000,$7.000
7501008005064,FRUTELA MANZANA 37GR,KELLOGG´S,$10.000,$10.000
7501008019450,CHOCO KRISPIS CEREAL 38GR,KELLOGG´S,$8.900,$8.000
7501008028100,CHOCO KRISPIS GALLETAS 40GR,KELLOGG´S,$15.000,$15.000
7501008028063,ZUCARITAS GALLETAS 40GR,KELLOGG´S,$15.000,$15.000
7501008028094,FROOT LOOPS GALLETAS 40GR,KELLOGG´S,$15.000,$15.000
7501008023624,KELLOGGS ZUCARITAS 710 G,KELLOGG´S,$65.000,$69.000
7501008023143,KELLOGGS CORN FLAKES 500 G,KELLOGG´S,$50.000,$50.000
7501008019436,KELLOGGS CHOCO KRISPIS 450. G,KELLOGG´S,$55.000,$55.000
7501008023518,FROOT LOOPS 410 G,KELLOGG´S,$89.000,$89.000
7501008006290,KELLOGGS  NUTRI FIBRA ALL BRAN,KELLOGG´S,$44.000,$51.000
7501008052495,KELLOGGS SPECIAL ORIGINAL 260 G,KELLOGG´S,$40.000,$40.000
7501008001387,KELLOGGS NUTRI FIBRA 285 G,KELLOGG´S,$44.000,$52.000
7501008042236,KELLOGGS ZUCARITAS CHOCOLATE MALVAVISCO 260 GR,KELLOGG´S,$45.000,$45.000
7501008042793,KELLOGGS EXTRA ARANDANO CON ALMENDRA 310 G,KELLOGG´S,$57.000,$60.000
7501008015261,KELLOOGGS CORN POPS 210 G,KELLOGG´S,$38.950,$42.000
7501008015339,FROOT LOOPS 180 G,KELLOGG´S,$39.000,$46.000
2152152,CHOCO KRISPIS  620 G,KELLOGG´S,$65.000,$65.000
241201510,CHOKO KRISPIS GRANDE DE 620 G,KELLOGG´S,$65.000,$65.000
7501008021439,KELLOGS EXTRA ARANDANO EKONOBOLSA 130 G,KELLOGG´S,$22.000,$26.000
7501008004647,KELLOGGS CHOCO KRISPIS RINDE 3 PORCIONES 90 G,KELLOGG´S,$16.000,$24.000
7501008004715,KELLOGGS CORN POPS EKONOBOLSA 100 G,KELLOGG´S,$20.000,$24.000
7501008019283,CHOCO KRISPIS EKONOBOLSA 135 G,KELLOGG´S,$22.000,$26.000
7501008006788,KELLOGS ZUCARITAS EKONOBOLSA NET. 125 G,KELLOGG´S,$20.000,$24.000
7501008013908,KELLOGS MEGA CHOCO KRISPIS NET. 37 G,KELLOGG´S,$10.000,$10.000
7501008022405,KELLOGGS MEGA FROOT LOOPS NET. 37 G,KELLOGG´S,$10.000,$10.000
7501008022399,KELLOGGS MEGA ZUCARITAS NET. 37 G,KELLOGG´S,$10.000,$10.000
7501008010006,KELLOGGS CORN POPS 30 G,KELLOGG´S,$7.000,$7.000
7501008051139,KELLOGGS ZUCARITAS MEGA 34 G,KELLOGG´S,$10.000,$12.000
7501008001004,KELLOGGS CORN FLAKES 25 G,KELLOGG´S,$8.800,$8.000
7501008028223,BARRITA KELLOGGS BOB ESPONJA,KELLOGG´S,$8.000,$8.000
7501008041291,KELLOGS FROOT LOOPS 25 G,KELLOGG´S,$8.800,$8.000
7501008028254,FROOT LOOPS BOLSA 80 G,KELLOGG´S,$16.000,$18.000
038000184932,PRINGLES ORIGINAL 124GR,KELLOGG´S,$0.010,$55.000
038000185182,PRINGLES CHILE Y LIMON 124GR,KELLOGG´S,$36.000,$40.000
038000185212,PRINGLES EXTRA HOT 124GR,KELLOGG´S,$36.000,$40.000
038000184949,PRINGLES CREMA Y CEBOLLA 124GR,KELLOGG´S,$44.170,$53.000
038000846755,PRINGLES CHEESE QUESO 40GR,KELLOGG´S,$15.960,$25.000
038000846748,PRINGLES CREMA Y CEBOLLA 40GR,KELLOGG´S,$15.960,$22.000
038000159596,PRINGLES EXTRA HOT 40GR,KELLOGG´S,$11.000,$16.000
7501008005071,KELLOGGS NUTRI-GRAIN FRUTELA FRESA 37GR,KELLOGG´S,$0.000,$10.000
7501008005552,KELLOGGS NUTRI-GRAIN FRUTELA MORA AZUL 37GR,KELLOGG´S,$0.000,$9.000
7501008005583,KELLOGGS NUTRI-GRAIN FRUTELA 37GR PI,KELLOGG´S,$0.000,$11.000
7501008074718,KELLOGGS ALLBRAN FRESA 37GR,KELLOGG´S,$10.833,$8.000
7501008075074,KELLOGGS ALLBRAN CHOCOLATE 40GR,KELLOGG´S,$10.830,$9.000
7501008064535,KELLOGGS ALLBRAN MANZANA CANELA 37GR,KELLOGG´S,$10.400,$9.000
7501008052617,KELLOGGS ALLBRAN PASAS 40GR,KELLOGG´S,$10.400,$9.000
7501008005231,MEGA RICEKRISPIES TREATS 37GR,KELLOGG´S,$0.000,$11.000
7501008082836,ZUCARITAS KELLOGGS BARRA 21GR,KELLOGG´S,$0.000,$8.000
7501008072509,KELLOGGS CHOCO KRISPIS BARRA 19GR,KELLOGG´S,$0.000,$9.000
7501008007365,FROOT LOOPS BARRA 18GR KELLOGGS,KELLOGG´S,$0.000,$9.000
7501008076521,RICE KRISPIES TREATS BARRA KELLOGGS 22GR,KELLOGG´S,$0.000,$9.000
38000148019,SPECIAL K NUT BAR ARANDANOS Y ALMENDRAS 33GR,KELLOGG´S,$0.000,$9.000
7501008015780,KELLOGGS AMARANTO QUINOA Y CAJETA 27GR,KELLOGG´S,$0.000,$4.000
38000148040,SPECIAL K NUT BAR CHOCOLATE OSCURO Y ALMENDRAS 33GR,KELLOGG´S,$0.000,$9.000
7501008018125,KELLOGGS CHOCO KRISPIS 290GR,KELLOGG´S,$39.000,$46.000
7501008101049,CORN FLAKES KELLOGGS 150GR,KELLOGG´S,$23.000,$27.000
7501008042984,ZUCARITAS KELLOGGS 260GR,KELLOGG´S,$39.000,$46.000
038000846731,PRINGLES ORIGINAL 37GR,KELLOGG´S,$15.960,$22.000
7501018320584,LA MODERNA LETRA 220 GR,"KNORR, PASTAS E INSTANTANEAS",$0.000,$10.000
041789002977,RAMEN MARUCHAN CAMARON 85 GR,"KNORR, PASTAS E INSTANTANEAS",$0.000,$10.000
041789001840,MARUCHAN POLLO PICANTE 64 GR,"KNORR, PASTAS E INSTANTANEAS",$0.000,$20.000
7506306314719,KNORR SOPA CON FORMA DE MICKEY 95GR,"KNORR, PASTAS E INSTANTANEAS",$0.000,$20.000
7506306307209,KNORR ARROZ A LA MEXICANA 155GR,"KNORR, PASTAS E INSTANTANEAS",$0.000,$40.000
7506306307186,KNORR ARROZ BLANCO 155G,"KNORR, PASTAS E INSTANTANEAS",$0.000,$28.000
7506306312814,KNORR CALDO DE CAMARON 10.5GR,"KNORR, PASTAS E INSTANTANEAS",$0.000,$5.000
7501018320348,LA MODERNA SPAGHETTI 220G,"KNORR, PASTAS E INSTANTANEAS",$6.600,$9.000
041789001215,MARUCHAN INSTANTÁNEA CHICKEN FLAVOR 64 GR,"KNORR, PASTAS E INSTANTANEAS",$13.167,$19.000
7503037623509,SPAGUETTI D´GUSSTO 200G,"KNORR, PASTAS E INSTANTANEAS",$0.000,$10.000
8076809513050,SPAGHETTI N5 BARILLA 200G,"KNORR, PASTAS E INSTANTANEAS",$0.000,$20.000
7501005116985,SOPA FIDEOS INSTANTANEO 115 GR,"KNORR, PASTAS E INSTANTANEAS",$11.000,$18.000
041789001284,MARUCHAN CHILE PIQUIN & SHRIMP,"KNORR, PASTAS E INSTANTANEAS",$14.900,$19.000
041789001154,MARUCHAN HABANERO LIME CHILI FLAVOR WHITH  SHRIMP,"KNORR, PASTAS E INSTANTANEAS",$14.833,$19.000
041789001253,MARUCHAN CON CAMARON SHRIMP,"KNORR, PASTAS E INSTANTANEAS",$13.167,$19.000
041789001109,MARUCHAN POLLO CON VEGETALES,"KNORR, PASTAS E INSTANTANEAS",$12.500,$18.000
7501018310547,CODO LA MODERNA 200 G.,"KNORR, PASTAS E INSTANTANEAS",$6.300,$9.000
7506192508773,RIKOMATE,"KNORR, PASTAS E INSTANTANEAS",$0.000,$5.000
7501018310530,MODERNA SOPA DE CODO #3 200 GR,"KNORR, PASTAS E INSTANTANEAS",$6.400,$9.000
7501018310561,SOPA DE CARACOL DEL * 2 200 G,"KNORR, PASTAS E INSTANTANEAS",$9.000,$9.000
7506306313057,KNORR CALDO DE POLLO 88GR,"KNORR, PASTAS E INSTANTANEAS",$13.667,$20.000
041789002960,MARUCHAN RAMEN HABANERO 85GR,"KNORR, PASTAS E INSTANTANEAS",$7.000,$10.000
7501005110723,KNORR TOMATE 8 CUBOS DE 10.5 G,"KNORR, PASTAS E INSTANTANEAS",$16.000,$16.000
7501005112208,KNORR CALDO DE POLLO 200GR,"KNORR, PASTAS E INSTANTANEAS",$21.000,$21.000
7501005129954,KNORR SOPA DE LETRA INSTANTANEA 95 G,"KNORR, PASTAS E INSTANTANEAS",$13.333,$20.000
7501005129947,KNORR SOPA DE ESTRELLA INSTANTANEA 95 G,"KNORR, PASTAS E INSTANTANEAS",$11.000,$20.000
7501005129923,KNORR SOPA DE FIDEO INSTANTANEA 95 G,"KNORR, PASTAS E INSTANTANEAS",$13.750,$20.000
7501018310592,LA MOD. SOPA DE TORNILLO,"KNORR, PASTAS E INSTANTANEAS",$6.000,$9.000
7501018320515,LA  MOD. SOPA DE CODO 2 220 G,"KNORR, PASTAS E INSTANTANEAS",$6.000,$7.000
7501018310257,MOD. SOPA DE LETRA 200 G,"KNORR, PASTAS E INSTANTANEAS",$6.250,$9.000
7501018310608,MOD. PLUMA 200 G,"KNORR, PASTAS E INSTANTANEAS",$6.000,$9.000
7501005112222,KNORR CALDO DE POLLO 370GR,"KNORR, PASTAS E INSTANTANEAS",$35.000,$35.000
7501018310295,MOD. SOPA LENTEJA 200GR,"KNORR, PASTAS E INSTANTANEAS",$6.350,$9.000
7501018310219,MOD. SOPA CORONA 200GR,"KNORR, PASTAS E INSTANTANEAS",$5.000,$5.000
7501018310226,MOD. SOPA CRINOLINA 200GR,"KNORR, PASTAS E INSTANTANEAS",$5.000,$5.000
7501018310738,MOD. SOPA CORBATA 200GR,"KNORR, PASTAS E INSTANTANEAS",$5.000,$6.000
7501018310585,MOD. SOPA ENGRANE 200GR,"KNORR, PASTAS E INSTANTANEAS",$5.000,$9.000
7501018310578,PASTA LA MODERNA CARACOL #3 200GR,"KNORR, PASTAS E INSTANTANEAS",$5.000,$9.000
7501018310264,MOD. SOPA MUNICION 200GR,"KNORR, PASTAS E INSTANTANEAS",$6.300,$9.000
7501018310035,MOD. SOPA FIDEO #2 200GR,"KNORR, PASTAS E INSTANTANEAS",$6.250,$9.000
7501018320522,MOD. SOPA FIDEO #0 200GR,"KNORR, PASTAS E INSTANTANEAS",$6.300,$9.000
7506306313774,BONSABOR 44GR 4 CUBOS,"KNORR, PASTAS E INSTANTANEAS",$4.000,$5.000
7501005180504,KNORR TOMATE 22GR,"KNORR, PASTAS E INSTANTANEAS",$2.945,$5.000
7506192505802,RIKO POLLO 33GR,"KNORR, PASTAS E INSTANTANEAS",$3.525,$5.000
7501005180306,KNORR SUIZA 22GR,"KNORR, PASTAS E INSTANTANEAS",$3.250,$5.000
7501005134002,SOPA KNORR MUNICIONES 95GR,"KNORR, PASTAS E INSTANTANEAS",$0.000,$20.000
7501005134712,SOPA KNORR CODITOS 95GR,"KNORR, PASTAS E INSTANTANEAS",$13.333,$20.000
7501005180658,KNORR SUIZA CALDO DE POLLO FRASCO 100GR,"KNORR, PASTAS E INSTANTANEAS",$0.000,$21.000
06010,KNORR TOMATE 2 CUBOS,"KNORR, PASTAS E INSTANTANEAS",$3.210,$5.000
7506306307223,ARROZ INSTANTANEO KNORR CON TOMATE 155GR,"KNORR, PASTAS E INSTANTANEAS",$25.833,$36.000
75049256,SAZONADOR MI ARROZ BLANCO SOBRE,"KNORR, PASTAS E INSTANTANEAS",$5.317,$7.000
75049232,SAZONADOR MI ARROZ ROJO SOBRE,"KNORR, PASTAS E INSTANTANEAS",$5.317,$7.000
7501018310516,PASTA LA MODERNA CODO #1 200GR,"KNORR, PASTAS E INSTANTANEAS",$6.250,$9.000
7501018310523,PASTA LA MODERNA CODO #2 200GR,"KNORR, PASTAS E INSTANTANEAS",$6.250,$9.000
7501018310318,PASTA LA MODERNA ESTRELLA 200GR,"KNORR, PASTAS E INSTANTANEAS",$6.890,$9.000
7501018310097,PASTA LA MODERNA MACARRON 200GR,"KNORR, PASTAS E INSTANTANEAS",$0.000,$9.000
7501018310554,PASTA LA MODERNA CARACOL #1 200GR,"KNORR, PASTAS E INSTANTANEAS",$0.000,$9.000
7501018310752,PASTA LA MODERNA MOÑITO 200GR,"KNORR, PASTAS E INSTANTANEAS",$6.275,$9.000
7501018310745,PASTA LA MODERNA ALMEJA 200GR,"KNORR, PASTAS E INSTANTANEAS",$0.000,$9.000
7501018310042,PASTA LA MODERNA TALLARIN #1 200GR,"KNORR, PASTAS E INSTANTANEAS",$0.000,$9.000
7501018310233,PASTA LA MODERNA LENGUA 200GR,"KNORR, PASTAS E INSTANTANEAS",$6.250,$9.000
7501018310011,PASTA LA MODERNA FIDEO #0 200GR,"KNORR, PASTAS E INSTANTANEAS",$6.250,$9.000
7501018310028,PASTA LA MODERNA FIDEO #1 200GR,"KNORR, PASTAS E INSTANTANEAS",$6.250,$9.000
7501018310240,PASTA LA MODERNA OJITO 200GR,"KNORR, PASTAS E INSTANTANEAS",$0.000,$9.000
7501018310103,SPAGUETTI LA MODERNA 200GR,"KNORR, PASTAS E INSTANTANEAS",$6.350,$10.000
041789001925,MARUCHAN INSTANTANEA RES 64 GR,"KNORR, PASTAS E INSTANTANEAS",$13.626,$18.000
041789001918,MARUCHAN INSTANTANEA POLLO 64 GR,"KNORR, PASTAS E INSTANTANEAS",$14.000,$19.000
041789001864,MARUCHAN CAMARON LIMON Y HABANERO 64GR,"KNORR, PASTAS E INSTANTANEAS",$14.628,$19.000
041789001987,MARUCHAN INSTANTANEA CAMARON CON CHILE PIQUIN 64 GR,"KNORR, PASTAS E INSTANTANEAS",$14.465,$19.000
041789001956,MARUCHAN INSTANTANEA CAMARON 64 GR,"KNORR, PASTAS E INSTANTANEAS",$14.900,$19.000
7500366004832,TOTIS DONITAS CHILE Y LIMON,LA COSTEÑA BOTANAS,$0.000,$17.000
7500366004825,TOTIS DONITAS SAL Y LIMON,LA COSTEÑA BOTANAS,$0.000,$17.000
7500366005198,TOTIS NIPON CACAHUATE JAPONES,LA COSTEÑA BOTANAS,$5.000,$8.000
7500366005051,TOTIS PAPITAS SABOR ELOTE PREPARADO  90 GR,LA COSTEÑA BOTANAS,$13.850,$20.000
7500366004207,MAXI BOTANA MIX TOTIS 60GR,LA COSTEÑA BOTANAS,$13.845,$20.000
7500366004559,TOTIS TORCIDOS 100GR,LA COSTEÑA BOTANAS,$11.600,$20.000
7500366004542,TOTOPOS TOTIS SALSA NEGRA 120GR,LA COSTEÑA BOTANAS,$11.890,$20.000
7500366003958,PAPITAS TOTIS ADOBADAS 90GR,LA COSTEÑA BOTANAS,$15.153,$20.000
7500366004214,TOTOPOS TOTIS NACHO 120GR,LA COSTEÑA BOTANAS,$11.890,$20.000
7500366000797,TOP-TOPS TOTIS HOT CHILI 52GR,LA COSTEÑA BOTANAS,$6.947,$10.000
7500366001824,TOP-TOPS TOTIS SALSA NEGRA 52GR,LA COSTEÑA BOTANAS,$6.850,$10.000
7500366003842,QUE TOTIS TUBO QUESO 50GR,LA COSTEÑA BOTANAS,$9.040,$18.000
7500366004221,TOTOPOS TOTIS HOT CHILI 120GR,LA COSTEÑA BOTANAS,$11.890,$20.000
7500366004573,TOTIS BOLINGS QUESO Y CHILE 80GR,LA COSTEÑA BOTANAS,$10.800,$15.000
7500366003873,TOTIS PAPITAS SALSA PICANTE 90GR,LA COSTEÑA BOTANAS,$15.153,$20.000
7500366003910,TOTIS PAPITAS HOT CHILI 90GR,LA COSTEÑA BOTANAS,$15.153,$20.000
7500366004948,LOTS TOTIS LIMON Y SAL 52GR,LA COSTEÑA BOTANAS,$0.000,$12.000
7500366003941,TOTIS PAPITAS SAL 90GR,LA COSTEÑA BOTANAS,$15.153,$20.000
643795541060,TOTIS DONITAS 20GR,LA COSTEÑA BOTANAS,$0.000,$5.000
7500366000582,TOTIS CHICHARRONES CHILE Y LIMON 175GR,LA COSTEÑA BOTANAS,$30.000,$35.000
7500366001985,TOTIS PAPAS SALSA NEGRA 170GR,LA COSTEÑA BOTANAS,$25.000,$30.000
7500366000629,TOTIS PAPS CLASICAS 170GR,LA COSTEÑA BOTANAS,$25.000,$30.000
7500366000643,TOTIS PAPAS ADOBADAS 170GR,LA COSTEÑA BOTANAS,$25.000,$30.000
7500366001374,TOTIS PAPAS ONDULADAS QUESO 170GR,LA COSTEÑA BOTANAS,$25.000,$30.000
7500366001404,TOTIS PAPAS ONDULADAS SAL 170GR,LA COSTEÑA BOTANAS,$25.000,$30.000
7500366000711,TOTIS DONITAS LIMON Y SAL 28GR,LA COSTEÑA BOTANAS,$7.000,$6.000
7500366000513,TOTIS CHURRITOS CHILE Y LIMON 55GR,LA COSTEÑA BOTANAS,$5.000,$6.000
7500366000742,TOTIS QUETOTIS QUESO 25GR,LA COSTEÑA BOTANAS,$5.000,$6.000
643795549783,TOTIS CHICHARRON ARTESANAL 35GR,LA COSTEÑA BOTANAS,$6.000,$7.000
7500366001558,TOTIS PAPAS HOTCHILI 170GR,LA COSTEÑA BOTANAS,$25.000,$30.000
7500366000773,TOTIS PAPAS ADOBADAS 40GR,LA COSTEÑA BOTANAS,$5.000,$6.000
7500366001763,TOTIS PAPAS HABANERO 40GR,LA COSTEÑA BOTANAS,$5.000,$6.000
7500366001497,TOTIS PAPAS HOTCHILI 40GR,LA COSTEÑA BOTANAS,$5.000,$6.000
7500366001350,TOTIS PAPAS ONDULADAS QUESO 50GR,LA COSTEÑA BOTANAS,$5.000,$6.000
7500366001756,TOTIS PAPAS ADOBADAS 70GR,LA COSTEÑA BOTANAS,$14.353,$20.000
7500366001749,TOTIS PAPAS CLASICAS 70GR,LA COSTEÑA BOTANAS,$14.353,$12.000
7500366000766,TOTIS PAPS CLASICAS 40GR,LA COSTEÑA BOTANAS,$5.000,$6.000
7500366001381,TOTIS PAPAS ONDULADAS SAL 50GR,LA COSTEÑA BOTANAS,$5.000,$6.000
643795541244,TOTIS DONITAS LIMON Y SAL 50GR,LA COSTEÑA BOTANAS,$12.300,$13.000
7501016432500,MUEGANO NIPON TOTIS 40GR,LA COSTEÑA BOTANAS,$5.000,$6.000
7501020561937,LALA CREMA REDUCIDA EN GRASA 417 GR,LALA,$0.000,$44.000
7501020570861,LALA YOMI FRESA 180 ML,LALA,$0.000,$13.000
7501020570854,LALA YOMI CHOCOLATE 180 ML,LALA,$8.700,$12.000
7501020570878,LALA YOMI VAINILLA 180 ML,LALA,$8.700,$12.000
7501020564716,LOS VOLCANES ENTERA 1 LT,LALA,$27.200,$30.000
7501020564723,LOS VOLCANES DESLACTOSADA 1 LT,LALA,$28.200,$31.000
7501020550955,LALA 100 UHT REG RG 1LT,LALA,$34.000,$38.000
7501020512304,LALA QUESO PANELA 200 GR,LALA,$0.000,$50.000
7501020557107,LALA QUESO DOBLE CREMA 190 GR,LALA,$0.000,$43.000
7501020546897,LALA QUESO MANCHEGO EN REBANADAS 400 GR,LALA,$0.000,$100.000
7501020564389,LALA NUTRI DELI JAMON AMERICANO 250 GR,LALA,$0.000,$30.000
7502217042550,LALA LOS VOLCANES QUESO COTTAGE 350 GR,LALA,$0.000,$57.000
7501020515879,LALA DESLACTOSADA LIGHT BAJA EN GRASA 1 LT,LALA,$0.000,$29.000
7501020563719,"LALA YOGURT CON CEREALES TRIGO, AVENA, Y LINAZA 900GR",LALA,$0.000,$57.000
7501020563757,LALA YOGURT CON TROZOS DE MANGO 900GR,LALA,$0.000,$57.000
7501020538090,LALA YOGURT SABOR MANZANA VASITO 120GR,LALA,$0.000,$7.000
7501020538076,LALA YOGURT SABOR FRESA VASITO 120GR,LALA,$0.000,$7.000
7501020565775,LALA VITA SABOR ALMENDRA 960ML,LALA,$0.000,$50.000
7501020563771,LALA YOGURT NATURAL ENDULZADO 900GR,LALA,$0.000,$53.000
7501020565959,LALA DEMIDESCREMADA 1LT,LALA,$0.000,$33.000
7503020964206,SOFUL LT MANGO 200 ML,LALA,$0.000,$10.000
7503020964183,SOFUL LT NATURAL 200ML,LALA,$0.000,$10.000
7501020563726,LALA YOGURTH DE DURAZNO 900GR,LALA,$0.000,$54.000
7501020563764,LALA YOGURTH DE MANZANA 900GR,LALA,$0.000,$54.000
7501020563740,LALA YOGURT FRESA CON CEREALES 900GR,LALA,$0.000,$53.000
7501020537123,LALA YOGURT NATURAL SIN AZUCAR 900GR,LALA,$0.000,$53.000
7501020568561,LALA GRIEGO NATURAL ENDULZADO 700GR,LALA,$0.000,$58.000
7501020571035,LALA YOGURT BEBIBLE CON PIÑA-COCO 440GR,LALA,$0.000,$26.000
7501020563818,LALA YOGURT CON TROZOS DE MANZANA 120GR,LALA,$0.000,$8.000
7501020563795,LALA YOGURT CON TROZOS DE FRESA 120GR,LALA,$0.000,$8.000
7501020570618,LALA YOMI GELATINA LIMON Y CHILE 100GR,LALA,$0.000,$10.000
7501020570601,LALA YOMI GELATINA GRESA CON LIMON Y CHILE 100GR,LALA,$0.000,$10.000
7501020570625,LALA YOMI GELATINA SANDIA LIMON Y CHILE 100GR,LALA,$0.000,$10.000
7501020570632,LALA YOMI GELATINA PIÑA CON LIMON Y CHILE 100GR,LALA,$0.000,$10.000
7506475121736,NESTLE LICUADO CHEESECAKE ZARZAMORA 500GR,LALA,$0.000,$28.000
7501020547054,LALA LIGHT BAJA EN GRASA 1.8 LT,LALA,$0.000,$47.000
7501020562064,LALA NUTRI LECHE CLASICA 960ML,LALA,$0.000,$20.000
7501020552935,LALA VITA ALMENDRA NUEZ Y MACADAMIA 960ML,LALA,$0.000,$50.000
7501020564730,LOS VOLCANES LECHE DESLACTOSADA BAJA EN GRASA 1LT,LALA,$0.000,$30.000
7501020500080,LALA ENTERA 3.78LT,LALA,$0.000,$92.000
7501020570205,LALA GO! CREMINO 130GR,LALA,$0.000,$15.000
7501020565942,LALA LIGHT BAJA EN GRASA 1 LT,LALA,$34.000,$33.000
7501020570458,NUTRI YOGURTH PIÑA-COCO 450G,LALA,$13.600,$17.000
7501020527551,NATURALES JUGO DE NARANJA 100% NATURAL 1LT,LALA,$30.400,$35.000
7501020557701,NUTRI LECHE 1.8LT,LALA,$0.000,$32.000
75079499,LALA GRIEGO FRESA 120GR,LALA,$11.600,$15.000
7501020562026,LALA CREMA DESLACTOSADA LIGHT 417 G,LALA,$0.000,$41.000
7501020570168,LALA GO! MARINELA TRIKI-TRAKES 130GR,LALA,$13.600,$15.000
7501020570182,LALA GO! MARINELA CANELITAS 130GR,LALA,$13.600,$15.000
7501059230866,NESTLE GASTRO PROTEC 110G,LALA,$10.000,$13.000
7501020568622,LALA 100 YOGURT CON PROTEINA 220G,LALA,$14.400,$18.000
7503001453194,CAFE OLE CAPPUCCINO CLASICO 281 ML,LALA,$29.579,$34.000
604498703063,LECHE VACA PINTA SABOR CHOCOLATE 236 ML,LALA,$5.000,$10.000
7501020567847,NUTRI YOGHURT NUEZ Y CEREALES 450GR,LALA,$0.000,$17.000
7501020563382,LALA LICUADO NUEZ CEREAL 220GR,LALA,$12.800,$16.000
7501020568639,YOGURTH LALA 100 PROTEINA MANGO DURAZNO 220G,LALA,$14.400,$18.000
7501020568646,YOGURTH LALA 100 PROTEINA NATURAL ENDULZADO 220G,LALA,$14.400,$18.000
7501020550733,LECHE LALA ENTERA 1.5 L.,LALA,$32.900,$38.000
7501020569551,LALA PLENIA VIRGINIA DE PAVO 200 GR,LALA,$37.000,$45.000
78811888,JAMON DE PAVO NUTRI DELI,LALA,$45.700,$87.000
7501020565782,LECHE VITA  COCO 960 ML (7501020552942),LALA,$42.600,$50.000
7501020535754,YOGURT LALA BEBIBLE DE FRESA 440 GR,LALA,$19.200,$26.000
7501020564983,LALA YOMI GELATINA UVA 100G,LALA,$6.375,$10.000
7501020564976,LALA YOMI GELATINA LIMON 100G,LALA,$6.400,$10.000
7501020564969,LALA YOMI GELATINA FRESA 100G,LALA,$6.375,$10.000
7501020566505,LALA YOMI GELATINA PIÑA 100G,LALA,$6.375,$10.000
7501020564051,LALA YOGURT COOKIES & CREAM 100G,LALA,$11.600,$14.000
7501020569391,YOGURT LALA 100  FRESA COCO 220G,LALA,$14.400,$20.000
7501020542134,NUTRI EN POLVO 120 GR,LALA,$13.700,$17.000
7501020544596,LALA CHOCOLALA  330 ml,LALA,$14.700,$17.000
7501020515299,MEDIA CREMA LALA 245 GR,LALA,$13.300,$18.000
7501020526004,LALA CHOCOLALA  500 ML,LALA,$0.000,$17.000
7506475100779,NESTLE LICUADO YOGURT NUEZ CON AVENA 500ML,LALA,$22.000,$27.000
7506475100786,NESTLE LICUADO YOGURT FRESA PLATANO 500ML,LALA,$22.000,$27.000
7501020567830,NUTRI YOGURT FRESA 450ML,LALA,$13.600,$17.000
7501020567854,NUTRI YOGHURT FRESA 450G,LALA,$13.600,$16.000
7501020563375,YOGURT LALA BEBIBLE   FRESA  PLATANO 220 GR,LALA,$12.800,$16.000
7501020569346,SALCHICHA DE PAVO  NUTRI DELI 250 GR,LALA,$19.000,$23.000
7501020569360,NUTRI DELI JAMON VIRGINIA DE PAVO 250G,LALA,$24.700,$30.000
7501020569353,NUTRI DELI JAMON AMERICANO 250G,LALA,$24.600,$30.000
7501020512571,LALA OAXACA 200G,LALA,$34.400,$42.000
7501020564082,QUESO AMERICANO NUTRI 140G,LALA,$19.200,$23.000
7501020565232,QUESO PANELA LOS VOLCANES 200G,LALA,$35.200,$42.000
75079505,LALA GRIEGO CEREZA 120G,LALA,$11.600,$15.000
75079543,LALA GRIEGO MORA AZUL 120G,LALA,$11.600,$15.000
7501020569445,JAMON LALA PLENIA 250G,LALA,$37.000,$45.000
7501020538212,YOGURT LALA LICUADO  FRESA PLATANO 440 GR,LALA,$20.800,$25.000
7501020567861,NUTRI YOGHURT NUEZ Y CEREALES 450G,LALA,$13.600,$16.000
7500810015834,PASTITAS 54 G,LALA,$7.780,$10.000
7501020556827,DELICIAS PAY COOKIES CREAM 140 G,LALA,$16.000,$21.000
7501020550672,LECHE LALA DESLACTOSADA 1.5 L.,LALA,$33.900,$39.000
7501020548495,LALA PROTEINA  FRESCA 1L,LALA,$32.400,$38.000
7501020548440,LALA PROTEINA LIGHT FRESCA 1L,LALA,$32.400,$38.000
7501020552942,LECHE VITA ALMENDRA 960 ML,LALA,$43.500,$48.000
7501020552928,LECHE VITA COCO 960 ML,LALA,$42.600,$48.000
7501040084676,MANCHEGO LA VILLITA,LALA,$140.250,$216.000
7501020564587,SALCHICHA NUTRI DELI A GRANEL,LALA,$24.667,$62.000
7501040097270,"YOGURT DISFRUTA LICUADO PLATANO, MORAS Y NUEZ 307 G.",LALA,$16.000,$20.000
7501040097287,"YOGURT DISFRUTA LICUADO MANZANA, GUAYABA, GRANOLA 307 G.",LALA,$16.000,$20.000
7501040094446,YOGURT  DISFRUTA MORA AZUL 307 G.,LALA,$15.500,$20.000
7501020559965,JAMÓN NUTRI DELI DE PIERNA,LALA,$58.375,$117.000
7501020568554,QUESO MANCHEGO LALA,LALA,$128.174,$187.000
7501020547078,LALA DESLACTOSADA FRESCA 1.8 LT,LALA,$44.100,$45.000
7501020569285,SALCHICHA PAVO LALA PLENIA,LALA,$17.000,$25.000
7501020561197,YOGURT LALA BEBIBLE FRESA MORAS 220 GR,LALA,$13.600,$17.000
7501020567007,YOMI LALA VAINILLA 960 ML,LALA,$28.600,$35.000
7501020567281,LECHE LALA PROTEINA CARAMELO CAPUCHINO  330ML,LALA,$16.000,$20.000
7501020556865,LECHE LALA PROTEINA VAINILLA 330ML,LALA,$16.000,$20.000
75079536,LALA GRIEGO NATURAL ENDULZADO 120G,LALA,$11.600,$14.000
7506443107632,MALTEADA HERSHEYS CHOCOLATE 200 ML,LALA,$11.200,$14.000
7501020565133,CAFE CON LECHE LALA DESLACTOSADA,LALA,$28.600,$33.000
7501020567014,YOMI LALA FRESA 960ML,LALA,$28.600,$35.000
7501020566994,YOMI LALA CHOCOLATE 960ML,LALA,$28.600,$35.000
7501020556858,LECHE LALA PROTEINA FRESA 330ML,LALA,$16.000,$20.000
7501020556841,LECHE LALA PROTEINA CACAO 330ML,LALA,$16.000,$20.000
7501020548518,LECHE LALA PROTEINA 330ML,LALA,$12.900,$15.000
7501020564402,LECHE LALA MINI 190ML,LALA,$9.900,$10.000
7501020556988,YOMI LALA VAINILLA 190ML,LALA,$8.800,$12.000
7501020565836,BREAK PIÑA-COCO 330G,LALA,$14.400,$18.000
7501020565584,BREAK COOKIES & CREAM 330G,LALA,$14.400,$20.000
7501020561142,YOGURT LALA BEBIBLE DURAZNO 220 GR,LALA,$13.600,$17.000
7501020561234,YOGURT LALA BEBIBLE PIÑA-COCO 220 GR,LALA,$13.600,$17.000
7501020561210,YOGURT LALA BEBIBLE MANZANA 220 GR,LALA,$12.800,$15.000
7501020561203,YOGURT LALA BEBIBLE MANGO 220 GR,LALA,$13.600,$17.000
664003541054,GELATINA YOGURT ROLY,LALA,$15.000,$18.000
75015787,FLAN ART SABOR VAINILLA 240G,LALA,$15.330,$22.000
75079512,LALA GRIEGO FRUTOS AMARILLOS 120G,LALA,$11.600,$14.000
75079550,LALA GRIEGO FRUTOS ROJOS 120G,LALA,$11.600,$14.000
7501020511468,CREMA LALA ORIGINAL 882G,LALA,$64.000,$77.000
7501020565928,LALA DESLACTOSADA LIGHT 1 L.,LALA,$0.000,$28.000
7501020565911,LALA DESLACTOSADA 1L,LALA,$24.000,$30.000
7501020515183,LALA SEMIDESCREMADA 1 L.,LALA,$25.300,$28.000
7501024548996,HERSHEYS CHOCOLATE 190ML,LALA,$0.000,$10.000
7501020563733,YOGHURT LALA SABOR FRESA 1 LT,LALA,$37.000,$47.000
7501020565935,LECHE LALA ENTERA 1LT,LALA,$26.300,$28.000
7501024579280,LECHE HERSHEYS SABOR VERY STRAWBERRY 236 ML,LALA,$10.000,$10.000
7501020561159,YOGURT LALA BEBIBLE FRESA 220 GR,LALA,$13.600,$17.000
7501020561906,CREMA  LALA  426 ML,LALA,$34.800,$43.000
7501025511036,YAKULT DE 80 ML,LALA,$5.800,$8.000
7501020556001,NUTRÍ LECHE 2 LT,LALA,$37.700,$40.000
7501020515350,LALA TETRAPACK LIGHT 1 LT,LALA,$18.000,$22.000
7501020515398,LALA TETRAPACK DESLACTOSADA 1 LT,LALA,$23.900,$24.000
7501020515343,LALA TETRAPACK ENTERA 1 LT,LALA,$22.900,$24.000
7501020550979,LALA 100 SIN LACTOSA REDUCIDA EN GRASA 70% + PROTEINA + CALCIO 1 LT,LALA,$34.000,$24.000
7501020544398,NUTRI LECHE DESLACTOSADA 1 LT,LALA,$20.300,$22.000
7501040070266,CAFE OLE CAPUCCINO CARAMELO 281ML,LALA,$16.000,$21.000
7501040070129,CAFE OLE CAPUCCINO IRLANDES 281ML,LALA,$16.000,$21.000
12189,YAKULT PZA,LALA,$6.313,$9.000
7501059229884,"LICUADO NESTLE FRESA, PLATANO CON AVENA Y SALVADO 500GR",LALA,$0.000,$9.000
7501020550962,LALA 100 SIN LACTOSA DELICIOSA 1 LT,LALA,$34.000,$38.000
7501020513295,QUESO COTTAGE LALA 350GR,LALA,$0.000,$20.000
7501020513134,CREMA LALA ENTERA 200ML,LALA,$16.300,$22.000
7501020511451,CREMA LALA ENTERA 450ML,LALA,$32.200,$40.000
7501020550986,LALA 100 SIN LACTOSA 70% PROTEINA CALCIO 1 LT,LALA,$34.000,$38.000
7501020555288,CAFE CON LECHE LALA 330ML,LALA,$16.600,$20.000
7501020554892,NUTRI DELI SALCHICHA DE PAVO 250GR,LALA,$0.000,$20.000
7501020565829,YOGURT BREAK FRESA 330GR,LALA,$14.400,$18.000
7501020565355,BIO 4 LALA 100 GR,LALA,$6.800,$9.000
7501020548464,LALA FRESCA 100 SIN LACTOSA 330ML,LALA,$0.000,$12.000
7501020543513,LALA FRESCA ENTERA 250ML,LALA,$0.000,$12.000
7501020538304,YOGURT LALA FRESA CEREAL DE SABORES 108GR,LALA,$11.600,$14.000
7501020538311,YOGURT LALA FRESA CEREAL CHOCOLATE 108GR,LALA,$11.600,$14.000
7501020527278,LALA FRESCA DESLACTOSADA 1 LT,LALA,$24.900,$14.000
7501020526066,LALA FRESCA ENTERA 1 LT,LALA,$26.100,$28.000
7501020547047,LALA FRESCA ENTERA 1.8 LT,LALA,$44.800,$48.000
7501020510805,LALA FRESCA BAJA EN GRASA 1 LT,LALA,$0.000,$0.000
7501059230880,GASTRO PROTEC NESTLE 110GR,LALA,$0.000,$7.000
7502217040259,NUTRI LECHE FRESCA 1.89 LT,LALA,$0.000,$12.000
7501020533897,NUTRI LECHE FRESCA 1 LT,LALA,$0.000,$12.000
7501020539424,LALA YOGURT DURAZNO 240GR,LALA,$10.700,$12.000
7501020539387,LALA YOGURT MANGO 240GR,LALA,$0.000,$10.000
7501020539448,LALA YOGURT PI,LALA,$0.000,$5.000
7501020539400,LALA YOGURT FRESA 240GR,LALA,$0.000,$9.000
7501020539431,LALA YOGURT MANZANA 240GR,LALA,$0.000,$9.000
75042660,LALA ENTERA 250ML,LALA,$0.000,$9.000
7501020552515,MALTEADA NUTRI LECHE CHOCOLATE 250ML,LALA,$0.000,$8.000
7501020556971,MALTEADA YOMI LALA FRESA 250ML,LALA,$8.700,$12.000
7501020556964,MALTEADA YOMI LALA CHOCOLATE 250ML,LALA,$8.700,$12.000
7501020514308,NATILLA LALA CHOCOLATE 125GR,LALA,$0.000,$35.000
7501020514315,NATILLA LALA VAINILLA 125GR,LALA,$9.200,$11.500
7501020532036,ARROZ CON LECHE LALA 125GR,LALA,$0.000,$12.000
12150,GELATINA SABORES YOMI LALA 125GR,LALA,$0.000,$5.000
7501020510041,FLAN LALA VAINILLA 100GR,LALA,$8.000,$11.000
7501020535266,YOGURT LALA GRANOLA  190 GR,LALA,$15.200,$19.000
7501020552799,DELICIAS PAY DE FRESA LALA 150GR,LALA,$16.800,$21.000
7501020552782,DELICIAS PAY DE LIMON LALA 150GR,LALA,$16.800,$21.000
7501020537970,LALA MANTEQUILLA SIN SAL 90GR,LALA,$17.200,$11.000
7501020535532,LALA MARGARINA 90GR,LALA,$13.600,$17.000
7501020512250,LALA MANCHEGO 200GR,LALA,$40.400,$10.000
7501020555707,NUTRI DELI JAMON HORNEADO 250GR,LALA,$0.000,$11.000
7501020555202,CREMA NUTRI LECHE 450ML,LALA,$0.000,$8.000
7501020537390,LALA MANCHEGO 144GR,LALA,$25.200,$8.000
7501020536546,NUTRI LECHE QUESO AMERICANO 140GR,LALA,$0.000,$10.000
7501024579327,HERSHEYS CHOCOLATE MALTEADA 236ML,LALA,$0.000,$9.000
7501020562033,NUTRI LECHE BOLSA 1 LT,LALA,$13.300,$14.000
7501020540666,NUTRI LECHE 1 LT,LALA,$19.330,$21.000
7501268200742,LOS PATITOS SUAVISANTE FRESCO CIELO AZUL 5LT,LAVATRASTES Y CLOROS,$0.000,$105.000
7501268200070,LOS PATITOS BLANQUEADOR PARA ROPA 4LT,LAVATRASTES Y CLOROS,$0.000,$48.000
7501071908514,CLOROX 25% GRATIS 1.16L,LAVATRASTES Y CLOROS,$0.000,$17.000
7501268200001,LA VALENCIANA BLANQUEADOR 1LT,LAVATRASTES Y CLOROS,$0.000,$13.000
7501025412401,CLORALEX QUITAMANCHAS VINAGRE 950ML,LAVATRASTES Y CLOROS,$0.000,$31.000
7501268200049,LOS PATITOS CLOROX 2L,LAVATRASTES Y CLOROS,$0.000,$40.000
7501025400941,CLORALEX COLOR 950ML,LAVATRASTES Y CLOROS,$0.000,$30.000
7501025413668,LAVATRASTE EFICAZ 350ML,LAVATRASTES Y CLOROS,$15.210,$20.000
7501025402501,CLORALEX TOTAL POWER 650ML,LAVATRASTES Y CLOROS,$0.000,$60.000
7500435161008,SALVO MULTIUSOS TRIPLE PODER 250G,LAVATRASTES Y CLOROS,$0.000,$136.000
7500435160902,SALVO MULTIUSOS TRIPLE PODER 500G,LAVATRASTES Y CLOROS,$20.140,$24.000
7500435108256,SALVO LIQUIDO 500 ML,LAVATRASTES Y CLOROS,$20.000,$38.000
7500435146678,SALVO LIQUIDO 215 ML,LAVATRASTES Y CLOROS,$11.883,$16.000
75078898,AXION LIQUIDO 220ML,LAVATRASTES Y CLOROS,$11.500,$15.000
741120000012,CLARASOL 500 ML,LAVATRASTES Y CLOROS,$6.247,$10.000
7501025405151,CLORALEX GEL 950 ML.,LAVATRASTES Y CLOROS,$0.000,$26.000
7509546073644,AXION 1.1 L.,LAVATRASTES Y CLOROS,$0.000,$69.000
7501025405212,CLORALEX ULTRAGEL 950ML,LAVATRASTES Y CLOROS,$0.000,$35.000
7506339304848,SALVO REMUEVE COCHAMBRE POWER CLEAN 2.6LT,LAVATRASTES Y CLOROS,$115.000,$115.000
7501025411992,CLORALEX MASCOTAS 950ML,LAVATRASTES Y CLOROS,$25.000,$30.000
7501025405311,CLORALEX 1.17LT,LAVATRASTES Y CLOROS,$15.000,$22.000
7509546067704,AXION LIQUIDO 525ML,LAVATRASTES Y CLOROS,$24.000,$24.000
7501071907722,CLOROX ANTI-SPLASH 930 ML,LAVATRASTES Y CLOROS,$15.000,$15.000
7509546077529,AXION ANTIBACTERIAL 1.1 L,LAVATRASTES Y CLOROS,$42.000,$42.000
546077529,AXION ANTIBACTERIAL LIQUIDO 1.1 LT,LAVATRASTES Y CLOROS,$42.000,$42.000
7509546078915,AXION COMPLETE TRICLORO 1.1 LT,LAVATRASTES Y CLOROS,$43.000,$43.000
7509546018942,"AXION LAVATRASTES LIMÓN EN POLVO, 2KG",LAVATRASTES Y CLOROS,$45.000,$45.000
7501071907692,CLORO + DETERGENTE ANITISPLASH 1.89 LT,LAVATRASTES Y CLOROS,$26.000,$26.000
7509546076195,DET. LIQ. AXION TOQUE DE C. 640ML,LAVATRASTES Y CLOROS,$28.000,$28.000
7509546051932,AXION LIMON DET. LIQU. 750ML,LAVATRASTES Y CLOROS,$40.000,$40.000
75045838,AXION LIMON LIQUIDO 280ML,LAVATRASTES Y CLOROS,$18.000,$22.000
7501071901683,CLOROX TOALLITAS DESINFECTANTES 35 PIEZAS,LAVATRASTES Y CLOROS,$63.000,$63.000
7501071905346,CLOROX GEL 930 ML,LAVATRASTES Y CLOROS,$24.000,$22.000
7501071902086,CLOROX QUITA MANCHAS  930 ML,LAVATRASTES Y CLOROS,$29.000,$29.000
7501025401931,CLORALEX  GEL 700 ML,LAVATRASTES Y CLOROS,$15.000,$14.000
099176263982,AXION LIME LEMON 425 G,LAVATRASTES Y CLOROS,$30.000,$30.000
7506309807928,SALVO PLUS REM. COCHAMBRE  750ML,LAVATRASTES Y CLOROS,$36.000,$36.000
7506339304824,DET. LIQUIDO SALVO 750ML,LAVATRASTES Y CLOROS,$41.960,$34.000
7501268200032,CLORO PATITOS 500ML,LAVATRASTES Y CLOROS,$6.600,$10.000
7501025405090,CLORALEX ULTRAGEL 600ML,LAVATRASTES Y CLOROS,$16.000,$20.000
741120000005,CLARASOL 1 LT,LAVATRASTES Y CLOROS,$11.460,$15.000
7501016801320,BLANQUEADOR LA GOLONDRINA 40GR,LAVATRASTES Y CLOROS,$4.000,$5.000
7501268200209,BLANQUEADOR PATITOS RET. 1.250ML,LAVATRASTES Y CLOROS,$11.000,$15.000
99176263982,AXION EN CREMA LIMA LIMON 425GR,LAVATRASTES Y CLOROS,$0.000,$100.000
7509546052977,DET. LIQUIDO AXION LIMON 900ML,LAVATRASTES Y CLOROS,$0.000,$44.000
7506339343595,DET. LIQUIDO SALVO LIMON 900ML,LAVATRASTES Y CLOROS,$40.080,$45.000
7506195196984,DET LIQUIDO SALVO 300 ML,LAVATRASTES Y CLOROS,$15.780,$23.000
7509546017143,AXION LIQUIDO LIMON 400ML,LAVATRASTES Y CLOROS,$14.667,$22.000
75000608,BLANQUEADOR CLORALEX 500ML,LAVATRASTES Y CLOROS,$6.850,$9.000
7501071900112,BLANQUEADOR CLOROX 500ML,LAVATRASTES Y CLOROS,$5.708,$8.000
7501071900129,BLANQUEADOR CLOROX 930ML,LAVATRASTES Y CLOROS,$12.000,$17.000
75000615,BLANQUEADOR CLORALEX 950 ML,LAVATRASTES Y CLOROS,$15.810,$16.000
7501268200025,BLANQUEADOR LOS PATITOS 1 LT,LAVATRASTES Y CLOROS,$11.000,$15.000
085000001509,LICOR BOONES SUN PEAK PEACH DURAZNO 750 ML,LICORES,$73.000,$90.000
085000003503,LICOR BOONES EXOTIC BERRY MORAS 750 ML,LICORES,$73.000,$90.000
7501043707459,FLAMINGO LICOR DE DURAZNO 1L,LICORES,$0.000,$185.000
7501043707251,FLAMINGO LICOR DE CEREZA 1L,LICORES,$0.000,$185.000
7501043707657,FLAMINGO LICOR DE MELON 1L,LICORES,$0.000,$185.000
7501043708654,FLAMINGO LICOR DE PLATANO 1L,LICORES,$0.000,$180.000
080686933168,MIDORI LICOR DE MELON 750ML,LICORES,$0.000,$507.000
8410221902649,43 LICOR HORCHATA 700ML,LICORES,$0.000,$480.000
7501043707855,FLAMINGO LICOR DE FRESA 1L,LICORES,$0.000,$185.000
7502213346515,GUARIQUEÑO LICOR DE CAÑA 750ML,LICORES,$0.000,$50.000
7502213347505,EL COMPADRE BABY MANGO 1LT,LICORES,$0.000,$110.000
7503027250128,AGAVIA TAMARINDO 750ML,LICORES,$0.000,$125.000
849806001855,FOUR LOKO MANZANA GREEN 473ML,LICORES,$30.010,$35.000
7500326957703,CAÑA DE ORO 500ML,LICORES,$0.000,$19.000
7501035010260,SANGRITA VIUDA DE SANCHEZ 1LT,LICORES,$79.000,$79.000
12145415,L. CAMPARI 750ML,LICORES,$330.000,$330.000
7501043709354,FLAMINGO CURACAO 1 LT,LICORES,$130.000,$198.000
7501036100014,PERLA NEGRA LATA 473ML,LICORES,$30.000,$42.000
7501053670101,VIÑA REAL DURAZNO 330ML,LICORES,$15.204,$22.000
7503023578059,AÑEJO LOS REYES 940ML,LICORES,$65.000,$83.000
7503023578042,AÑEJO LOS REYES 700ML,LICORES,$50.000,$61.000
636191007506,APPLETON SPECIAL 200ML,LICORES,$0.000,$55.000
636191005502,APPLETON WHITE 200ML,LICORES,$0.000,$51.000
7501067605021,SIDRA ROSELL ROSADA 680ML,LICORES,$0.000,$90.000
7501035010338,COCKTEL PI,LICORES,$131.000,$169.000
7503007479167,CHARANDA URUAPAN BLANCO 355ML,LICORES,$0.000,$27.000
7503007479112,CHARANDA URUAPAN BLANCO 940ML,LICORES,$0.000,$65.000
7610594252049,LICOR DE CAFE KAHLUA 1 LT,LICORES,$0.000,$257.000
7502213340100,HUASTECO 440ML,LICORES,$10.708,$17.000
7502213341657,CAÑAZO 960ML,LICORES,$0.000,$20.000
7500810039045,MARINELA HERSHEYS PASTELITO 40 GR,MARINELA,$0.000,$12.000
7500810031872,MARINELA SPONCH 45 GR,MARINELA,$7.780,$10.000
7500810038185,CHOCO ROLES MENSAJERO FRUTOS ROJOS 80 GR,MARINELA,$16.910,$22.000
7500810032275,PASTISETAS SIN AZUCAR CON MANTEQUILLA 84GR,MARINELA,$0.000,$27.000
7500810028902,QE HIT MORA Y COCO 52GR,MARINELA,$0.000,$8.000
7500810036433,MARINELA PINGUINOS NAVIDAD DULCE DE LECHE 80GR,MARINELA,$0.000,$22.000
7500810036648,MARINELA GANSITO SABOR CHERRY 50GR,MARINELA,$11.530,$15.000
7500810032251,TRIKI TRAKES CHISPAS SABOR MALVAVISCO 85GR,MARINELA,$0.000,$18.000
7500810032268,PASTISETAS SABOR CHOCOLATE 125 G,MARINELA,$22.800,$27.000
7500810036532,CHOCO TORRO  24 G,MARINELA,$0.000,$10.000
7500810031278,PASTISETAS ORIGINALES CON MANTEQUILLA 90 G,MARINELA,$19.440,$26.000
7500810033951,SUBMARINO SABOR CHOCO AVELLANA 50 G,MARINELA,$0.000,$10.000
7500810032763,MARINELA PINGÜINOS ENIGMA 80 GR,MARINELA,$15.940,$23.000
7500810028889,KREMAS SABOR NATA 45 G,MARINELA,$6.410,$8.000
7500810032220,BROWN MINIS 55 G,MARINELA,$0.000,$12.000
7500810032565,PAY DE MANZANA CANELA 55 G,MARINELA,$12.301,$15.000
7500810034989,MARINELA DUO MINI GANSITO 48GR,MARINELA,$8.190,$10.000
7622210530905,OREO SOL 114 GR,MARINELA,$15.541,$20.000
7500810032770,PINGUINOS MIX 60 GR,MARINELA,$12.300,$15.000
7500810016435,MARINELA SUANDY TARTALETAS FRESA 116.6GR,MARINELA,$20.164,$24.000
7500810029091,MARINELA CANELITAS TENTACION 73GR,MARINELA,$0.000,$20.000
7503034672487,MARINELA BARRITAS FRESA 110GR,MARINELA,$16.800,$20.000
7500810030400,MARINELA CHOCO ROLES BLACK 100GR,MARINELA,$16.700,$22.000
7500810016091,MARINELA MACARENAS DE COCO 108GR,MARINELA,$12.604,$15.000
7500810025192,MARINELA SUAVI CREMAS CHOCOLATE 100GR,MARINELA,$12.440,$16.000
7500810025208,MARINELA SUAVI CREMAS VAINILLA 100GR,MARINELA,$12.440,$16.000
7500810025215,MARINELA SUAVI CREMAS FRESA 100GR,MARINELA,$13.122,$16.000
7501030489498,MARINELA DELICIOSAS CON CHOCHITOS LARA 216GR,MARINELA,$20.995,$25.000
7622210529107,MARINELA CHIPS AHOY CHOCOLATE 82.8GR,MARINELA,$15.000,$18.000
7500810025611,MARINELA PINGUINOS CHOCOLATE B 160GR,MARINELA,$0.000,$30.000
7500810028032,MARINELA POLVORONES 148GR,MARINELA,$15.570,$18.000
7500810028025,MARINELA NAPOLITANO CHISPAS 70GR,MARINELA,$10.630,$14.000
7500810029008,MARINELA CHOCO ROLES INDIVIDUAL 50GR,MARINELA,$9.110,$12.000
7500810016060,MARINELA FAVORITAS DE VAINILLA 100GR,MARINELA,$0.000,$10.000
7500810016046,MARINELA FAVORITAS SABOR NUEZ 100GR,MARINELA,$0.000,$10.000
7500810018309,MARINELA MOBI ROCKO 30GR,MARINELA,$0.000,$6.000
7500810027295,MARINELA PRINCIPE DOBLE CHOCOLATE 126GR,MARINELA,$15.560,$20.000
7500810028315,MARINELA MR BROWN 30GR,MARINELA,$4.920,$8.000
7501030429586,MARINELA PASTISETAS CHOCOLATE 94GR,MARINELA,$22.197,$26.000
7500810016008,MARINELA DELICIOSAS CON CHOCHITOS 230GR,MARINELA,$19.970,$25.000
7500810015988,MARINELA DELICIOSAS DE BOMBON 170GR,MARINELA,$19.440,$25.000
7500810026540,MARINELA GANSITO BLACK 50GR,MARINELA,$15.940,$18.000
7500810025277,MARINELA PINGUINOS NAVIDAD 80GR,MARINELA,$18.036,$21.000
7500810016022,DELICIOSAS CHISPAS DE CHOCOLATE,MARINELA,$7.803,$16.000
7500810016039,MARINELA DELICIOSAS VAINILLA 60GR,MARINELA,$7.803,$16.000
7501030427834,MARINELA PASTISETAS SUANDY SIN AZUCAR 70GR,MARINELA,$22.680,$27.000
7500810022801,MARINELA CANELITAS 120GR,MARINELA,$15.560,$20.000
7500810022696,PINGUINOS BIRIWEEN 80GR,MARINELA,$17.010,$21.000
7501000122301,MARINELA PRINCIPE 63GR,MARINELA,$11.760,$14.000
7500810011133,MARINELA PRINCIPE DE AVELLANA 126GR,MARINELA,$15.660,$20.000
7500810020531,MARINELA PINGUINOS SABOR TRIPLE CHOCOLATE 80GR,MARINELA,$16.190,$21.000
7500810021927,MARINELA MINI BARRITAS FRESA 49.3GR,MARINELA,$8.400,$10.000
7501030462859,MARINELA PRINCIPE DE AVELLANA 105GR,MARINELA,$0.000,$19.000
7501000140855,MARINELA TRIKI TRAKES 85GR,MARINELA,$14.000,$18.000
7501030486367,MARINELA GALLETAS GANSITO 215GR,MARINELA,$26.039,$31.000
7503031287479,MARINELA GALLETA PINGUINO 160GR,MARINELA,$26.039,$31.000
7500810015964,MARINELA DELICIOSAS LARA BETUNADAS 216GR,MARINELA,$20.995,$24.000
7500810015773,MARINELA CHOCO ROLES SABOR FRUTOS ROJOS 100GR,MARINELA,$20.000,$20.000
7500810013991,MARINELA POLVORONES CHOCOLATE ABUELITA 111GR,MARINELA,$16.700,$20.000
7500810014004,MARINELA SPONCH PIÑA COOL 120GR,MARINELA,$16.805,$20.000
7503032248189,MARINELA PRINCIPE FRESA SUBLIME 105GR,MARINELA,$18.000,$20.000
7503032991399,MARINELA TRIKI TRAKES BITES 80GR,MARINELA,$11.670,$15.000
7503029445522,PINGUINOS SABOR FRESA 80GR,MARINELA,$17.000,$17.000
7503034283492,MINI PAY DE PIÑA 48GR,MARINELA,$10.000,$10.000
7503034283508,MINI PAY DE NUEZ 48GR,MARINELA,$10.000,$10.000
7500810002087,DONA GANSITO 85GR,MARINELA,$12.000,$12.000
7501030430155,GALLETA GANSITO 43GR,MARINELA,$8.400,$10.000
7503028965380,MARINELA SNOW BALLS DE COCO 40GR,MARINELA,$9.018,$11.000
7501030475132,MARINELA LECHE GANSITO 236ML,MARINELA,$11.620,$13.000
7503034283478,MARINELA LORS MAXI TUBO 215GR,MARINELA,$26.040,$31.000
7503031287349,NAPOLITANO 3 PZ DE 210 G,MARINELA,$22.000,$22.000
7503034673507,MARINELA PASTELITO PRINCIPE 38GR,MARINELA,$10.000,$10.000
7503032991801,DECANELAS,MARINELA,$15.000,$15.000
7503030199254,MARINELA CHOCO ROLES 120GR,MARINELA,$18.000,$18.000
7503031287370,MARINELA PRINCIPE AVELLANA MAXI TUBO 210GR,MARINELA,$25.039,$31.000
7503018544823,GANSITO GOLD 50 G,MARINELA,$12.000,$14.000
7503030374392,BARRITAS DE MORAS 67 G,MARINELA,$16.000,$16.000
7503031028638,TARTALETAS CON FRESA 116.6 G,MARINELA,$15.000,$15.000
7503030374842,MARINELA SPONCH MAXI TUBO 180GR,MARINELA,$24.890,$32.000
7501030490920,POLVORONES TUBO MAR. 250GR,MARINELA,$17.000,$17.000
7501030491057,TRIKI-TRAKES TUBO MAR. 170GR,MARINELA,$17.000,$17.000
7501030421443,MARINELA FAVORITAS LARA NUEZ 155GR,MARINELA,$14.278,$16.000
7501030421450,MARINELA FAVORITAS LARA VAINILLA 155GR,MARINELA,$14.278,$16.000
7501030418276,SNOW BALLS MARINELA 80GR,MARINELA,$15.000,$15.000
7501030418542,MARINELA CANELITAS MAXI TUBO 244GR,MARINELA,$26.039,$32.000
7501030418559,MARINELA POLVORONES MAXI TUBO 310GR,MARINELA,$24.890,$32.000
7501030418528,MARINELA TRIKI TRAKES MAXI TUBO 215GR,MARINELA,$24.890,$32.000
7501030423607,BARRITAS FRESA 48 G,MARINELA,$5.000,$5.000
7501030475743,MARINELA PINGUINOS NET 120 GR,MARINELA,$21.520,$26.000
7501030461296,SUAVICREMAS MAR. FRESA 300GR,MARINELA,$17.000,$17.000
7501030488910,MARINELA GANSITO DUO PACK 100GR,MARINELA,$20.250,$25.000
7501030430926,GALL. SPONCH 45GR,MARINELA,$5.000,$5.000
7501030452577,TRIKI TRAKES BITES MARINELA 90GR,MARINELA,$10.000,$10.000
7503032991382,MARINELA CANELITAS BITES 80GR,MARINELA,$12.604,$15.000
7501030425953,MARINELA GALLETA PINGUINO 40GR,MARINELA,$8.402,$10.000
7501030422310,PRINCIPE CACAHUATE MARINELA 105GR,MARINELA,$14.000,$15.000
7501030419037,MARINELA MINI GANSITO 24GR,MARINELA,$6.150,$8.000
7501030419099,PINGUINOS MARINELA MINI 25GR,MARINELA,$6.150,$8.000
7501030463733,MARINELA DELICIOSAS LARA VAINILLA 230GR,MARINELA,$19.440,$25.000
7501030426912,MARINELA PAY DE NUEZ 96GR,MARINELA,$19.210,$25.000
7501030426905,MARINELA PAY DE PIÑA 110GR,MARINELA,$19.210,$25.000
7501030430254,DANESAS DANES SUANDY 85GR,MARINELA,$12.000,$16.000
7501030490418,DELICIOSAS CHOCO CHISPAS LARA 80GR,MARINELA,$15.000,$16.000
7501030490463,DELICIOSAS VAINILLA LARA 75GR,MARINELA,$5.000,$12.000
7501030491071,PRINCIPE MARINELA,MARINELA,$16.000,$17.000
7501030490937,MARINELA CANELITAS 180GR,MARINELA,$16.000,$17.000
7501030431183,MARINELA SUAVICREMAS VAINILLA 102GR,MARINELA,$15.000,$16.000
7501030431206,MARINELA SUAVICREMAS CHOCOLATE 102GR,MARINELA,$15.000,$16.000
7501030431190,MARINELA SUAVICREMAS FRESA 102GR,MARINELA,$15.000,$16.000
7501000393015,POLVORONES MARINELA 37GR,MARINELA,$3.000,$5.000
7501000392490,MARINELA CANELITAS 30GR,MARINELA,$3.000,$5.000
7501000395958,TRIKI TRAKES MARINELA 34GR,MARINELA,$3.000,$5.000
7501030429029,SPONCH MARINELA CHOCOLATE 120GR,MARINELA,$11.000,$17.000
7501030431305,POLVORONES MARINELA 166.5GR,MARINELA,$10.000,$14.000
7501030427933,MINI BARRITAS FRESA 98.6GR,MARINELA,$15.570,$19.000
7501030454656,CANELITAS MARINELA 120GR,MARINELA,$10.000,$14.000
7501030452775,POLVORONES MARINELA BITES 90GR,MARINELA,$8.000,$10.000
7501030463740,MARINELA DELICIOSAS VAINILLA LARA 130GR,MARINELA,$15.560,$19.000
7501030433453,MARINELA NAPOLITANO 140GR,MARINELA,$19.210,$25.000
7501030457183,MARINELA BARRITAS PIÑA 222GR,MARINELA,$24.110,$31.000
7501030457190,MARINELABARRITAS FRESA 222GR,MARINELA,$24.890,$32.000
7501030457145,MARINELA TRIKI-TRAKES 245GR,MARINELA,$0.000,$22.000
7501030460947,MARINELA SUAVICREMAS CHOCOLATE 153GR,MARINELA,$0.000,$15.000
7501000133338,MARINELA PASTISETAS SUANDY 75GR,MARINELA,$21.838,$28.000
7501030418504,MARINELA PRINCIPE 210GR,MARINELA,$24.890,$32.000
7501030457152,MARINELA POLVORONES 345GR,MARINELA,$0.000,$22.000
7501030460923,MARINELA SUAVICREMAS FRESA 90GR,MARINELA,$0.000,$8.000
7501030457169,MARINELA CANELITAS 249GR,MARINELA,$0.000,$22.000
7501030460916,MARINELA SUAVICREMAS VAINILLA 90GR,MARINELA,$0.000,$8.000
7500810014738,MARINELA BARRITAS PIÑA 75GR,MARINELA,$13.440,$16.000
7500810014745,MARINELA BARRITAS MORAS 75GR,MARINELA,$12.440,$16.000
7500810014721,MARINELA BARRITAS FRESA 75GR,MARINELA,$12.440,$16.000
7501030461241,MARINELA SUAVICREMAS VAINILLA 50GR,MARINELA,$0.000,$6.000
7501030461227,MARINELA SUAVICREMAS CHOCOLATE 50GR,MARINELA,$0.000,$6.000
7501030461234,MARINELA SUAVICREMAS FRESA 50GR,MARINELA,$0.000,$12.000
7501000153718,MARINELA BOMBONETES 55GR,MARINELA,$9.330,$11.000
7503029151829,MARINELA PLATIVOLOS 100GR,MARINELA,$12.440,$16.000
7501030456971,MARINELA MOBI ROCKO 45GR,MARINELA,$0.000,$7.000
7501000127344,MARINELA LORS 98GR,MARINELA,$10.919,$15.000
7500810011140,MARINELA PRINCIPE CHOCOLATE BLANCO 126GR,MARINELA,$15.560,$20.000
7501000153763,MARINELA ROCKO 44GR,MARINELA,$7.780,$10.000
7500810011157,MARINELA PRINCIPE MOUSSE DE LIMON 126GR,MARINELA,$16.805,$20.000
7501000138944,MARINELA SPONCH 120 GR,MARINELA,$15.560,$21.000
7500810011126,MARINELA PRINCIPE CHOCOLATE 126 GR,MARINELA,$15.560,$19.000
7501030459217,MARINELA CANELITAS TENTACION 73GR,MARINELA,$10.000,$13.000
7501030491644,MARINELA CANELITAS 90GR,MARINELA,$16.805,$20.000
7501030490951,MARINELA POLVORONES 111GR,MARINELA,$16.700,$20.000
7501030458883,MARINELA SALADAS LARA 233GR,MARINELA,$0.000,$13.000
7501000135257,MARINELA CANAPINAS LARA 95GR,MARINELA,$0.000,$12.000
7501030490388,MARINELA CANAPINAS LARA 140GR,MARINELA,$15.962,$20.000
7501000135301,MARINELA MARIAS LARA 170GR,MARINELA,$12.440,$16.000
7501030457909,MARINELA DELICIOSAS VAINILLA 276GR,MARINELA,$0.000,$13.000
7501030463719,MARINELA DELICIOSAS CHOCO CHISPAS 230GR,MARINELA,$19.440,$25.000
7501030469964,MARINELA DELICIOSAS NAVIDAD 150GR,MARINELA,$0.000,$13.000
7501000134465,MARINELA MAGNAS LARA 200GR,MARINELA,$22.000,$24.000
7501000391004,MARINELA DECANELAS LARA 110GR,MARINELA,$0.000,$10.000
7501030444954,MARINELA ANIMALITOS CARAMELO LARA 200GR,MARINELA,$14.937,$20.000
7501030457916,MARINELA DELICIOSAS VAINILLA 156GR,MARINELA,$0.000,$12.000
7501030463726,MARINELA DELICIOSAS CHOCO CHISPAS 130 GR,MARINELA,$15.560,$20.000
7501030458005,MARINELA DELICIOSAS CHOCO CHISPAS 156GR,MARINELA,$14.875,$16.000
7501000153374,MARINELA SUBMARINO FRESA 105GR,MARINELA,$15.370,$20.000
7501000156214,MARINELA SUBMARINO CHOCOLATE 105GR,MARINELA,$15.370,$20.000
7501000153282,MARINELA SUBMARINO VAINILLA 105GR,MARINELA,$15.370,$20.000
7501000153459,MARINELA ROLLO FRESA 75GR,MARINELA,$13.830,$17.000
75002244,MARINELA NAPOLITANO 70GR,MARINELA,$0.000,$10.000
7501030458012,MARINELA DELICIOSAS CHOCO CHISPAS 96GR,MARINELA,$0.000,$10.000
7501030457923,MARINELA DELICIOSAS VAINILLA 90GR,MARINELA,$0.000,$11.000
7501000153541,MARINELA PAY DE NUEZ 70GR,MARINELA,$0.000,$15.000
7501000153503,MARINELA PAY DE PIÑA 85GR,MARINELA,$0.000,$15.000
7501030475200,MARINELA MINI GANSITO 25GR,MARINELA,$0.000,$7.000
7501030419020,MARINELA MINI CHOCOROLES 28GR,MARINELA,$6.150,$8.000
7501000153800,MARINELA PINGUINOS CHOCOLATE 80GR,MARINELA,$16.910,$20.000
7501000153107,MARINELA GANSITO 50GR,MARINELA,$12.300,$15.000
75002275,MARINELA CHOCO ROLES PIÑA 100GR,MARINELA,$16.910,$21.000
7501030461173,MARINELA CHOCO ROLES MORA 100GR,MARINELA,$15.000,$15.000
7503040150085,LINK BLANCO 20PZ,MARLBORO PHILIP MORRIS,$0.000,$32.000
75006372,MARLBORO FOREST FUSION 20'S,MARLBORO PHILIP MORRIS,$0.000,$73.000
7503040150115,LINK RED 20PZ,MARLBORO PHILIP MORRIS,$22.500,$30.000
75005481,L & M 25'S,MARLBORO PHILIP MORRIS,$0.000,$52.000
7503023959384,LD AMERICAN BLEND RED,MARLBORO PHILIP MORRIS,$0.000,$52.000
75069506,CHESTERFIELD ORIGINAL REMIX 20'S,MARLBORO PHILIP MORRIS,$0.000,$70.000
75004392,CIGARROS FAROS 20S,MARLBORO PHILIP MORRIS,$32.000,$50.000
75004385,CIGARROS FAROS 14´S,MARLBORO PHILIP MORRIS,$21.000,$36.000
75006280,CIGARROS FAROS 25,MARLBORO PHILIP MORRIS,$39.996,$56.000
75001384,MARLBORO ARTIC FUSION 20´S,MARLBORO PHILIP MORRIS,$60.957,$78.000
75019006,MARLBORO CARIBBEAN FUSION 100´S 20,MARLBORO PHILIP MORRIS,$72.000,$78.000
75044916,MARLBORO  KRETEK MINT 20 PZAS,MARLBORO PHILIP MORRIS,$64.028,$87.000
75001360,MARLBORO VISTA GARDEN FUSION 20,MARLBORO PHILIP MORRIS,$56.528,$78.000
75074746,MARLBORO VISTA BLOSSOM MIST 20,MARLBORO PHILIP MORRIS,$70.000,$78.000
75068769,MARLBORO FUSION VELVET 20,MARLBORO PHILIP MORRIS,$75.000,$85.000
75068776,BENSON&HEDGES GOLD 20S,MARLBORO PHILIP MORRIS,$78.000,$87.000
00005,CIGARRO PZA NO,MARLBORO PHILIP MORRIS,$5.000,$7.000
75068783,MARLBORO DOUBLE FUSION RUBY 100´S 20´S,MARLBORO PHILIP MORRIS,$52.983,$85.000
75066345,MARLBORO FUSION SUMMER 100'S 20'S,MARLBORO PHILIP MORRIS,$72.000,$78.000
75001339,MARLBORO ROJO 14´S,MARLBORO PHILIP MORRIS,$54.000,$64.000
75062736,MARLBORO FUSION SHINE 20`S,MARLBORO PHILIP MORRIS,$0.000,$63.000
75016777,BENSON&HEDGES MENTHOL PEARL 20S,MARLBORO PHILIP MORRIS,$78.000,$87.000
75056308,BENSON&HEDGES CRYSTAL VIOLET 20,MARLBORO PHILIP MORRIS,$680.000,$72.000
75059514,BENSON&HEDGES CRYSTAL BLUE 20,MARLBORO PHILIP MORRIS,$0.000,$72.000
75001476,DELICADOS SIN FILTRO 18,MARLBORO PHILIP MORRIS,$0.000,$70.000
75031053,MARLBORO MEGA ICE EXPRESS 100 20,MARLBORO PHILIP MORRIS,$73.000,$85.000
75056001,MARLBORO DOUBLE FUSION AMBER 100 20,MARLBORO PHILIP MORRIS,$0.000,$63.000
75030728,MARLBORO DOUBLE FUSION VELVET 100 20,MARLBORO PHILIP MORRIS,$0.000,$85.000
75068738,MARLBORO GOLD 20,MARLBORO PHILIP MORRIS,$73.643,$85.000
75021597,MARLBORO ROJO 100 20,MARLBORO PHILIP MORRIS,$78.000,$85.000
75001322,MARLBORO ROJO 20,MARLBORO PHILIP MORRIS,$82.109,$85.000
759684391156,PALOMA POMADA PARA LABIOS PIÑA 3 GR,MEDICAMENTOS,$0.000,$5.000
759684391057,PALOMA POMADA PARA LABIOS CEREZA 3 GR,MEDICAMENTOS,$0.000,$5.000
759684391101,PALOMA POMADA PARA LABIOS MANZANA 3 GR,MEDICAMENTOS,$0.000,$5.000
759684391200,PALOMA POMADA PARA LABIOS VIOLETA 3 GR,MEDICAMENTOS,$0.000,$5.000
7503000720051,LOURDES ALCOHOL 96° 500ML,MEDICAMENTOS,$0.000,$30.000
7502269740060,ACETONA 50ML,MEDICAMENTOS,$0.000,$10.000
7502019100014,VIOLETA DE GENCIANA 20ML,MEDICAMENTOS,$0.000,$10.000
7502019100038,MERTHOR-LAMSE 20ML,MEDICAMENTOS,$0.000,$10.000
750201910045,YODO TINTURA SOLUCION ANTICEPTICA 20ML,MEDICAMENTOS,$0.000,$10.000
0736372545961,OMEPRAZOL CÁPSULA PZA,MEDICAMENTOS,$2.514,$5.000
0736372545978,PARACETAMOL PZA,MEDICAMENTOS,$1.700,$4.000
650240006751,BIO ELECTRO PZ,MEDICAMENTOS,$3.979,$7.000
7501065628121,POMADA DE LA CAMPANA 19G,MEDICAMENTOS,$0.000,$15.000
013117001709,FIORE NOCHE,MEDICAMENTOS,$0.000,$20.000
7501298215099,SEDALMERCK MAX  ROJA  DE PAR,MEDICAMENTOS,$7.917,$14.000
7501070612368,TREDA PZ,MEDICAMENTOS,$0.000,$10.000
010204,KETOROLAKO PZ,MEDICAMENTOS,$0.000,$10.000
010203,PARACETAMOL PZ,MEDICAMENTOS,$2.000,$10.000
7501065000835,THERAFLU SOBRE,MEDICAMENTOS,$18.333,$24.000
7501065060891,PASTILLAS CONTAC ULTRA PAR,MEDICAMENTOS,$10.833,$15.000
7501842900099,IBUPROFENO 400 G.,MEDICAMENTOS,$1.750,$3.000
7501287630926,TERRAMICINA CAPSULA PZA,MEDICAMENTOS,$0.000,$10.000
650240036187,KAOPECTATE 1PZ,MEDICAMENTOS,$5.850,$10.000
650240036729,GENOPRAZOL PZ 20 MG,MEDICAMENTOS,$9.570,$6.000
650240013805,ALLIVIAX,MEDICAMENTOS,$8.950,$12.000
650240053634,ALLI-TRIPLE PZ,MEDICAMENTOS,$14.800,$16.000
7590002036457,VICK PYRENA,MEDICAMENTOS,$0.000,$18.000
7502214982422,CONDON PRUDENCE CLÁSICO PZA,MEDICAMENTOS,$0.000,$10.000
75062583,ALKA SELTZER BOOST,MEDICAMENTOS,$7.000,$7.000
7503000720037,LOURDES ALCOHOL 250 ML,MEDICAMENTOS,$18.000,$18.000
7501020680478,AGUA OXIGENADA ZUUM 185ML,MEDICAMENTOS,$25.000,$25.000
650240019180,P. DE LA CAMPANA N. AROMA 35GR,MEDICAMENTOS,$18.000,$18.000
65106521036,KAOPECTATE PZ SUELTA,MEDICAMENTOS,$2.000,$2.000
650240036415,GENOPRAZOL PZ SUELTA,MEDICAMENTOS,$5.000,$5.000
23652632,ALLIVIAX PZ SUELTA,MEDICAMENTOS,$6.500,$10.000
214230123145,BIOLECTRO PZ,MEDICAMENTOS,$20.000,$20.000
650240052545,XL-3  RESFRIADO COMUN POR PIEZA,MEDICAMENTOS,$3.000,$7.000
32632032,XL-3  PZ,MEDICAMENTOS,$3.333,$5.000
650240017100,XL-3 VR PZ SUELTA,MEDICAMENTOS,$4.438,$10.000
7501095452505,TEMPRA FORTE CONTRA EL DOLOR 650 MG,MEDICAMENTOS,$4.000,$4.000
7501095452147,TEMPRA PARACETAMOL CONTRA DOLOR Y FIEBRE 500 MG,MEDICAMENTOS,$4.000,$4.000
7501008443026,ALKA SELTZER TABLETA EFERVECENTE,MEDICAMENTOS,$5.000,$5.000
7501041941930,SAL DE UVAS PICOT  SOBRE DE 5 G,MEDICAMENTOS,$2.971,$4.000
650240017094,XL-3 XTRA  GRIPE  Y TOS EL PAR,MEDICAMENTOS,$8.917,$16.000
7501008496152,ASPIRINA TABLETA DE 500MG,MEDICAMENTOS,$0.850,$2.000
7501008433515,CAFIASPIRINA TABLETA  DE 500 MG,MEDICAMENTOS,$1.265,$2.000
7501058715913,PICOT PLUS SOBRE CON 5.5 G,MEDICAMENTOS,$4.000,$4.000
7501008497340,FLANAX DE 550 MG,MEDICAMENTOS,$16.000,$20.000
7501001258030,PEPTO BISMOL  24 TABLETAS,MEDICAMENTOS,$4.000,$4.000
7502276040368,DESENFRIOL-D 500MG,MEDICAMENTOS,$1.787,$4.000
650240010538,NEXT PZA,MEDICAMENTOS,$2.750,$5.000
75062576,ALKA SELTZER PAR,MEDICAMENTOS,$4.768,$7.000
650240017117,XL-3 ANTIGRIPAL 1 PZA,MEDICAMENTOS,$4.000,$6.000
7501058367129,CONDONES SICO SAFETY FEEL,MEDICAMENTOS,$0.000,$43.000
7506022312440,BANDITAS ADHESIVAS PARA NINOS SKINPROT,MEDICAMENTOS,$0.000,$15.000
199,NEOMICINA CAOLIN Y PECTINA PZA,MEDICAMENTOS,$0.000,$5.000
7501008485057,TABCIN ACTIVE 1 PAR,MEDICAMENTOS,$10.000,$14.000
7501008499306,TABCIN NOCHE 1 PAR,MEDICAMENTOS,$10.000,$15.000
195,FLANAX 550MG PZA,MEDICAMENTOS,$0.000,$20.000
7501065060600,CONTAC ULTRA 500MG PZA,MEDICAMENTOS,$0.000,$8.000
7500435181402,SEDALMERCK AMARILLA,MEDICAMENTOS,$2.500,$7.000
193,BUSCAPINA 10MG PZA,MEDICAMENTOS,$0.000,$9.500
192,NEOMELUBRINA PZA 500MG,MEDICAMENTOS,$0.000,$2.000
07050,ALKA SELTZER EFERVECENTE PZA,MEDICAMENTOS,$0.000,$5.000
7501001155209,PEPTO BISMOL PZA 262MG,MEDICAMENTOS,$2.500,$5.000
75916565,VICK VAPORUB 12GR,MEDICAMENTOS,$0.000,$0.000
189,AGRIFEN ANTIGRIPAL PZA 500MG,MEDICAMENTOS,$0.000,$0.000
188,AMPICILINA 500MG PZA,MEDICAMENTOS,$0.000,$5.000
7501287630926,TERRAMICINA 500MG PZA CAPSULA,MEDICAMENTOS,$0.000,$15.000
186,TERRAMICINA 125MG PZA PASTILLA,MEDICAMENTOS,$0.000,$10.000
185,TARMIN LOPERAMIDA PZA 2 MG,MEDICAMENTOS,$0.000,$4.000
7501007532363,DRAMAMINE PZA 50MG,MEDICAMENTOS,$0.000,$44.000
7501573900047,BIXEN NAPROXENO SODICO 550MG,MEDICAMENTOS,$0.000,$44.000
7502276040405,DESENFRIOLITO PLUS PZA 80MG,MEDICAMENTOS,$2.041,$4.000
7707331801599,CURITA PZA,MEDICAMENTOS,$0.480,$1.000
181,TABCIN EFERVECENTE 500MG 1 PAR,MEDICAMENTOS,$0.000,$12.000
07051,ASPIRINA EFERVECENTE 500MG 1 PAR.,MEDICAMENTOS,$0.000,$5.000
7506351811126,400 CONEJOS MEZCAL ARTESANAL REPOSADO 750ML,MEZCAL,$0.000,$665.000
7506351811010,400 CONEJOS MEZCAL ARTESANAL JOVEN 750ML,MEZCAL,$0.000,$546.000
7501021500010,MEZCAL GUSANO ROJO 500ML,MEZCAL,$200.000,$245.000
7501021510057,MEZCAL GUSANO ROJO 750ML,MEZCAL,$300.000,$325.000
7501072209887,FELIX CON CORDERO 85 GR,"MININO, WHISKAS Y CAT CHOW",$0.000,$14.000
7501072209832,FELIX SOBRE CON SARDINA 85GR,"MININO, WHISKAS Y CAT CHOW",$0.000,$13.000
050000290543,FELIX LATA FILETES DE SALMON EN SALSA 156GR,"MININO, WHISKAS Y CAT CHOW",$0.000,$25.000
050000290598,FELIX LATA PATE PESCADO Y ATUN 156GR,"MININO, WHISKAS Y CAT CHOW",$0.000,$25.000
050000290666,FELIX LATA FILETES PAVO TROCITOS QUESO EN SALSA 156GR,"MININO, WHISKAS Y CAT CHOW",$0.000,$25.000
050000290482,FELIX LATA PATE SALMON 156GR,"MININO, WHISKAS Y CAT CHOW",$0.000,$25.000
7503004711024,ECONO LITTTER ARENA PARA GATOS 4KG,"MININO, WHISKAS Y CAT CHOW",$0.000,$35.000
7501072209849,FELIX SOBRE SALMON 85GR,"MININO, WHISKAS Y CAT CHOW",$0.000,$27.000
7506174514822,WHISKAS  RES 85GR ESTERILIZADOS,"MININO, WHISKAS Y CAT CHOW",$6.935,$13.000
7506174504366,WHISKAS  RES 85GR,"MININO, WHISKAS Y CAT CHOW",$6.935,$13.000
7506174514815,WHISKAS  ATUN 85G ESTERILIZADOS,"MININO, WHISKAS Y CAT CHOW",$6.936,$13.000
02098,CAT CHOW A GRANEL,"MININO, WHISKAS Y CAT CHOW",$43.250,$60.000
7501072209801,PURINA POUCH FELIX  SOBRE 85GR,"MININO, WHISKAS Y CAT CHOW",$0.000,$13.000
7502281120949,SOBRE MININO PLUS CARNITAS DE ATUN 85GR,"MININO, WHISKAS Y CAT CHOW",$12.000,$12.000
706460000658,WHISKAS FILETE DE POLLO 85 G,"MININO, WHISKAS Y CAT CHOW",$9.690,$13.000
706460000689,WHISKAS SOBRE FILETE DE RES DE 85 G,"MININO, WHISKAS Y CAT CHOW",$9.690,$13.000
02068,WHISKAS POR KG,"MININO, WHISKAS Y CAT CHOW",$42.750,$55.000
02069,ALIM. MININO KG,"MININO, WHISKAS Y CAT CHOW",$36.906,$49.000
7506174504380,WHISKAS SOBRE SOUFFLE PAVO Y POLLO 85GR,"MININO, WHISKAS Y CAT CHOW",$9.690,$13.000
706460000665,WHISKAS SOBRE FILLETS ATUN 85GR,"MININO, WHISKAS Y CAT CHOW",$9.690,$13.000
706460750010,WHISKAS LATA PATE ATUN 156GR,"MININO, WHISKAS Y CAT CHOW",$0.000,$13.000
23100335476,WHISKAS LATA FILLETS RES 156GR,"MININO, WHISKAS Y CAT CHOW",$0.000,$20.000
706460000634,WHISKAS LATA FILLETS SALMON 156GR,"MININO, WHISKAS Y CAT CHOW",$0.000,$20.000
706460000672,WHISKAS SOBRE FILLETS PAVO 85GR,"MININO, WHISKAS Y CAT CHOW",$9.690,$13.000
706460000702,WHISKAS SOBRE FILLETS PESCADO BLANCO 85GR,"MININO, WHISKAS Y CAT CHOW",$9.690,$13.000
706460000740,WHISKAS SOBRE  FILLETS PARRILLADA MIXTA 85GR,"MININO, WHISKAS Y CAT CHOW",$9.690,$13.000
706460000641,WHISKAS SOBRE FILLETS SALMON 85GR,"MININO, WHISKAS Y CAT CHOW",$9.690,$13.000
7506475116916,NESTLE FRESCAS BARBIE 32GR,NESTLE CEREALES,$0.000,$16.000
7501059239036,NESTLE CRUNCH CRISP 50GR,NESTLE CEREALES,$0.000,$16.000
7506475100250,NESTLE CARNATION CLAVEL 339ML,NESTLE CEREALES,$0.000,$26.000
7506475116862,NESTLE NESQUIK SABOR A BROWNIE 200GR,NESTLE CEREALES,$0.000,$30.000
7501058637734,NESTLE CHEERIOS MIEL 230 GR,NESTLE CEREALES,$0.000,$38.000
7501058637758,NESTLE COOKIE CRISP 220GR,NESTLE CEREALES,$0.000,$38.000
7501001625337,NESQUIK DE NESTLE 230 G,NESTLE CEREALES,$27.000,$27.000
7501058633378,CEREAL NESQUIK NEST. 690GR,NESTLE CEREALES,$68.000,$68.000
7501058630179,FITNESS CEREAL BAR CHOCOLATE 23.5GR,NESTLE CEREALES,$5.000,$7.000
7501058630216,NESQUIK CEREAL BAR 25GR,NESTLE CEREALES,$5.000,$7.000
7506174514525,ALIMENTO PARA PERRO CHAMP 500 GR,PAL PERRO Y PAL GATO,$15.000,$25.000
56982469,DOG CHOW CACHORROS MINIS Y PEQUEÑOS A GRANEL,PAL PERRO Y PAL GATO,$0.000,$60.000
5151512,ALIMENTO PAL PERRO KG,PAL PERRO Y PAL GATO,$25.000,$35.000
152544102485,PALL PERRO 25 K,PAL PERRO Y PAL GATO,$24.000,$32.000
75082239,MONTANA CON FILTRO 25'S,PALL MALL BRITISH AMERICAN TOBACCO,$0.000,$40.000
7503023959506,CALMEL ACTIVA MAX DOUBLE 20PZ,PALL MALL BRITISH AMERICAN TOBACCO,$67.160,$80.000
75070090,PALL MALL MIX PACK,PALL MALL BRITISH AMERICAN TOBACCO,$0.000,$75.000
75080709,MONTANA  CON FILTRO 20'S,PALL MALL BRITISH AMERICAN TOBACCO,$22.818,$35.000
75079017,PALL MALL BORABORA 20´S,PALL MALL BRITISH AMERICAN TOBACCO,$60.178,$75.000
75080518,PALL MALL OSAKA 20,PALL MALL BRITISH AMERICAN TOBACCO,$0.000,$73.000
75080501,PALL MALL ARUBA 20,PALL MALL BRITISH AMERICAN TOBACCO,$0.000,$55.000
7532252634212,LINK ICE FUSION 20,PALL MALL BRITISH AMERICAN TOBACCO,$19.000,$35.000
75074227,LUCKY STRIKE COMET 20,PALL MALL BRITISH AMERICAN TOBACCO,$0.000,$66.000
66,LUCKY STRIKE COMET 20,PALL MALL BRITISH AMERICAN TOBACCO,$0.000,$66.000
75080495,PALL MALL ICELAND 20,PALL MALL BRITISH AMERICAN TOBACCO,$0.000,$55.000
7502273850915,CLIPPER PAPEL DE LIAR 1 1/4 50 HOJAS,PALL MALL BRITISH AMERICAN TOBACCO,$0.000,$25.000
75019587,CHESTERFIELD 15,PALL MALL BRITISH AMERICAN TOBACCO,$34.028,$54.000
75063801,CHESTERFIELD ICE MIX 20,PALL MALL BRITISH AMERICAN TOBACCO,$50.115,$65.000
75078843,SHOTS REGULARES 25´S,PALL MALL BRITISH AMERICAN TOBACCO,$36.760,$50.000
58965353,CIGARRO SUELTO MONTANA PZA,PALL MALL BRITISH AMERICAN TOBACCO,$0.000,$5.000
75076429,PALL MALL HAWAII 20s,PALL MALL BRITISH AMERICAN TOBACCO,$68.560,$73.000
75076412,PALL MALL LONDON TWILIGHT,PALL MALL BRITISH AMERICAN TOBACCO,$63.509,$73.000
7502252634116,LINK ROJO ORIGINAL 20 PZAS,PALL MALL BRITISH AMERICAN TOBACCO,$17.500,$30.000
75074944,PALL MALL RIO SUNSET 20s,PALL MALL BRITISH AMERICAN TOBACCO,$62.585,$75.000
1541541,CIGARRO SHOTS PZ,PALL MALL BRITISH AMERICAN TOBACCO,$4.000,$4.000
75076405,SHOTS REGULARES 14´S,PALL MALL BRITISH AMERICAN TOBACCO,$28.000,$32.000
75076740,SHOTS REGULARES 20´S,PALL MALL BRITISH AMERICAN TOBACCO,$39.000,$45.000
1521515215,CIGARRO SUELTO LINK,PALL MALL BRITISH AMERICAN TOBACCO,$5.000,$5.000
154152052,CIGARRO SUELTO DE PALL MALL,PALL MALL BRITISH AMERICAN TOBACCO,$7.000,$7.000
75074081,PALL MALL CLASSICS 14 PZAS,PALL MALL BRITISH AMERICAN TOBACCO,$28.000,$33.000
75071295,PALL MALL ALASKA DUSK 20 CIGARROS,PALL MALL BRITISH AMERICAN TOBACCO,$72.000,$78.000
75064648,PALL MALL MYKONOS 20`S,PALL MALL BRITISH AMERICAN TOBACCO,$73.000,$78.000
7502252634215,LINK AZUL MENTOLADO 20,PALL MALL BRITISH AMERICAN TOBACCO,$20.000,$28.000
75068363,PALL MALL NEW YORK MOONRISE 20´S,PALL MALL BRITISH AMERICAN TOBACCO,$68.560,$73.000
75052836,PALL MALL TOKYO MIDNIGHT 20´S,PALL MALL BRITISH AMERICAN TOBACCO,$68.000,$78.000
75064754,MONTANA SHOTS 25´S,PALL MALL BRITISH AMERICAN TOBACCO,$58.330,$72.000
038000847615,PRINGLES CHILE Y LIMON 40GR,PALL MALL BRITISH AMERICAN TOBACCO,$0.000,$22.000
75046521,LUCKY STRIKE SIN FILTRO ADDITIVE FREE 20,PALL MALL BRITISH AMERICAN TOBACCO,$0.000,$50.000
75051785,LUCKY STRIKE CLICK 4 MIX 20,PALL MALL BRITISH AMERICAN TOBACCO,$0.000,$57.000
75057732,LUCKY STRIKE CON VERTIBLES 20,PALL MALL BRITISH AMERICAN TOBACCO,$0.000,$57.000
75079956,LUCKY STRIKE ORIGINAL 20,PALL MALL BRITISH AMERICAN TOBACCO,$56.420,$54.000
75050047,PALLMALL IBIZA SUNSET 20,PALL MALL BRITISH AMERICAN TOBACCO,$0.000,$49.000
75034665,PALLMALL FRESH 20,PALL MALL BRITISH AMERICAN TOBACCO,$0.000,$49.000
8346917,PALLMALL/XL PREMIUM AMERICAN BLEND 20,PALL MALL BRITISH AMERICAN TOBACCO,$0.000,$49.000
75027667,PALLMALL MENTHOL 20,PALL MALL BRITISH AMERICAN TOBACCO,$0.000,$49.000
75061654,PALLMALL/XL ARUBA SUNRISE 20,PALL MALL BRITISH AMERICAN TOBACCO,$0.000,$49.000
75027766,PALLMALL XL SWITCH 20,PALL MALL BRITISH AMERICAN TOBACCO,$0.000,$49.000
75064747,MONTANA SHOTS 15´S,PALL MALL BRITISH AMERICAN TOBACCO,$42.941,$63.000
75066413,CHESTERFIELD 25,PALL MALL BRITISH AMERICAN TOBACCO,$54.653,$78.000
75063900,CHESTERFIELD 20,PALL MALL BRITISH AMERICAN TOBACCO,$0.000,$44.000
75067823,CHESTERFIELD 15,PALL MALL BRITISH AMERICAN TOBACCO,$45.411,$50.000
7406234003863,WAFER GALLETA SABOR VAINILLA 14GR,PAN GENERAL,$0.000,$4.000
7406234003887,WAFER GALLETA SABOR CHOCOLATE 14GR,PAN GENERAL,$0.000,$4.000
7406234003870,WAFER GALLETA SABOR FRESA 14GR,PAN GENERAL,$0.000,$4.000
228484847,ENJAMBRE CHOCOLATE OBSCURO 3PZ 90GR,PAN GENERAL,$12.000,$18.000
63729293737,ENJAMBRE CHOCOLATE 3PZ 90G,PAN GENERAL,$12.000,$18.000
6371917637429,BIMBO LA BOLSITA EL ORIGINAL PAN DULCE PZ,PAN GENERAL,$14.000,$20.000
7861091132673,AERO MILKY 25GR,PAN GENERAL,$0.000,$11.000
7861091132697,AERO INTENSE 25GR,PAN GENERAL,$0.000,$13.000
7501030437383,THINS MULTIGRANO 127.5GR,PAN GENERAL,$0.000,$0.000
7503020501678,SOL PAPAS ADOBADA 500GR,PAPAS SOL,$0.000,$92.000
7503007176332,SOL PAPAS EXTREMA 500GR,PAPAS SOL,$0.000,$92.000
7503020501630,SOL PAPAS ORIGINAL 500GR,PAPAS SOL,$0.000,$92.000
7503007176387,SOL TUBISURTIDA 185GR,PAPAS SOL,$0.000,$21.000
7503022458581,SOL TUBIJAPONES 160GR,PAPAS SOL,$0.000,$13.000
7503022458505,PAPAS SOL CHIPOTLE 100GR,PAPAS SOL,$16.077,$18.000
7503022458512,PAPAS SOL LIMON 100G,PAPAS SOL,$14.352,$18.000
7503022458741,PAPAS SOL JALAPEÑO 100 G,PAPAS SOL,$14.300,$18.000
212421445,PAPAS SOL CHILE Y LIMON,PAPAS SOL,$14.000,$18.000
7503020501661,PAPAS SOL ADOBADAS 100 G,PAPAS SOL,$14.500,$18.000
7503022458758,PAPAS SOL HABANERO 100G,PAPAS SOL,$14.300,$18.000
7503022458734,PAPAS SOL EXTREMA 100GR,PAPAS SOL,$14.300,$18.000
7503020501623,PAPAS SOL NATURAL 100GR,PAPAS SOL,$13.913,$18.000
7503020501708,RIFADITAS SOL QUESO 100GR,PAPAS SOL,$14.333,$18.000
076607820471,CINTA TRASPARENTE DE 48 M,PAPELERIA,$0.000,$15.000
SB01,HIGH SENSITIVITY MOUSE INALAMBRICO,PAPELERIA,$0.000,$100.000
7501428700419,SIGNAL MARCADOR PUNTO FINO PZA,PAPELERIA,$0.000,$15.000
02120231251,MARCA TEXTOS AMARILLO,PAPELERIA,$0.000,$14.000
105641521,USB BASICA,PAPELERIA,$0.000,$100.000
760557828013,TRANSCEND 64 GB,PAPELERIA,$0.000,$185.000
740617309829,DATA TRAVELER EXODIA 64 GB,PAPELERIA,$0.000,$179.000
071662040369,CRAYOLA LAPICES DE COLOR 36 PZ,PAPELERIA,$0.000,$36.000
015261251,PILAS CUADRADAS AMAZON,PAPELERIA,$0.000,$40.000
10514521052,PLUMA X PZ,PAPELERIA,$5.000,$5.000
7501853927122,SACAPUNTAS DUO VENTA X PZ,PAPELERIA,$5.000,$5.000
7506193790115,LAPICES DE GRAFITO CON GOMA VENTA X PZ,PAPELERIA,$4.000,$4.000
7501015213216,GOMA PELIKAN WS 60 1 PZ,PAPELERIA,$4.000,$4.000
0515202306,SACAPUNTAS X PZ,PAPELERIA,$2.000,$2.000
14110521052615,CABEZA DE CARGADOR ECONOMICA,PAPELERIA,$50.000,$50.000
541502845,HULE CRISTAL,PAPELERIA,$20.000,$20.000
6989532512172,AUDIFONOS B39 PARA MP 3,PAPELERIA,$493.000,$493.000
7501214909989,CORTADOR DELTA 1 PZ,PAPELERIA,$13.000,$13.000
7501147417438,DIXON RESISTOL 30 G,PAPELERIA,$13.000,$13.000
7501199420110,RESISTOL850 35 G,PAPELERIA,$14.000,$14.000
7501199416540,BULLY RESILTOL 35 G,PAPELERIA,$12.000,$12.000
7206715155,LAPIZ ADHESIVO 36 G,PAPELERIA,$22.000,$22.000
7501428728253,BOLIGRAFO BALLPOINT 3 PZ,PAPELERIA,$20.000,$20.000
7501147410934,BICOLOR DIXON 3 PZ,PAPELERIA,$21.000,$21.000
7501030606093,ESTERBROOK COLOR AZUL 1PZ,PAPELERIA,$27.000,$27.000
7501030606116,ESTERBROOK COLOR NEGRO 1 PZ,PAPELERIA,$44.000,$44.000
7501030606109,ESTERBROOK EN COLOR ROJO 1 PZ,PAPELERIA,$27.000,$27.000
7897476637181,LAPICES CARS 4 PZ,PAPELERIA,$11.000,$11.000
7501015210918,PELIKAN PLUMAS DE COLORES 3 PZ,PAPELERIA,$22.000,$22.000
070330199057,PLUMA BIC DE CRISTAL 3 PZ,PAPELERIA,$16.000,$16.000
7502283712524,SACAPUNTAS MENDOZA 1 PZ,PAPELERIA,$29.000,$29.000
7502283711787,CORTADOR ALMA DE METAL GRANDE 1 PZ,PAPELERIA,$50.000,$50.000
7501015201107,GOMA PELIKAN 2 PZ,PAPELERIA,$15.000,$15.000
072067333063,LAPIZ PREESCOLAR TICONDEROGA 2 PZ,PAPELERIA,$23.000,$23.000
7501147419159,LAPIZ PARA ESCRITURA METRICO 5 PZ,PAPELERIA,$26.000,$26.000
7501428728550,BOLIGRAFO FINO TINTA ROJA 2 PZ,PAPELERIA,$14.000,$14.000
070330130197,BOLIGRAFO DIAMANTE FINO BIC 3 PZ,PAPELERIA,$18.000,$18.000
7501428728260,BOLIGRAFO FINO 0.7MM PUNTO DE AGUJA 3 PZ,PAPELERIA,$20.000,$20.000
14744a,AUDIFONO INTERNO DEPORTIVO,PAPELERIA,$70.000,$70.000
28030001091166000000,AUDIFONO DEPORTIVO HIFI,PAPELERIA,$220.000,$220.000
202010,AUDIFONOS GAME SPORTS TWS-X15,PAPELERIA,$295.000,$295.000
gd00263bk,AUDIFONO LENOVO BLUETOOTH 3.5MM NEGRO,PAPELERIA,$235.000,$235.000
gd00267bk,AUDIFONO LENOVO BLUETOOTH 3.5MM BLANCO,PAPELERIA,$235.000,$235.000
98859096274730,AUDIFONO TRANSHINE 3.5MM AMARILLO,PAPELERIA,$50.000,$50.000
2162878,AUDIFONO WJHH 3.5MM ROJO,PAPELERIA,$57.000,$57.000
2162877,AUDIFONO WJHH 3.5MM AZUL,PAPELERIA,$57.000,$57.000
2162876,AUDIFONO WJHH 3.5MM BLANCO,PAPELERIA,$57.000,$57.000
1985330,AUDIFONO POWERFUL BASS 3.5MM NEGRO,PAPELERIA,$57.000,$57.000
X001W1XMUH,MAXBOOST SOPORTE CELULAR AUTO PZA,PAPELERIA,$99.000,$99.000
023132056,CHIP UNEFON,PAPELERIA,$100.000,$100.000
7501072209870,PURINA FELIX CON POLLO 85GR,PEDIGREE,$0.000,$14.000
7506174515218,PEDIGREE BISCROK MULTI-ADULTO 100 GR,PEDIGREE,$0.000,$15.000
7501072211934,PURINA GATINA POLLO JARDINERA KG,PEDIGREE,$0.000,$55.000
7506174504373,WHISKAS ATUN Y SARDINA 85GR,PEDIGREE,$6.935,$13.000
7506174506995,PEDIGREE POUCH RAZAS PEQUEÑAS CORDERO EN FILETE 100GR,PEDIGREE,$6.935,$13.000
706460249484,PEDIGREE RAZAS PEQUEÑAS RES EN FILTE 100 GR,PEDIGREE,$9.770,$12.000
706460235586,SOBRE PEDIGREE POLLO 150GR,PEDIGREE,$12.000,$12.000
7506174510732,SOBRE PEDIGREE CORDERO EN FILETES 100GR,PEDIGREE,$9.333,$13.000
21562148102,PEDIGREE CACHORRO BULTO 20 KL,PEDIGREE,$42.000,$45.000
122414026,PEDIGREE ADULTO BULTO,PEDIGREE,$38.500,$54.000
706460249279,PEDIGREE ADULTO RES EN FILETE 100G,PEDIGREE,$9.330,$13.000
706460249361,PEDIGREE POUCH CACHORRO POLLO EN FILETE 100 GR,PEDIGREE,$9.333,$13.000
706460235968,PEDIGREE ADULTO LATA POLLO CARNE MOLIDA 375GR,PEDIGREE,$0.000,$23.000
706460236224,PEDIGREE ADULTO LATA POLLO CARNE MOLIDA 625GR,PEDIGREE,$0.000,$38.000
706460249231,PEDIGREE POUCH ADULTO POLLO EN FILETES 100 GR,PEDIGREE,$9.770,$13.000
706460249316,PEDIGREE SOBRE CACHORRO RES EN FILETES 100GR,PEDIGREE,$9.330,$13.000
706460249286,PEDIGREE SOBRE RAZAS PEQUEÑAS POLLO EN FILETES 100GR,PEDIGREE,$10.000,$13.000
706460235821,PEDIGREE LATA 625GR ADULTO RES EN FILETES,PEDIGREE,$0.000,$38.000
706460236125,PEDIGREE LATA 375GR ADULTO RES EN FILETES,PEDIGREE,$0.000,$23.000
7501073839328,PEÑAFIEL MANZANITA SIN AZUCAR 600ML,PEÑAFIEL,$0.000,$18.000
7501073839304,PEÑAFIEL FRESA SIN AZUCAR 600ML,PEÑAFIEL,$0.000,$18.000
7501073841543,PEÑAFIEL FRESADA 355 ML,PEÑAFIEL,$0.000,$11.000
7501198355819,RC COLA 237ML,PEÑAFIEL,$0.000,$5.000
7501073836730,PEÑAFIEL AGUAFIEL NATURAL 1LT,PEÑAFIEL,$0.000,$13.000
7501073800113,PEÑAFIEL AGUAFIEL NATURAL 1.5LT,PEÑAFIEL,$0.000,$16.000
7501198355536,DR PEPPER & COLA LATA 355ML,PEÑAFIEL,$13.660,$17.000
7501073840355,PEÑAFIEL NARANJADA SIN CALORIAS 600 ML,PEÑAFIEL,$0.000,$18.000
7501073845015,PEÑAFIEL SCHWEPPES AGUA MINERAL 600ML,PEÑAFIEL,$0.000,$18.000
7501198355949,ORANGE CRUSH REFRESCO DE NARANJA  RET. 355ML,PEÑAFIEL,$0.000,$18.000
7501073839762,PEÑAFIEL MANDARINA SIN AZÚCAR 600 ML,PEÑAFIEL,$0.000,$18.000
7501073845534,PEÑAFIEL MANZANA ROJA 2L,PEÑAFIEL,$21.120,$30.000
7501073845947,SCHWEPPES GINGER ALE LIMONADA 600 ML,PEÑAFIEL,$15.375,$20.000
7501198355178,PEÑAFIEL DR PEPPER DARK BERRY 600ML,PEÑAFIEL,$14.542,$18.000
7501198355932,DR PEPPER 355 ML,PEÑAFIEL,$0.000,$16.000
7501073841178,PEÑAFIEL TORONJADA  SIN CALORIAS 600ML,PEÑAFIEL,$0.000,$18.000
7501073840331,PEÑAFIEL LIMONADA SIN CALORIAS 600ML,PEÑAFIEL,$0.000,$18.000
7501073845794,SCHWEPPES GIN Y TONIC PINK 355ML,PEÑAFIEL,$0.000,$17.000
7501073845824,SCHWEPPES PALOMA 355ML,PEÑAFIEL,$0.000,$17.000
7501198355895,CRUSH MANZANA 2 LT,PEÑAFIEL,$14.500,$17.000
7501198355888,CRUSH LIMA LIMÓN 2 LT,PEÑAFIEL,$14.500,$17.000
7501198353099,CRUSH MANDARINA 2 LT,PEÑAFIEL,$14.500,$17.000
7501198355901,CRUSH PIÑA 2 LT,PEÑAFIEL,$14.500,$17.000
7501198355512,ORANGE CRUSH 355ML,PEÑAFIEL,$0.000,$18.000
7501073844544,PEÑAFIEL TORONJA 2 LT,PEÑAFIEL,$24.000,$29.000
7501198355574,DR PEPPER CREAM SODA LT 355 ML,PEÑAFIEL,$13.660,$17.000
7501073845800,SCHWEPPES MOJITO SIN ALCOHOL 355ML,PEÑAFIEL,$7.250,$15.000
7501073845541,PEÑAFIEL MANZANA LATA 355 ML,PEÑAFIEL,$12.833,$17.000
7501073844551,PEÑAFIEL TORONJA LATA 355 ML,PEÑAFIEL,$12.833,$17.000
7501198355833,DR PEPPER STRAWBERRIES & CREAM 355ML,PEÑAFIEL,$0.000,$19.000
7501073844162,AGUA MINERAL PEÑAFIEL LATA 355ML,PEÑAFIEL,$0.000,$16.000
7501073843196,PEÑAFIEL MANZANADA 355 ML,PEÑAFIEL,$10.250,$11.000
7501073844537,PEÑAFIEL TORONJA 600 ML,PEÑAFIEL,$15.375,$17.000
7501073845565,PEÑAFIEL MANZANA 600ML,PEÑAFIEL,$0.000,$18.000
7501073831933,PEÑAFIEL SANGRIA 600 ML,PEÑAFIEL,$13.102,$18.000
7501073831964,PEÑAFIEL FRESA 2 L,PEÑAFIEL,$25.000,$29.000
7501073840966,PEÑAFIEL ARANDANO 2 L,PEÑAFIEL,$0.000,$29.000
7501073831155,PEÑAFIEL FRESA 355ML,PEÑAFIEL,$8.175,$10.000
7501198355444,ORANGE CRUSH NARANJA 2 LT,PEÑAFIEL,$21.120,$28.000
7501073845374,PEÑAFIEL SOFT SELTZER LIMON 400 ML.,PEÑAFIEL,$10.250,$15.000
7501073845404,PEÑAFIEL SOFT SELTZER FRUTOS ROJOS 400 ML.,PEÑAFIEL,$10.250,$15.000
7501198355840,DR PEPPER 600 ML. STRAWBERRIES & CREAM,PEÑAFIEL,$14.542,$18.000
7501198355581,DR PEPPER & CREAM SODA 600ML,PEÑAFIEL,$14.542,$18.000
7501198355451,ORANGE CRUSH NARANJA 600 ML,PEÑAFIEL,$14.542,$17.000
7501073840188,PEÑAFIEL TWIST NARANJA Y SAL 600ML,PEÑAFIEL,$14.542,$18.000
7501198353877,DR PEPPER CHERRY CEREZA 600ML,PEÑAFIEL,$14.542,$17.000
7501073844056,SCHWEPPES AGUA TONICA 355ML,PEÑAFIEL,$11.958,$17.000
7501073843936,EXTRA POMA 600 ML,PEÑAFIEL,$10.000,$10.000
7501198355703,ORANGE CRUSH 237,PEÑAFIEL,$5.000,$6.000
7501073831995,PEÑAFIEL SANGRIA 2 L,PEÑAFIEL,$24.000,$20.000
014800000276,CLAMATO ESTILO CUBANO 473 ML,PEÑAFIEL,$21.333,$25.000
7501073833722,SCHWEPPES GINGER ALE NET. 600 ML,PEÑAFIEL,$14.542,$13.000
7501073841246,PEÑÁFIEL FRESADA 2 L,PEÑAFIEL,$24.750,$29.000
7501073831988,PEÑAFIEL MANZANITA 2 L,PEÑAFIEL,$8.333,$29.000
7501073843189,PEÑAFIEL MANZANADA 2L,PEÑAFIEL,$24.000,$28.000
159862153,PEÑAFIEL NARANJADA 2 LT,PEÑAFIEL,$24.748,$29.000
7501073831957,PEÑ. MANDARINA 2 LT,PEÑAFIEL,$22.000,$19.000
7501073842717,PEÑAFIEL MANZANADA 600ML,PEÑAFIEL,$15.375,$18.000
7501073843875,EXTRA POMA MANZANA 237ML,PEÑAFIEL,$5.000,$5.000
7501198343731,DR PEPPER 355ML,PEÑAFIEL,$6.000,$8.000
7501073842670,PEÑAFIEL MANGADA 600 ML,PEÑAFIEL,$15.375,$19.000
014800515336,CLAMATO EL ORIGINAL 946ML,PEÑAFIEL,$36.750,$45.000
7501073831162,PEÑAFIEL MANDARINA 355ML,PEÑAFIEL,$8.175,$7.000
7501073831186,PEÑAFIEL MANZANITA 355ML,PEÑAFIEL,$8.175,$7.000
7501073841949,PEÑAFIEL PIÑADA 2 LT,PEÑAFIEL,$24.750,$29.000
7501073841031,PEÑAFIEL LIMONADA 1 LT,PEÑAFIEL,$15.375,$22.000
7501073841024,PEÑAFIEL NARANJADA 1 LT,PEÑAFIEL,$17.083,$22.000
7501073830028,PEÑAFIEL MINERAL 1 LT,PEÑAFIEL,$17.950,$22.000
7501073839212,PEÑAFIEL TWIST LIMON Y SAL 1 LT,PEÑAFIEL,$14.137,$22.000
7501073842847,PEÑAFIEL MANGADA 2 LT,PEÑAFIEL,$24.750,$29.000
7501073840843,PEÑAFIEL MINERAL SIFON 1.75 LT,PEÑAFIEL,$20.064,$28.000
7501198353082,ORANGE CRUSH EXTRA POMA 2 LT,PEÑAFIEL,$11.000,$13.000
7501198353105,ORANGE CRUSH PIÑA 2 LT,PEÑAFIEL,$11.000,$13.000
7501198354089,ORANGE CRUSH LIMA LIMON 2 LT,PEÑAFIEL,$11.000,$13.000
7501073801004,PEÑAFIEL MINERAL LATA 355ML,PEÑAFIEL,$6.000,$8.000
7501011350687,SPLASH V8 BERRY BLEND 500ML,PEÑAFIEL,$16.833,$22.000
7501011350700,SPLASH V8 ORANGE CARROT 500ML,PEÑAFIEL,$12.000,$14.000
7501011350748,SPLASH V8 STRAWBERRY GUAVA 500ML,PEÑAFIEL,$12.000,$14.000
7501011350694,SPLASH V8 STRAWBERRY KIWI 500ML,PEÑAFIEL,$12.000,$14.000
7500326103506,CHAPARRITAS UVA 250ML,PEÑAFIEL,$9.208,$7.000
7501073842274,PEÑAFIEL MINERAL COCO 600ML,PEÑAFIEL,$14.542,$10.000
7501198350456,ORANGE CRUCH 600 ML,PEÑAFIEL,$14.076,$9.000
7501073831902,PEÑAFIEL FRESA 600ML,PEÑAFIEL,$14.102,$17.000
7501073840607,PEÑAFIEL TORONJADA 600ML,PEÑAFIEL,$13.838,$18.000
7501073831926,PEÑAFIEL MANZANITA 600ML,PEÑAFIEL,$14.102,$17.000
7501073841338,PEÑAFIEL NARANJADA 355 ML,PEÑAFIEL,$10.250,$12.000
7501073841840,PEÑAFIEL LIMONADA VID. 325ML,PEÑAFIEL,$13.000,$13.000
7501073841581,PEÑAFIEL NARANJADA VID. 325ML,PEÑAFIEL,$13.000,$13.000
7501073839564,PEÑAFIEL PUREZZA VID. 325ML,PEÑAFIEL,$12.000,$12.000
7501073841635,PEÑAFIEL AGUA TONICA 296ML,PEÑAFIEL,$7.500,$7.500
7501073825208,SCHWEPPES AGUA TONICA 296ML,PEÑAFIEL,$11.125,$7.500
7501073839885,PEÑAFIEL LIMONADA 600 ML,PEÑAFIEL,$13.529,$19.000
7501073841925,PEÑAFIEL PIÑADA 600 ML,PEÑAFIEL,$15.375,$19.000
7501073839854,PEÑAFIEL NARANJADA 600 ML,PEÑAFIEL,$16.250,$19.000
7501073840973,PEÑAFIEL ARANDANO 600ML,PEÑAFIEL,$10.000,$14.000
7501073841345,PEÑAFIEL LIMONADA 355 ML,PEÑAFIEL,$10.250,$12.000
7501073841901,PEÑAFIEL PIÑADA 355 ML,PEÑAFIEL,$10.250,$12.000
7501073842236,PEÑAFIEL GUAYABA 600ML,PEÑAFIEL,$10.000,$10.000
7501073841253,PEÑAFIEL FRESADA 600ML,PEÑAFIEL,$15.375,$19.000
7501073831896,PEÑAFIEL MANDARINA 600ML,PEÑAFIEL,$13.102,$17.000
7501073830509,PEÑAFIEL MINERAL 600 ML,PEÑAFIEL,$13.666,$19.000
7501073831469,PEÑAFIEL TWIST LIMON Y SAL 600ML,PEÑAFIEL,$14.540,$19.000
7501073842007,PEÑAFIEL TWIST PEPINO 600ML,PEÑAFIEL,$13.087,$12.000
7501198350418,DR. PEPPER COLA 600ML,PEÑAFIEL,$14.542,$19.000
7501073830004,AGUAFIEL NATURAL 500ML,PEÑAFIEL,$0.000,$5.000
7501073839144,AGUAFIEL FRUTAL JAMAICA 500ML,PEÑAFIEL,$0.000,$7.000
7501073836723,AGUAFIEL NARANJADA 500ML,PEÑAFIEL,$0.000,$7.000
7501073842342,SCHWEPPES BLACK 600ML,PEÑAFIEL,$10.000,$10.000
7501011320048,V8 EL ORIGINAL JUGO DE VERDURAS 340ML,PEÑAFIEL,$0.000,$11.000
014800515640,CLAMATO VUELVE A LA VIDA 473ML,PEÑAFIEL,$0.000,$25.000
014800515329,CLAMATO EL ORIGINAL 473ML,PEÑAFIEL,$21.333,$25.000
7501073833739,SCHWEPPES GINER ALE 1 LT,PEÑAFIEL,$17.958,$17.000
7501073800908,PEÑAFIEL MINERAL 2 LT,PEÑAFIEL,$24.000,$29.000
7501073839861,PEÑAFIEL NARANJADA 2 LT,PEÑAFIEL,$24.750,$29.000
7501073840942,PEÑAFIEL TORONJADA 2 LT,PEÑAFIEL,$24.750,$29.000
7501073839892,PEÑAFIEL LIMONADA 2 LT,PEÑAFIEL,$24.750,$29.000
036731107060,GATORADE PONCHE DE FRUTAS 750ML,PEPSI,$0.000,$28.000
7501022007792,GATORADE UVA 750ML,PEPSI,$0.000,$28.000
7501022007808,GATORADE LIMA-LIMON 750ML,PEPSI,$0.000,$28.000
036731137913,GATORADE MORAS 750ML,PEPSI,$0.000,$28.000
036731107015,GATORADE NARANJA 750ML,PEPSI,$0.000,$28.000
7501031360130,PEPSI MANZANITA SOL LATA 355 ML,PEPSI,$0.000,$15.000
7501022015704,MIRINDA NARANJA 3 LT,PEPSI,$31.375,$38.000
7501022011744,COSECHA PURA MANZANA 1 LT,PEPSI,$0.000,$30.000
7501022011751,COSECHA PURA SABOR MANGO 1 LT,PEPSI,$0.000,$30.000
036731106049,GATORADE UVA 600 ML,PEPSI,$0.000,$25.000
7501071140815,SQUIRT TORONJA SIN AZUCAR 355ML,PEPSI,$0.000,$10.000
7501022015858,7UP CITRUS 600ML,PEPSI,$0.000,$10.000
7501022015872,7UP CITRUS 1.75LT,PEPSI,$0.000,$20.000
7501022011737,COSECHA PURA NARANJA 1LT,PEPSI,$0.000,$30.000
7501071140075,SQUIRT TORONJA LIGHT 2LT,PEPSI,$0.000,$30.000
7501022015636,GATORLYTE ELECTROLITOS MORAS 591ML,PEPSI,$12.657,$25.000
7501022013885,PEPSI 7 UP LIMA LIMON 400ML,PEPSI,$0.000,$11.000
7501031302376,LIPTON TE VERDE CÍTRICOS 600ML,PEPSI,$11.625,$20.000
7501031302819,MIRINDA 400 ML,PEPSI,$8.750,$10.000
7501031303885,BE LIGHT SABOR LIMON 1LT,PEPSI,$0.000,$21.000
7501022015445,MANZANITA SOL 3 LT,PEPSI,$0.000,$37.000
7501022014042,PEPSI COLA RETORNABLE 1.25 LT,PEPSI,$13.000,$20.000
7501071122057,SQUIRT DE TORONJA RETORNABLE 1.250,PEPSI,$13.000,$20.000
7750670007047,BIG COLA PET 500ML,PEPSI,$8.667,$11.000
7503037623684,VIDA AGUA NATURAL 1.5 LT,PEPSI,$6.667,$10.000
7501022015476,MANZANITA SOL 355ML,PEPSI,$8.750,$10.000
7501022015421,BE LIGHT FRESA-MORAS 1.5 LT,PEPSI,$15.750,$22.000
7501031310241,PEPSI 335ML,PEPSI,$8.667,$10.000
7501022013830,JUMEX FRUTZZO LIMONADA 600 ML.,PEPSI,$12.167,$14.000
7501022015407,GATORLITE COCO 591 ML,PEPSI,$12.657,$25.000
7501011169838,BE LIGHT  MANZANA  1.5 LT,PEPSI,$15.750,$20.000
7501022008867,JUGO EPURA UVA 330ML,PEPSI,$0.000,$10.000
7501022012451,JUGO EPURA JAMAICA-ARANDANO 330ML,PEPSI,$0.000,$10.000
7501031302802,MANZANITA SOL 400ML,PEPSI,$0.000,$12.000
7501031311309,PEPSI COLA 355 ML LATA,PEPSI,$13.917,$16.000
7501031307265,JUMEX FRESH UVA 2 LT,PEPSI,$0.000,$23.000
7501022014257,PEPSI KICK CAFEINA 500ML,PEPSI,$10.342,$13.000
7501031304868,TE LIPTON NEGRO 600ML,PEPSI,$8.137,$13.000
7501011181762,BE LIGHT TORONJA 1.5 L,PEPSI,$15.750,$18.000
7501022014738,BE LIGHT PIÑA-MARACUYA 1.5L,PEPSI,$15.750,$20.000
7501011181755,BE LIGHT LIMON 1.5L,PEPSI,$15.750,$19.000
7501022015063,GATORLYTE NARANJA 591ML,PEPSI,$16.875,$21.000
7501022014066,7 UP PET LIMON 355ML,PEPSI,$8.750,$10.000
7501022014912,MIRINDA NARANJA 600ML,PEPSI,$12.167,$14.000
7501022015049,GATORLYTE FRESA-KIWI 591ML,PEPSI,$16.875,$25.000
7501022013052,PEPSI BLACK SIN AZUCAR 600ML,PEPSI,$9.598,$14.000
7501031345182,MIRINDA NARANJA 355ML,PEPSI,$8.750,$10.000
7501022013861,PEPSI BLACK SIN AZUCAR 355ML,PEPSI,$7.833,$10.000
7501022013809,BE LIGHT PEPINO-LIMON 1.5 LT,PEPSI,$15.750,$18.000
7501022015162,GATORLYTE UVA 591ML,PEPSI,$12.657,$25.000
7501031305957,SANGRIA CASERA 3 LT,PEPSI,$31.375,$36.000
7501022015308,MIRINDA NARANJA 1.75 LT,PEPSI,$19.167,$22.000
7501022014486,SANGRIA CASERA 1.75 LT,PEPSI,$0.000,$22.000
7501022014363,LIPTON BEBIDA SABOR JAMAICA 600ML,PEPSI,$0.000,$13.000
7501071122118,SQUIRT DE 1.75 L,PEPSI,$19.166,$22.000
7501022014615,7 UP LIMA-LIMON 1.75 LT,PEPSI,$19.167,$22.000
7501022009321,PEPSI COLA 1.75 LT,PEPSI,$0.000,$22.000
7501071120015,SQUIRT DE TORONJA  355 ML,PEPSI,$8.750,$10.000
7501031345052,MIRINDA  SABOR NARANJA 600 ML,PEPSI,$9.583,$13.000
7501022014585,7 UP PET LIMON 600ML,PEPSI,$12.167,$14.000
7501071120077,SQUIRT DE TORONJA DE 2 LT,PEPSI,$24.000,$23.000
7501086802753,AGUA EPURA GARRAFON DE 20 LT,PEPSI,$54.000,$56.000
7501071120305,SQUIRT TORONJA 3 LT,PEPSI,$32.250,$37.000
7501031360307,MANZANITA SOL 355ML,PEPSI,$8.750,$10.000
047,AGUA ELECTROPURA NAT. 20LT,PEPSI,$55.000,$59.000
7501086801077,AGUA EPURA 10LT,PEPSI,$36.000,$38.000
7501022013502,MIRINDA PIÑA 2 LT,PEPSI,$12.000,$14.000
7501022013496,MIRINDA MANDARINA 2 LT,PEPSI,$12.000,$14.000
7501031304493,PEPSI KICK 500ML,PEPSI,$0.000,$11.000
7501071120664,SQUIRT TORONJA 400ML,PEPSI,$7.000,$7.000
7501086801121,EPURA AGUA NATURAL 600ML,PEPSI,$4.383,$9.000
7501022008850,EPURA JUGO MANZANA 330ML,PEPSI,$5.000,$7.000
7501022012468,EPURA JUGO MANGO 330ML,PEPSI,$5.000,$5.000
7501086801138,AGUA NATURAL EPURA 5 LT,PEPSI,$28.000,$33.000
7501031300129,PEPSI COLA MINI 237ML,PEPSI,$0.000,$4.000
7501071120480,SQUIRT TORONJA 237ML,PEPSI,$0.000,$5.000
7501086801107,EPURA NATURAL 330ML,PEPSI,$0.000,$5.000
7501022011201,EPURA JUGO DE GUAYABA 1 LT,PEPSI,$0.000,$11.000
7501022011164,EPURA JUGO DE MANGO 1 LT,PEPSI,$0.000,$14.000
7501086801015,AGUA NATURAL EPURA 1.5LT,PEPSI,$11.250,$15.000
7501031302260,H2OH! LIMON 1.5 LT,PEPSI,$0.000,$15.000
7501031302970,H2OH! MANZANA 1.5 LT,PEPSI,$0.000,$20.000
7501198350432,CANADA DRY GINGER ALE 600ML,PEPSI,$12.166,$14.000
7501031322558,7 UP LIMA-LIMON 600ML,PEPSI,$0.000,$16.000
7501198350104,CANADA DRY GINGER ALE 1 LT,PEPSI,$13.083,$20.000
7501086801046,AGUA NATURAL EPURA 1 LT,PEPSI,$0.000,$12.000
7501022011010,LIMONADA LIMON 600ML,PEPSI,$13.087,$12.000
7501505630073,SANGRIA CASERA 600ML,PEPSI,$12.167,$14.000
7501071120183,SQUIRT TORONJA 600ML,PEPSI,$13.917,$16.000
7501071140242,SQUIRT LIGHT 600ML,PEPSI,$13.917,$16.000
7501022011843,EPURA MINERALE 400ML MANZANA,PEPSI,$0.000,$10.000
7501022011836,EPURA MINERALE 400ML LIMON,PEPSI,$0.000,$15.000
7501031302383,LIPTON TE VERDE CITRICOS 600ML,PEPSI,$10.463,$14.000
7501022011546,ACTIVE WATER FRESA-KIWI 1 LT,PEPSI,$0.000,$195.000
7501022015377,MANZANITA SOL 600ML,PEPSI,$12.167,$14.000
7501031302352,LIPTON TE NEGRO LIMON 600ML,PEPSI,$11.625,$15.000
7501031311620,PEPSI COLA 500ML,PEPSI,$0.000,$17.000
7501022008171,PEPSI COLA 295ML,PEPSI,$0.000,$17.000
7501031310258,PEPSI COLA 2.5 LT,PEPSI,$0.000,$17.000
7501031311682,PEPSI COLA 1.5 LT,PEPSI,$16.867,$18.000
7501011181809,BE LIGHT JAMAICA 1.5 LT,PEPSI,$15.750,$20.000
7501011167070,BE LIGHT MANGO 1.5 LT,PEPSI,$15.750,$20.000
7501031312559,PEPSI LIGHT 600ML,PEPSI,$0.000,$0.000
7501031310012,PEPSI COLA 600ML,PEPSI,$10.333,$14.000
7501031311644,PEPSI COLA 1 LT,PEPSI,$0.000,$18.000
7501031311606,PEPSI COLA 2 LT,PEPSI,$0.000,$15.000
7501011169821,BE LIGHT FRESA 1.5 LT,PEPSI,$0.000,$18.000
7501031346608,MIRINDA NARANJA 2 LT,PEPSI,$0.000,$14.000
7501022015391,MANZANITA SOL 1.75 LT,PEPSI,$19.167,$22.000
7501071120176,SQUIRT TORONJA 1.5 LT,PEPSI,$19.167,$22.000
7501031323449,7 UP LIMA-LIMON 1.5 LT,PEPSI,$0.000,$13.000
7501031345083,MIRINDA 3 LT NARANJA,PEPSI,$31.375,$36.000
7501031360048,MANZANITA SOL 3 LT,PEPSI,$31.250,$36.000
7501022014646,7 UP LIMA-LIMON 3LT,PEPSI,$0.000,$36.000
7501031360161,MANZANITA SOL 2 LT,PEPSI,$0.000,$26.000
7501505630028,SANGRIA CASERA 2 LT,PEPSI,$0.000,$26.000
7501031307258,JUMEX FRESH CITRICO 2 LT,PEPSI,$18.380,$25.000
7501031310098,PEPSI COLA 3 LT,PEPSI,$28.750,$33.000
7501071120411,SQUIRT TORONJA 2.5 LT,PEPSI,$0.000,$30.000
32321512,PROMO SOL CLAMATO 2 X 43,PROMOCIONES TECATE,$0.000,$43.000
051023165,PROMO HEINEKEN SILVER 2 X39,PROMOCIONES TECATE,$39.000,$39.000
6565962632,PROMO 2 X 43 LATON BOHEMIA 473ML,PROMOCIONES TECATE,$0.000,$43.000
6956592,PROMO LATON MILLER HIGH LIFE 2 X $46 473ML,PROMOCIONES TECATE,$0.000,$46.000
6576567,PROMO INDIO MEGA 1.2 LT 2X73,PROMOCIONES TECATE,$0.000,$75.000
0000000012,PROMO LATON SOL SABORES 2 X $48 473ML,PROMOCIONES TECATE,$0.000,$47.000
0000000011,PROMO 2 LATON XX LAGER 473ML,PROMOCIONES TECATE,$0.000,$43.000
0000000010,PROMO 2 LATON INDIO 473ML,PROMOCIONES TECATE,$0.000,$41.000
3056215105,PROMO  2 LATONES/ TECATE ORIGINAL  LIGHT 473ML,PROMOCIONES TECATE,$57.000,$43.000
15245156415,PROMO HEINEKEN SILVER 2 LATAS 355 ML,PROMOCIONES TECATE,$22.000,$39.000
01521514,PROMO TECATE 0.0DE 355 ML,PROMOCIONES TECATE,$14.000,$14.000
524174,PROMO HEINEKEN 0 ALCOHOL 355ML 2 X 36,PROMOCIONES TECATE,$24.000,$36.000
2603203,PROMO DE TECATE  Y LIGTH 1.2 LT 2X73,PROMOCIONES TECATE,$62.000,$73.000
023101603,PROMO XX LAGER MEGA  1.2 LT  2 X 82,PROMOCIONES TECATE,$65.000,$82.000
056023156,PROMO XX LATON 473 ML 2 X 44,PROMOCIONES TECATE,$33.000,$44.000
03201023620,PROMO CARTA BLANCA LATON 4 X 78,PROMOCIONES TECATE,$52.000,$78.000
1564102541,PROMO HEINEKEN 1 LT,PROMOCIONES TECATE,$34.000,$47.000
01564120,PROMO HEINEKEN LATON DE 473 ML 2 X 50,PROMOCIONES TECATE,$34.000,$50.000
7500326103421,BARRILITOS PONCHE TROPICAL 2 LT,QUALA,$0.000,$30.000
7500326103407,BARRILITOS DURAZNO 2 LT,QUALA,$0.000,$30.000
7503029481452,SANGRIA SEÑORIAL SIN AZUCAR 2LT,QUALA,$0.000,$35.000
810116123445,PRIME CHERRY FREEZE 500ML,QUALA,$0.000,$60.000
810116121557,PRIME LEMONADE 500ML,QUALA,$0.000,$60.000
810116125609,PRIME W 500ML,QUALA,$0.000,$60.000
810116123506,PRIME STRAWBERRY BANANA 500ML,QUALA,$0.000,$60.000
810116125067,PRIME KEVIN DURANT 500ML,QUALA,$0.000,$60.000
7503037623660,AGUA VIDA NATURAL 625ML,QUALA,$0.000,$8.000
7500326103445,BARRILITOS DURAZNO 750ML,QUALA,$0.000,$20.000
7500326103452,BARRILITOS PIÑA 750ML,QUALA,$0.000,$20.000
031200610331,CRANBERRY CLASSIC LIGHT ARANDANO 1 LT,QUALA,$0.000,$35.000
7503018023120,BARRILITOS REFRESCO SABOR PONCHE TROPICAL 500ML,QUALA,$0.000,$15.000
7503018023144,BARRILITOS REFRESCO SABOR DURAZNO 500ML,QUALA,$0.000,$15.000
7503018023151,BARRILITOS REFRESCO SABOR MANZANA 500ML,QUALA,$0.000,$15.000
7503018023137,BARRILITOS REFRESCO SABOR PIÑA 500ML,QUALA,$0.000,$15.000
7506192506953,VIVE 100 FUZION MORADO 500ML,QUALA,$12.750,$18.000
7503027753025,SPORADE PONCHE DE FRUTAS 600ML,QUALA,$0.000,$15.000
7503033076514,SPORADE UVA 625ML,QUALA,$9.383,$15.000
7503037623868,PULP DURAZNO 1 LT,QUALA,$14.545,$24.000
7503037623028,CIFRUT NARANJA 1LT,QUALA,$12.500,$16.000
7503033076972,BIG COLA 1LT,QUALA,$11.458,$16.000
7503027753803,SPORADE MORAS 625ML,QUALA,$11.250,$15.000
7503033076439,SPORADE MORAS 1 LT,QUALA,$13.917,$25.000
7506192507417,VIVE 100 CITRUS ENERGY 500ML,QUALA,$12.750,$18.000
7503033076453,SPORADE PONCHE DE FRUTAS 1 LT,QUALA,$16.667,$25.000
019836800647,PASCUAL LIMON 600ML,QUALA,$9.167,$13.000
7506192509992,VITALOE FRUTOS ROJOS 500ML,QUALA,$0.000,$18.000
7503033076446,SPORADE NARANJA 1 LT,QUALA,$0.000,$20.000
7503033076460,SPORADE UVA 1 LT,QUALA,$0.000,$20.000
7503027753018,SPORADE NARANJA 625ML,QUALA,$9.383,$12.000
7506192509619,VIVE 100 EXTREME 500ML,QUALA,$12.667,$18.000
7503002541555,MANZANITA DELICIOSA 312ML,QUALA,$6.000,$13.000
7506192508704,MEXICANA MANZANA 600ML,QUALA,$14.000,$14.000
7506192508698,MEXICANA MANZANA 400ML,QUALA,$9.000,$10.000
7506192508285,VITALOE MANDARINA-NARANJA 500 ML,QUALA,$15.000,$15.000
7506192507561,VITALOE CON TROCITOS DE SABILA 500 ML,QUALA,$14.500,$18.000
7503030524131,SPORADE P. DE FRUTAS 400ML,QUALA,$10.000,$10.000
7503030524155,SPORADE NARANJA 400ML,QUALA,$10.000,$10.000
7503030524117,SPORADE MORAS 400ML,QUALA,$10.000,$10.000
7506192503259,VIVE 100 VERDE LATA 355ML,QUALA,$13.000,$13.000
7506192506816,VITALOE 320ML TROCITOS DE SABILA,QUALA,$12.708,$15.000
031200454560,OCEAN SPRAY ARANDANO 1 LT,QUALA,$27.000,$34.000
7506192505123,VIVE 100 VERDE 340ML,QUALA,$8.000,$11.000
7500326103490,CHAPARRITAS PIÑA 250ML,QUALA,$9.208,$7.000
7501479300088,MANZANITA DELICIOSA 3 LT,QUALA,$25.000,$35.000
7500326103483,CHAPARRITAS MANDARINA 250ML,QUALA,$9.208,$7.000
7501479300057,MANZANITA DELICIOSA 600 ML,QUALA,$10.417,$14.000
7622202273629,BUBU LUBU ERES LA ONDA SABOR FRESA CON CHOCOLATE 35GR,RICOLINO,$0.000,$10.000
7622202231728,RICOLINO PANDITAS BOO 52.5 GR,RICOLINO,$0.000,$17.000
7622202232145,PALETA PAYASO BOO,RICOLINO,$0.000,$18.000
757528034108,RICOLINO LUNETAS CHOCOLATE 20GR,RICOLINO,$0.000,$6.000
7500810014684,PANDITAS CHOCO CRUSH 20GR,RICOLINO,$4.640,$6.000
7500810021910,PALETA PAYASO CRUSH RICOLINO 45GR,RICOLINO,$0.000,$17.000
7503031287196,KRANKY RICOLINO CHCOLATE 18GR,RICOLINO,$0.000,$14.000
7503031287172,BARRA CHOCORETAS RICOLINO 20GR,RICOLINO,$0.000,$10.000
7500810012147,BUBU LUBU SNOW 25GR,RICOLINO,$0.000,$10.000
7500810012123,PALETA PAYASO SNOW,RICOLINO,$13.284,$17.000
7500810012543,PANDITAS HO HO HO,RICOLINO,$0.000,$17.000
7500810008041,PALETA PAYASO HALLOWEEN 45GR,RICOLINO,$0.000,$17.000
7503032606439,BUBU LUBU DOTS COOKIES & CREAM 35G,RICOLINO,$0.000,$10.000
7500810004388,PANDITAS ACIDOS 70 GR,RICOLINO,$13.284,$17.000
7500810013090,KRANKY SNOW 45GR,RICOLINO,$13.284,$17.000
7503031287820,PANDITAS BOMBA 60GR,RICOLINO,$13.280,$17.000
7503032991771,GOMI LOCAS VORAZ 50GR,RICOLINO,$13.000,$13.000
074323011616,BUBU LUBU  MINI 20 G,RICOLINO,$3.000,$3.000
7503031028980,BUBU LUBU CRUSH FRESA 35 G,RICOLINO,$8.560,$10.000
7503030572507,PANDITAS CURSIS 50 G,RICOLINO,$11.000,$17.000
7503030199520,KRANKY CRUSH SABOR FRESA 50 G,RICOLINO,$11.000,$12.000
7503030199544,PANDITA CHOCO  DE CHOCOLATE 20 G,RICOLINO,$5.000,$5.000
21120210032130100,ALIEN PALETA RICOLINO DE CHOCOLATE 22.4 G,RICOLINO,$5.000,$7.000
757528042172,PANDITAS HO-HO-HO 62.5GR,RICOLINO,$11.000,$17.000
757528021757,BUBU LUBU DARK 35 G,RICOLINO,$8.500,$10.000
07432354,BUBU LUBU CLASICO  35 GR,RICOLINO,$8.500,$11.000
7503028643233,GOMILOCAS VORAZ RELLENOS DE CHAMOY 60 G,RICOLINO,$10.000,$10.000
7503029151690,PANDITAS EDICION LIMITADA 60 G,RICOLINO,$20.000,$20.000
7500810004340,PASITAS RICOLINO  53 GR,RICOLINO,$13.284,$17.000
7500810004425,DULCI GOMAS 70 GR,RICOLINO,$13.280,$17.000
7500810004296,RICOLINO ALMENDRAS 32 G,RICOLINO,$13.280,$17.000
757528039097,GOMILOCAS DIENTES 55G,RICOLINO,$10.000,$13.000
7500810004449,GOMILOCAS PINGUINOS 70 GR,RICOLINO,$13.284,$17.000
757528039141,PANDITAS CON SABORES ACIDOS 52.5 G,RICOLINO,$10.000,$17.000
7500810004401,PANDITAS ENCHILADOS 60 GR,RICOLINO,$13.284,$17.000
757528039257,GOMILOCAS HAMBURGUESAS 56 G,RICOLINO,$10.000,$12.000
757528039172,PANDITAS RELLENOS 54 G,RICOLINO,$10.000,$17.000
7500810004319,KRANKY RICOLINO 53 GR,RICOLINO,$13.284,$17.000
757528039042,KRANKY PUFFS 40 G,RICOLINO,$10.000,$11.000
7500810004395,PANDITAS ROJOS 60GR,RICOLINO,$13.284,$17.000
757528039134,PANDITAS RICOLINO 52.5 G,RICOLINO,$10.000,$17.000
757528040253,PANDITAS RELLENOS SABOR MANGO 54 G,RICOLINO,$10.000,$17.000
7500810004302,CHOCO RETAS RIC. 50GR,RICOLINO,$13.284,$17.000
7500810004364,MORITAS RICOLINO 64 GR,RICOLINO,$13.284,$17.000
7501000278404,PALETA PAYASO 45 GR,RICOLINO,$13.284,$17.000
7500810004357,LUNETAS RICOLINO 59GR,RICOLINO,$13.280,$17.000
757528033965,PANDITAS POING-POING MUNDIALISTAS RICOLINO 60GR,RICOLINO,$17.000,$20.000
7503030374552,PALETA TARRITO VERO 16GR,RICOLINO,$1.550,$3.000
25046007349,LUNETAS RICOLINO 90GR,RICOLINO,$0.000,$10.000
75038458,PICA FRESA 8GR,RICOLINO,$0.000,$1.000
75038540,PICA FRESA GIGANTE 12GR,RICOLINO,$1.950,$2.000
757528029593,DULCIGOMAS RICOLINO 63GR,RICOLINO,$0.000,$0.000
757528029647,MORITAS RICOLINO 60GR,RICOLINO,$13.280,$6.000
7500810004418,PANDITAS RELLENOS 60GR,RICOLINO,$13.283,$17.000
7500810004371,PANDITAS CLASICOS RICOLINO 60 GR,RICOLINO,$13.290,$17.000
757528024857,ALMENDRAS RICOLINO 36GR,RICOLINO,$0.000,$0.000
7500810004456,GOMILOCAS HAMBURGUESAS 63GR,RICOLINO,$13.284,$17.000
7500810004432,GOMILOCAS DIENTES 60 GR,RICOLINO,$13.284,$17.000
7432354,BUBULUBU 35GR,RICOLINO,$7.800,$11.000
757528029692,PASITAS RICOLINO 55GR,RICOLINO,$0.000,$32.000
757528029586,CHOCORETAS RICOLINO 55GR,RICOLINO,$0.000,$32.000
757528029630,KRANKY RICOLINO 55GR,RICOLINO,$0.000,$23.000
206,PECOSITA PZA,RICOLINO,$2.380,$2.000
636191207500,APPLETON ESTATE 8 RESERVE JAMAICA RUM 200ML,RON,$0.000,$75.000
7501008660737,BACARDI GRAN AÑEJO 375ML,RON,$0.000,$120.000
7501005004513,RON ZACAPA SOLERA 750ML,RON,$0.000,"$1,265.000"
7610113015476,BACARDI SPICED 750ML,RON,$0.000,$230.000
7501008660300,BACARDI GRAN AÑEJO 750ML,RON,$0.000,$305.000
7610113025161,BACARDI RASPBERRY 700ML,RON,$0.000,$270.000
7610113024300,BACARDI LIMON 700 ML,RON,$0.000,$270.000
7610113024324,BACARDI MANGO CON CHILE 700ML,RON,$0.000,$270.000
7610113024348,BACARDI CARTA BLANCA 700ML,RON,$0.000,$210.000
7610113027738,BACARDI CARTA BLANCA 700ML,RON,$0.000,$255.000
026964177190,FLOR DE CAÑA ORO AÑEJO 4 AÑOS 750ML,RON,$0.000,$290.000
026964334227,FLOR DE CAÑA RON CLASICO 5 AÑOS 750ML,RON,$0.000,$340.000
026964904291,FLOR DE CAÑA RON EXTRA SECO 4 AÑOS 750ML,RON,$0.000,$280.000
026964852745,FLOR DE CAÑA RON GRAN RESERVA 750ML,RON,$0.000,$485.000
7503027146216,BARAIMA TAMARINDO 750ML,RON,$0.000,$230.000
7503027146209,BARAIMA RASPBERRY 750ML,RON,$0.000,$230.000
7501008660218,BACARDI 1.75L,RON,$0.000,$520.000
7501053654248,SALUTZO PIÑA COLADA 750ML,RON,$0.000,$100.000
636191190406,APPLETON ESTATE 750ML,RON,$0.000,$336.000
7501772802784,PARIS DE NOCHE COLA 600ML,RON,$26.308,$35.000
8501110080231,HAVANA CLUB AÑEJO 3 AÑOS 700 ML,RON,$200.000,$236.000
8501110080927,HAVANA CLUB ESPECIAL 700 ML,RON,$263.000,$263.000
8501110080439,HAVANA CLUB 700 ML,RON,$494.000,$494.000
7610113013915,BACARDI LIMON VERDE 750 ML,RON,$199.980,$272.000
7610113013847,BACARDI MANGO/CHILE 750ML,RON,$170.690,$272.000
7501008645246,BACARDI RASP. 750ML,RON,$170.690,$272.000
5000281055381,CAPTAIN M. WHITE 750ML,RON,$142.000,$177.000
7501003600615,CUBARAIMA RON & COLA 350ML,RON,$14.000,$16.000
757509191448,RON BARAIMA BLANCO 1 LT,RON,$110.000,$160.000
7501003680082,RON BARAIMA BLANCO 700ML,RON,$114.005,$143.000
757509019346,BARAIMA RON AÑEJO 750ML,RON,$150.000,$170.000
7501035043299,KRAKEN GHOST WHITE RUM 750ML,RON,$130.000,$150.000
7501035020108,APPLETON SPECIAL 950ML,RON,$130.000,$182.000
8501110080248,HAVANA CLUB AÑEJO 3 AÑOS 750ML,RON,$140.000,$154.000
8501110080910,HAVANA CLUB AÑEJO ESPECIAL 750ML,RON,$180.000,$200.000
7501035045026,RON MATUSALEM GRAN RESERVA 750ML,RON,$300.000,$325.000
8501110080446,HAVANA CLUB AÑEJO 7 AÑOS 750ML,RON,$300.000,$322.000
080480001520,BACARDI OAKHEART 750ML,RON,$120.000,$143.000
7501008610121,BARCARDI SOLERA 750ML,RON,$150.000,$224.000
7501008610145,BARCARDI SOLERA 1 LT,RON,$180.000,$328.000
757509191479,RON BARAIMA BLANCO 200ML,RON,$35.000,$40.000
7501043712156,ANTILLANO BLANCO 250ML,RON,$37.930,$40.000
7610113012376,BACARDI AÑEJO 980 ML,RON,$180.080,$326.000
7501043712200,ANTILLANO BLANCO 1 LT,RON,$133.316,$178.000
7501043712552,ANTILLANO ORO 250ML,RON,$46.006,$43.000
7501035045019,MATUSALEM CLASICO 750ML,RON,$0.000,$357.000
7503023578073,DON PEDRO 500ML,RON,$96.999,$130.000
5000281055374,CAPTAIN MORGAN SPICED 750ML,RON,$169.000,$197.000
7501035045002,RON MATUSALEM PLATINO 750ML,RON,$0.000,$250.000
7501035020207,RON APPLETON STATE 750ML,RON,$0.000,$301.000
7501035020405,RON APPLETON BLANCO 750ML,RON,$193.000,$252.000
7501035020009,RON APPLETON BLANCO 950ML,RON,$0.000,$177.000
7501035047204,KRAKEN BLACK SPICED 750ML,RON,$179.990,$202.000
7501008611135,BACARDI AÑEJO 750ML,RON,$165.520,$268.000
7501008660195,BACARDI BLANCO 750ML,RON,$180.990,$255.000
7501008660201,BACARDI BLANCO 980ML,RON,$179.793,$234.000
7610113009420,BACARDI AÑEJO 200ML,RON,$59.900,$76.000
7610113009390,BACARDI BLANCO 200ML,RON,$61.330,$79.000
7501008660188,BACARDI BLANCO 375ML,RON,$101.000,$122.000
7501035020429,APPLETON SPECIAL 750ML,RON,$0.000,$229.000
7501043712606,ANTILLANO ORO 1 LT,RON,$128.267,$181.000
7622210576910,TANG HORCHATA 13 GR,SABORIZANTES DE AGUA,$0.000,$7.000
7622210577450,TANG DE UVA CON PULPA DE FRUTA 13GR,SABORIZANTES DE AGUA,$0.000,$7.000
7622210576781,TANG DE LIMON CON PULPA DE FRUTA 13GR,SABORIZANTES DE AGUA,$0.000,$7.000
7622210577061,TANG DE TAMARINDO CON PULPA DE FRUTA 13GR,SABORIZANTES DE AGUA,$0.000,$7.000
7622210577153,TANG DE NARANJA CON PULPA DE FRUTA 13GR,SABORIZANTES DE AGUA,$0.000,$7.000
7622210577030,TANG DE MANGO CON PULPA DE FRUTA 13GR,SABORIZANTES DE AGUA,$0.000,$7.000
7503032460093,ZUKO SABOR HORCHATA 13 GR,SABORIZANTES DE AGUA,$0.000,$7.000
7503032460123,ZUKO SABOR TAMARINDO 13 GR,SABORIZANTES DE AGUA,$0.000,$7.000
7501088021336,DELICIOSA CONCENTRADO DE TAMARINDO 700ML,SABORIZANTES DE AGUA,$0.000,$38.000
7503032460130,ZUKO MANGO 13 GR,SABORIZANTES DE AGUA,$4.375,$7.000
7503032460185,ZUKO SANDIA 13 GR,SABORIZANTES DE AGUA,$4.375,$7.000
7622210572189,TANG GUAYABA 13G,SABORIZANTES DE AGUA,$4.500,$7.000
7622210573001,TANG PIÑA COLADA 13G,SABORIZANTES DE AGUA,$4.320,$7.000
7622210572684,TANG MELON 13G,SABORIZANTES DE AGUA,$3.594,$7.000
7503032460154,ZUKO PIÑA COLADA 13G,SABORIZANTES DE AGUA,$0.000,$7.000
7622210572639,TANG NARANJA,SABORIZANTES DE AGUA,$3.594,$6.000
7622210573087,TANG DE UVA,SABORIZANTES DE AGUA,$4.500,$6.000
7622210572509,TANG DE NARANJA 13G,SABORIZANTES DE AGUA,$4.500,$6.000
7501764801153,JARABE SAN PEDRO SABOR TAMARINDO 750ML,SABORIZANTES DE AGUA,$0.000,$45.000
7501764801108,JARABE SAN PEDRO SABOR MANGO 750ML,SABORIZANTES DE AGUA,$0.000,$45.000
7503032460079,ZUKO SABOR LIMON 13 G,SABORIZANTES DE AGUA,$5.000,$5.000
7622210562739,TANG DE NARANJA 14G,SABORIZANTES DE AGUA,$5.000,$6.000
7622210563170,TANG SABOR MANDARINA 14 G,SABORIZANTES DE AGUA,$6.000,$6.000
7622210572387,TANG JAMAICA 15GR,SABORIZANTES DE AGUA,$3.625,$6.000
7501088031335,DELICIOSA JARABE DE JAMAICA 700 ML,SABORIZANTES DE AGUA,$39.000,$39.000
7501088013331,DELICIOSA SABOR DE HORCHATA 700 ML,SABORIZANTES DE AGUA,$39.000,$47.000
7802800719334,ZUKO SABOR HORCHATA 15G,SABORIZANTES DE AGUA,$4.000,$5.000
7802800719426,ZUKO SABOR TAMARINDO 15 G,SABORIZANTES DE AGUA,$4.000,$5.000
7802800719372,ZUKO SABOR JAMAICA 15 G,SABORIZANTES DE AGUA,$4.000,$5.000
7802800719433,ZUKO SABOR PIÑA COLADA CON. 15 G,SABORIZANTES DE AGUA,$4.000,$5.000
7802800719419,ZUKO SABOR MANGO 15 G,SABORIZANTES DE AGUA,$4.000,$5.000
7802800719310,ZUKO SABOR DE NARANJA 15 G,SABORIZANTES DE AGUA,$4.000,$5.000
7622210255341,TANG PIÑA COLADA 15 G,SABORIZANTES DE AGUA,$4.000,$6.000
7622210255471,TANG DE MANDARINA 15GR,SABORIZANTES DE AGUA,$4.000,$6.000
7622210253323,TANG DE NARANJA 15GR,SABORIZANTES DE AGUA,$4.000,$6.000
7622210563026,TANG DE GUAYABA 14GR,SABORIZANTES DE AGUA,$4.000,$6.000
7622210572943,TANG DE TAMARINDO 15GR,SABORIZANTES DE AGUA,$3.810,$6.000
7622210544544,TANG SABILA JAMAICA 15GR,SABORIZANTES DE AGUA,$4.000,$6.000
7622210544773,TANG SABILA NARANJA 15GR,SABORIZANTES DE AGUA,$4.000,$6.000
7622210573216,TANG SABILA LIMON 15GR,SABORIZANTES DE AGUA,$3.829,$7.000
7622210254627,TANG DE DURAZNO 15GR,SABORIZANTES DE AGUA,$4.000,$6.000
7503006575112,CREMA DE COCO CALAHUA 1 LT,SABORIZANTES DE AGUA,$0.000,$0.000
7622210572219,TANG FRESA 14GR,SABORIZANTES DE AGUA,$3.594,$7.000
7622210562852,TANG LIMON 14GR,SABORIZANTES DE AGUA,$3.594,$6.000
7622210572554,TANG MANGO 14GR,SABORIZANTES DE AGUA,$3.625,$6.000
7622210562951,TANG JAMAICA 15GR,SABORIZANTES DE AGUA,$3.594,$6.000
7622210572288,TANG HORCHATA 15 G,SABORIZANTES DE AGUA,$3.625,$6.000
7622210563125,TANG UVA 15GR,SABORIZANTES DE AGUA,$0.000,$6.000
7622210572974,TANG PIÑA 15GR,SABORIZANTES DE AGUA,$3.063,$6.000
7622210562753,TANG MELON 15GR,SABORIZANTES DE AGUA,$0.000,$6.000
810990001112,CREMA DE COCO CALAHUA 480GR,SABORIZANTES DE AGUA,$22.000,$34.000
7500478043941,SABRITAS EXTRA FLAMIN'HOT 44GR,SABRITAS,$14.270,$18.000
7500478044092,SABRITAS ADOBADAS 42GR,SABRITAS,$14.270,$18.000
7500478043965,SABRITAS CREMA Y ESPECIAS 44 GR,SABRITAS,$0.000,$20.000
7500478044177,PAKETAXO BOTANERO 81 GR,SABRITAS,$0.000,$20.000
7500478043958,SABRITAS LIMON 42 GR,SABRITAS,$14.270,$18.000
7500478044139,PAQUETAXO QUESO 81 GR,SABRITAS,$17.850,$20.000
7500478043927,SABRITAS ORIGINAL 42 GR,SABRITAS,$15.510,$18.000
7500478044368,RUFFLES ORIGINAL 48 G,SABRITAS,$14.270,$18.000
7500478043842,RUFFLES MEGA CRUNCH SALSA NEGRA,SABRITAS,$10.890,$15.000
7500478043873,CHETOS MIX 41 GR,SABRITAS,$7.930,$10.000
7500478043866,PAQUETAXO QUESO 38 GR,SABRITAS,$7.930,$10.000
7500478044337,PAKETAXO DARK 44 GR,SABRITAS,$7.920,$10.000
7500478044214,CHETOS BOLITA 46 GR,SABRITAS,$11.890,$15.000
7500478044115,CHEETOS POFFS,SABRITAS,$12.890,$15.000
7500478044191,PAKE TAXO XTRA FLAMIN HOT 81 GR,SABRITAS,$15.900,$20.000
10564156,ANIS ESPECIA PZ,SABRITAS,$0.000,$3.000
703885005220,ZUMBA GOMA DE MANGO 22 GR,SABRITAS,$0.000,$5.000
7500478044467,DORITOS NACHO BOLZAZA 100 GR,SABRITAS,$17.300,$25.000
7500478044320,SABRITAS ORIGINAL BOLZAZA 74 GR,SABRITAS,$19.770,$25.000
7500478044221,RUFFLES QUESO 48 GR,SABRITAS,$14.270,$18.000
7500478044146,PAKETAXO MEZCLADITO 81 GR,SABRITAS,$15.900,$20.000
7500478044269,BOLZAZA RUFLES QUESO 88GR,SABRITAS,$17.300,$25.000
7500478044290,CHEETOS TORCIDITOS BOLZAZA 115 GR,SABRITAS,$19.770,$25.000
7500478044283,BOLZAZA CHEETOS XTRA FLAMIN HOT 115GR,SABRITAS,$19.770,$25.000
7500478004904,MAFER CACAHUATES TOSTADO SAZONADO 65GR,SABRITAS,$0.000,$17.000
7501011143524,MAFER CACAHUATE SURTIDO SALADO 65GR,SABRITAS,$0.000,$17.000
7501011149434,SABRITONES CHILE Y LIMON 240GR,SABRITAS,$0.000,$55.000
7501011167681,SABRITAS RUFFLES ORIGINAL,SABRITAS,$0.000,$38.000
7500478041473,SABRITAS ADOBADAS 78GR,SABRITAS,$0.000,$25.000
7500478036455,SABRITAS RECETA CRUJIENTE SAL 240GR,SABRITAS,$0.000,$70.000
7501011167759,RANCHERITOS 225GR,SABRITAS,$0.000,$60.000
7501011133938,SABRITAS LIMON 160GR,SABRITAS,$0.000,$60.000
7500478042319,SABRITAS CHURRIMAIS FLAMIN HOT LIMONCITO 70GR,SABRITAS,$0.000,$15.000
7500478012121,DORITOS PIZZEROLAS 223GR,SABRITAS,$0.000,$58.000
7500478018628,SABRITAS TOSTITOS 57GR,SABRITAS,$0.000,$15.000
7501011143265,SABRITAS RECETA CRUJIENTE CHILES ROJOS 160 GR,SABRITAS,$0.000,$60.000
7500478024681,KARATE CACAHUATE JAPONES 127GR,SABRITAS,$0.000,$25.000
7500478031535,SABRITAS DORITOS 3DS 40G,SABRITAS,$0.000,$18.000
7500478002160,BOLZASA TOSTITOS SALES VERDE 120G,SABRITAS,$0.000,$25.000
7500478024940,SABRITAS DORITOS NACHO 54 GR,SABRITAS,$14.270,$20.000
7501011126244,SABRITAS MAFER JAPONES LIMON 170 GR,SABRITAS,$32.280,$40.000
7500478012138,DORITOS INCÓGNITA 223 GR,SABRITAS,$41.480,$60.000
7501011135581,TOSTITOS XTRA FLAMIN HOT 240 GR,SABRITAS,$36.300,$60.000
7500478039050,XFERAS SWITCH DORITOS NACHO 60 GR,SABRITAS,$11.841,$17.000
7500478041060,SABRITAS SWITCH DORITOS 51GR,SABRITAS,$17.118,$20.000
7500478040483,SABRITAS CHURRUMAIS  SWITCH 100GR,SABRITAS,$17.118,$20.000
7500478040797,SABRITAS RUFFLES SWITCH 57GR,SABRITAS,$15.850,$20.000
7500478040841,CHEETOS TORCIDITOS SWITCH RUFLES QUESO 70G,SABRITAS,$17.118,$20.000
7500478007998,RUFFLES ORIGINAL 185 GR,SABRITAS,$0.000,$60.000
7501011167667,SABRITAS ADOBADAS 105 GR,SABRITAS,$0.000,$42.000
7501011133884,SABRITAS SAL 160 GR,SABRITAS,$44.810,$56.000
7500478037902,POP MIX DORITOS 3 D  80 G,SABRITAS,$0.000,$20.000
7500478037919,CHETOS POP MIX XTRA FLAMINT HOT 80 G,SABRITAS,$0.000,$20.000
7500478038657,SABRITAS RECETA CRUJIENTE 57GR,SABRITAS,$15.950,$20.000
7500478032259,MI CARRITO DE LA ESQUINA 75GR,SABRITAS,$0.000,$15.000
7501011133921,SABRITAS ADOBADAS 160GR,SABRITAS,$41.480,$60.000
7501011131002,SABRITAS CHICHARRON DE CERDO 105GR,SABRITAS,$44.800,$60.000
7501011130869,TOSTITOS SALSA VERDE 175 G,SABRITAS,$0.000,$40.000
7500478036967,DORITOS DINAMITA FLAMIN HOT 220G,SABRITAS,$32.000,$40.000
7500478037957,DORITOS HABANERO BITES 46GR,SABRITAS,$6.606,$10.000
7500478037735,RUFFLES HABANERO BITES  41 G,SABRITAS,$7.930,$10.000
7500478038589,CRUJITOS HABANERO BITES 38GR,SABRITAS,$6.606,$10.000
7500478034192,KARATE CHILE Y LIMON 50 GR,SABRITAS,$12.831,$15.000
7500478037698,RUFFLES MEGA CRUNCH FLAMIN HOT 42 GR,SABRITAS,$12.841,$15.000
7501011130944,CHEETOS POFFS 110 GR,SABRITAS,$29.630,$36.000
7500478037889,SABRITAS RUFFLES MIX  90GR,SABRITAS,$17.118,$20.000
7500478037872,SABRITAS DORITOS MIX 90GR,SABRITAS,$17.118,$20.000
7500478037896,SABRITAS CHEETOS MIX 90GR,SABRITAS,$17.118,$20.000
7500478037827,CHETOS RULETA 80 GR,SABRITAS,$17.111,$20.000
7500478037858,DORITOS DINAMITA RULETA 85 GR,SABRITAS,$16.960,$20.000
7500478037964,FRITOS FLAMIN HOT 70 GR,SABRITAS,$13.160,$16.000
7500478038664,SABRITA CRUJIENTE FLAMIN HOT 57GR,SABRITAS,$15.850,$20.000
7500478038671,SABRITAS CRUJIENTE JALAPEÑO 57GR,SABRITAS,$15.850,$20.000
7500478037810,MI CARRITO DE LA ESQUINA PICOSITAS 90 GR,SABRITAS,$11.176,$20.000
7500478037452,CACAHUATES KACANG BOLZAZA FLAMIN HOT 140 GR.,SABRITAS,$21.352,$25.000
7500478037469,CACAHUATES KACANG BOLZAZA INCÓGNITA 140 GR.,SABRITAS,$21.352,$25.000
7500478037704,RUFFLES MEGA CRUNCH SALSA ROJA 42GR,SABRITAS,$12.680,$15.000
7500478037711,RUFFLES MEGA CRUNCH JALAPEÑO 42GR,SABRITAS,$12.841,$15.000
7802000016257,DORITOS DINAMITA FLAMINT HOT 70 G.,SABRITAS,$15.412,$18.000
7501011131125,SABRITAS FRITOS SAL Y LIMON 170GR,SABRITAS,$30.640,$36.000
038000310317,POP TARTS TARTA DE TRIGO MORAS AZULES,SABRITAS,$0.000,$22.000
7500478037483,KACANG SABOR CHEETOS 77 GR,SABRITAS,$12.840,$15.000
7500478034949,CHETOS PALOMITA 24 GR,SABRITAS,$11.980,$13.000
7500478032815,SABRITAS ORIGINAL 159G,SABRITAS,$0.000,$58.000
7500366003491,"TOP TOP""S HOT CHILI  40 GR",SABRITAS,$5.790,$10.000
7500478035137,KACANG CACAHUATES HABANERO BITES 55GR,SABRITAS,$10.271,$12.000
7501020560947,NUTRI EN POLVO ENTERA 450 GR,SABRITAS,$0.000,$45.000
7501011151062,FRITOS CHORIZO 170 GR,SABRITAS,$28.370,$35.000
737186534585,BOCANIKA MAIZ INFLADO JALAPEÑO 40GR,SABRITAS,$0.000,$13.000
7500478022144,KACANG CACAHUATE JAPONES 77GR,SABRITAS,$12.841,$15.000
7500478036639,FRITOS FLAMIN HOT 60GR,SABRITAS,$12.841,$16.000
7501011124608,CACAHUATES MAFER SALADO 170 G.,SABRITAS,$32.280,$40.000
7501011125292,CACAHUATES MAFER SURTIDO SALADO 170 G.,SABRITAS,$32.280,$0.000
7501011126930,CACAHUATES MAFER TOSTADO SAZONADO 170 G.,SABRITAS,$32.280,$40.000
7500478002559,CHURRUMAIS 185 G.,SABRITAS,$28.370,$38.000
7501011154865,PAKETAXO BOTANERO 255 G.,SABRITAS,$44.519,$56.000
7501011126879,TOSTITOS XTRA FLAMIN HOT 65 G,SABRITAS,$15.270,$18.000
7501011131118,FRITOS CHILE Y LIMON 170 G,SABRITAS,$0.000,$38.000
7501011145719,SABRITAS RECETA CRUJIENTE JALAPEÑO 42 GR,SABRITAS,$14.470,$17.000
7501011130920,CHETOS BOLITA 110 G,SABRITAS,$0.000,$38.000
7500478030231,MI CARRITO QUESITOS 65 G,SABRITAS,$12.841,$15.000
7500478034277,SABRITAS ORIGINAL 240GR,SABRITAS,$0.000,$74.000
7500478034956,CACAHUATE SWITCH 77 G.,SABRITAS,$11.890,$16.000
7501011131026,CHICHARRON DE CERDO 70 G.,SABRITAS,$30.640,$45.000
7500478030088,MI CARRITO DE LA ESQUINA 150 G.,SABRITAS,$12.841,$17.000
7500478024711,CHEETOS XTRA FLAMIN HOT 240GR,SABRITAS,$44.798,$56.000
7500478012114,DORITOS XTRA FLAMIN HOT 223 G.,SABRITAS,$41.480,$53.000
7500478025541,DORITOS MIX 205G,SABRITAS,$44.798,$53.000
CACACHES90GRS,SABROCITA CACAHUATE ESPAÑOL,SABRITAS,$11.000,$14.000
7501011167735,DORITOS NACHO 223GR,SABRITAS,$41.480,$48.000
7501011165717,CHEETOS COLMILLOS 28GR,SABRITAS,$11.988,$15.000
7500478025992,KARATE ENCHILADO 58G,SABRITAS,$10.270,$15.000
7500478024827,SABRITAS ORIGINAL 40G,SABRITAS,$0.000,$17.000
7500478033904,CHEETOS TORCIDITOS BOLZAZA 120GR,SABRITAS,$21.352,$25.000
7500478034079,DORITOS HABANERO BITES 40G,SABRITAS,$10.333,$12.000
7500478033829,XFERAS KACANG FLMIN HOT 60GR,SABRITAS,$11.890,$15.000
7500478023196,BOLZAZA PAKE TAXO 120G,SABRITAS,$21.352,$25.000
7500478025268,DORITOS MIX 75G,SABRITAS,$17.118,$20.000
7500810002674,PAPAS SAL DE MAR 42 G,SABRITAS,$13.000,$13.000
7500478034062,CHEETOS HABANERO BITES,SABRITAS,$10.333,$12.000
7500478034178,RUFFLES HABANERO BITES 38 G,SABRITAS,$10.333,$12.000
7500478031047,KARATE CHURRUMAIS,SABRITAS,$12.841,$15.000
7500478034161,KACANG DE HABANERO BITES 48 G,SABRITAS,$10.000,$10.000
7501011143258,SABRITAS RECETA CRUJIENTE 160 G,SABRITAS,$50.000,$52.000
7501011130975,CHEETOS TORCIDITOS 145 G,SABRITAS,$35.000,$35.000
7500478025275,CHEETOS MIX 70 G.,SABRITAS,$17.118,$20.000
7500478019755,KACANG DORITO INCOGNITO CON.67 G,SABRITAS,$12.841,$15.000
7501011167650,SABRITAS  ORIGINAL 105 G,SABRITAS,$30.640,$35.000
7500478030309,SABRITAS STAX FLAMIN HOT.56.7 G,SABRITAS,$25.000,$25.000
7500810012277,CHIPS PAPATINAS 31GR,SABRITAS,$12.604,$15.000
7501011167674,RUFFLES DE QUESO 120GR,SABRITAS,$29.630,$35.000
7500478023189,TOSTITOS BOLZAZA 120GR,SABRITAS,$21.297,$25.000
7500478030538,RUFFLES MIX 55GR,SABRITAS,$17.118,$20.000
7500478028399,DORITOS BLAZIN CRUNCHEESE 61GR,SABRITAS,$14.000,$17.000
7500478028405,CHETOS BLAZIN CRUN CHEESE 50GR,SABRITAS,$12.000,$14.000
7500478028672,KACANG CACAHUATE FLAMIN HOT 67GR,SABRITAS,$12.841,$15.000
7500478022175,KACANG CACAHUATE SAL Y LIMON 64GR,SABRITAS,$12.841,$15.000
7500478022168,KACANG CACAHUATE ENCHILADO 64GR,SABRITAS,$12.841,$15.000
7500478028573,KACANG CACAHUIATES BLAZIN CRUN CHEESE 67GR,SABRITAS,$12.000,$12.000
7500478026418,KACANG CACAHUTE INCOGNITO 130GR,SABRITAS,$17.400,$25.000
7500478026401,KACANG CACAHUATE FLAMINT HOT BOLZAZA 130 G,SABRITAS,$18.792,$20.000
7500478031863,KARATE CHILE Y LIMON 75GR,SABRITAS,$11.890,$15.000
7501011155022,PAKETAXO XTRA FLAMIN HOT 215 G,SABRITAS,$42.480,$53.000
7500478028108,MI CARRITO DE LA ESQUINA 90GR,SABRITAS,$16.664,$20.000
7500478018604,RUFFLES ULTRA BLAZIN CHEESE,SABRITAS,$14.000,$14.000
7500478018598,RUFFLES ULTRA FLAMING HOT 52GR,SABRITAS,$14.000,$14.000
7500478027408,DORITOS DINAMITA FLAMIN*HOT 125GR,SABRITAS,$21.351,$20.000
7500478027897,HAVY FLAMIN*HOT 45GR,SABRITAS,$10.000,$10.000
7500478027699,RUFFLES MEGA CRUNCH FLAMIN*HOT 55GR,SABRITAS,$15.412,$17.000
7500478025343,SABRITAS RECETA CRUJIENTE CLASICA 49GR,SABRITAS,$15.500,$17.000
7500478023158,RANCHERITOS BOLZAZA 105GR,SABRITAS,$21.352,$25.000
7500478027576,TORTRIX CHILE Y LIMON 150GR,SABRITAS,$15.000,$15.000
7500478026555,KARATE JAPONES 123GR,SABRITAS,$15.270,$17.000
7500478025985,KARATE JAPONES 65GR,SABRITAS,$11.560,$12.000
7500478025305,KARATE JAPONES 185GR,SABRITAS,$18.720,$20.000
7500478027569,TORTRIX LIMON Y SAL 150 GR,SABRITAS,$15.000,$15.000
7500478026036,DORITOS DINAMITA  FLAMIN*HOT 70 G,SABRITAS,$14.270,$18.000
7501011115613,SABRITAS ORIGINAL 340 G,SABRITAS,$68.000,$75.000
7501011173521,TOSTITOS PARA NACHOS 400 G,SABRITAS,$40.000,$40.000
7500478022762,CACAHUATES KACANG SAL Y LIMON 66 G,SABRITAS,$11.000,$11.000
7500478025879,CHETOS SALSA PICANTE 31 G,SABRITAS,$10.000,$12.000
7500478015863,CHEETOS FLAMIN*HOT POFFS 39 G,SABRITAS,$11.890,$15.000
7500478023516,KARATE JAPONES CACAHUATE 75 G,SABRITAS,$10.000,$10.000
7500478024629,CACAHUATES KACANG INCOGNITA Y DORITOS 110 G,SABRITAS,$15.000,$17.000
7500478022182,CACAHUATES KACANG FLAMIN-HOT 114 G,SABRITAS,$15.000,$15.000
7500478025169,DORITOS MIX 75G,SABRITAS,$15.000,$17.000
7501011127012,TOSTITOS SALSA VERDE 65 G,SABRITAS,$12.853,$18.000
7501011130937,CHEETOS XTRA FLAMIN HOT 145 G,SABRITAS,$29.570,$35.000
7501011167728,CHETOS TORCIDITOS 240 G,SABRITAS,$26.000,$50.000
7500478007981,RUFFLES DE QUESO 200 G,SABRITAS,$41.480,$39.000
7500478023141,BOLZAZA FRITOS LIMON Y SAL 115 G,SABRITAS,$21.352,$25.000
7501011131064,DORITOS NACHO 146 G,SABRITAS,$29.630,$36.000
7501011114517,RANCHERITOS 145 G,SABRITAS,$30.640,$35.000
7501011155008,PAKETAXO QUESO 208 GR,SABRITAS,$44.500,$56.000
056952656,PAQUETAXO AZUL 73 G,SABRITAS,$12.000,$15.000
7501011142299,CRUJITOS DE 42 GR,SABRITAS,$13.680,$16.000
7501011163706,DORITOS 3D 50 G,SABRITAS,$15.412,$18.000
7501011102095,RUFFLES ORIGINAL 48 GR,SABRITAS,$14.270,$18.000
7500478019694,CACAHUATE KARATE DE 133 G,SABRITAS,$15.000,$15.000
7500478012008,POPPLERS  CHILE Y LIMON SABRITAS 33GR,SABRITAS,$10.000,$10.000
7500478011995,POPPLERS ORIGINAL  SABRITAS 33GR,SABRITAS,$12.000,$10.000
7500478018512,DORITOS DINAMITA SABOR CHILE Y LIMON 65 G,SABRITAS,$14.270,$17.000
7500478016587,CHURUMAIS  ORIGINAL  70 GR,SABRITAS,$11.890,$15.000
7501011145764,CHURRUMAIS FLAMAS  70 GR,SABRITAS,$11.988,$15.000
7501011159242,SABRITAS RECETA  CRUJIENTE FLAMINT HOT 49GR,SABRITAS,$14.412,$18.000
7501011101463,SABRITAS ADOBADAS 45GR,SABRITAS,$14.270,$18.000
7500478008025,DORITOS NACHO BOLZAZA 100GR,SABRITAS,$21.351,$25.000
7500478007974,RUFFLES MEGA CRUNCH JALAPEÑO 53GR,SABRITAS,$15.412,$18.000
7500478006175,CHEETOS BOLZAZA FLAMIN HOT 115GR,SABRITAS,$19.770,$25.000
7500478007622,SABRITAS ORIGINAL BOLZAZA 68GR,SABRITAS,$19.770,$25.000
7500478007639,SABRITAS RECETA  CRUJIENTE FLAMIN HOT BOLZAZA 70GR,SABRITAS,$17.300,$25.000
7501011151079,CHICHARRON DE CERDO SABRITAS 30GR,SABRITAS,$15.410,$17.000
7500478003174,CHEETOS BIGOCHOS 37GR,SABRITAS,$6.000,$9.000
7501011112438,PAKETAXO BOTANERO 70 GR,SABRITAS,$15.412,$20.000
7501011114524,RUFFLES QUESO 53GR,SABRITAS,$9.000,$14.000
7500478006052,KACANG SABRITAS CACAHUATES SAL Y LIMON 74GR,SABRITAS,$8.000,$10.000
7500478006045,KACANG SABRITAS CACAHUATES CHILE Y LIMON 74GR,SABRITAS,$8.000,$10.000
7500478006069,KACANG SABRITAS CACAHUATES MEXICANA 74GR,SABRITAS,$8.000,$10.000
7500478006199,KACANG SABRITAS CACAHUATES FLAMIN HOT 135GR,SABRITAS,$12.000,$15.000
7500478028382,CHURRUMAIS SABRITAS FLAMAS 56GR,SABRITAS,$6.000,$15.000
7501011154902,PAQUETAXO SABRITAS MEZCLADITO 280GR,SABRITAS,$41.480,$56.000
7501011165687,SABRITAS ORIGINAL 171GR,SABRITAS,$39.510,$56.000
7501011115606,SABRITAS ORIGINAL 240GR,SABRITAS,$30.000,$40.000
7500478002849,ROCKALETA MANCHA-T 50GR,SABRITAS,$12.853,$15.000
7501011159266,SABRITAS RECETA CRUJIENTE FLAMINHOT 170GR,SABRITAS,$41.480,$48.000
7501011143241,SABRITAS RECETA CRUJIENTE CLASICAS 170GR,SABRITAS,$41.480,$48.000
7501011135024,PAKETAXO MEZCLADITO 170GR,SABRITAS,$29.900,$38.000
7501011151086,SABRITONES SABRITAS 160 GR,SABRITAS,$28.800,$38.000
7500478008537,RUFFLES MEGA CRUCH COCTELERAS 55GR,SABRITAS,$0.000,$12.000
7501011126398,RUFFLES MEGA CRUCH JALAPEÑO 55GR,SABRITAS,$0.000,$12.000
7501011118119,SABRITAS CREMA Y ESPECIAS 45GR,SABRITAS,$15.412,$18.000
7501011101456,SABRITAS ORIGINAL 42G,SABRITAS,$15.411,$18.000
7500478007950,RUFFLES ORIGINAL 53GR,SABRITAS,$0.000,$14.000
7500478007967,RUFFLES MEGA CRUNCH SALSA ROJA 48 GR,SABRITAS,$11.890,$17.000
7501011123588,DORITOS NACHO 62GR,SABRITAS,$14.270,$18.000
7501011104099,RUFFLES QUESO 48 GR,SABRITAS,$15.411,$18.000
7501011143999,CHEETOS NACHO 52GR,SABRITAS,$10.890,$15.000
7501011143753,CHEETOS XTRA FLAMINHOT 52GR,SABRITAS,$11.890,$15.000
7501011130272,DORITOS XTRA FLAMINHOT 62GR,SABRITAS,$14.270,$18.000
7501011123595,DORITOS DIABLO 62GR,SABRITAS,$14.270,$18.000
7501011123878,DORITOS INCOGNITA 62GR,SABRITAS,$14.270,$18.000
7501011123380,DORITOS PIZZEROLAS 62GR,SABRITAS,$14.270,$18.000
7501011143586,CHEETOS TORCIDITOS 55 GR,SABRITAS,$12.990,$15.000
7500478014606,CHEETOS POFFS 38GR,SABRITAS,$11.988,$15.000
7501011155343,CHEETOS PALOMITAS 29GR,SABRITAS,$11.890,$15.000
7501011137431,SABRITAS HABANERO 45GR,SABRITAS,$15.412,$17.000
7501011143739,SABRITAS FLAMINHOT 45GR,SABRITAS,$15.150,$18.000
7500478015047,CHEETOS BOLITAS 42GR,SABRITAS,$11.950,$15.000
7501011101678,SABRITAS LIMON 45GR,SABRITAS,$14.270,$18.000
7501011110335,FRITOS SAL Y LIMON 65GR,SABRITAS,$12.700,$16.000
7501011116252,FRITOS CHILE Y LIMON SABRITAS 65GR,SABRITAS,$13.680,$16.000
7501011112254,FRITOS CHIPOTLE SABRITAS 65GR,SABRITAS,$13.680,$16.000
7500478028375,CHURRUMAIS SABRITAS 62GR,SABRITAS,$11.988,$15.000
7501011111028,RANCHERITOS SABRITAS 60GR,SABRITAS,$12.890,$16.000
7501011149205,SABRITAS SABRITONES 60GR,SABRITAS,$11.590,$15.000
7501011169876,TOSTITOS SALSA VERDE 62GR,SABRITAS,$0.000,$14.000
7501011180499,SABRITAS RECETA CRUJIENTE FLAMINHOT 100GR,SABRITAS,$0.000,$38.000
7501011148963,PAKETAXO MEZCLADITO 70GR,SABRITAS,$14.270,$20.000
7501011114623,PAKETAXO QUESO 65GR,SABRITAS,$14.270,$20.000
7501011144460,PAKETAXO XTRAFLAMINHOT 70GR,SABRITAS,$14.270,$20.000
7500478000111,KACANG JAPONES SABRITAS 80GR,SABRITAS,$0.000,$13.000
7501011119482,JAPONES KARATE 150GR,SABRITAS,$0.000,$15.000
7500478008032,RUFFLES QUESO BOLZAZA 82GR,SABRITAS,$21.351,$25.000
75081898,HUNTS SALSA BBQ ORIGINAL 305GR,SALSAS ENVASADAS Y SAZONADORES,$0.000,$42.000
7503024085990,BOTANERA CHILE DE ARBOL 370ML,SALSAS ENVASADAS Y SAZONADORES,$0.000,$20.000
7501052470658,CLEMENTE JACQUES VINAGRETA BALSAMICA CON ALBAHACA 255GR,SALSAS ENVASADAS Y SAZONADORES,$0.000,$69.000
7501052470474,CLEMENTE JACQUES DE ADEREZO CILANTRO 260GR,SALSAS ENVASADAS Y SAZONADORES,$0.000,$69.000
7501052470498,CLEMENTE JACQUES ADEREZO MANGO HABANERO 260GR,SALSAS ENVASADAS Y SAZONADORES,$0.000,$69.000
7501052470436,CLEMENTE JACQUES ADEREZO MOSTAZA Y MIEL 260GR,SALSAS ENVASADAS Y SAZONADORES,$0.000,$69.000
7501003308535,MCCORMICK CHILPOTLE ADEREZO 310GR,SALSAS ENVASADAS Y SAZONADORES,$0.000,$40.000
7501003311412,MCCORMICK AJO EN TROZO 65GR,SALSAS ENVASADAS Y SAZONADORES,$0.000,$26.000
7501003302014,MCCORMICK SAZONADOR SABROSEADOR 65GR,SALSAS ENVASADAS Y SAZONADORES,$0.000,$26.000
7501003337344,MCCORMICK CEBOLLA EN TROZO 58GR,SALSAS ENVASADAS Y SAZONADORES,$0.000,$26.000
7501017044955,LA COSTEÑA SALSA VERDE 450GR,SALSAS ENVASADAS Y SAZONADORES,$0.000,$36.000
7501052437217,CLEMENTE JACQUES ITALIANO CRUTONES 142GR,SALSAS ENVASADAS Y SAZONADORES,$0.000,$40.000
7501006585216,DEL MONTE SALSA CATSUP 900GR,SALSAS ENVASADAS Y SAZONADORES,$0.000,$42.000
011848330044,LA ANITA CHAMOY 535GR,SALSAS ENVASADAS Y SAZONADORES,$0.000,$20.000
75020118,TAJIN CLASICO 10GR,SALSAS ENVASADAS Y SAZONADORES,$0.000,$10.000
738545010559,SALSA BOTANERA 1.5LT,SALSAS ENVASADAS Y SAZONADORES,$0.000,$43.000
7501003301895,MCCORMICK AJO EN POLVO 77GR,SALSAS ENVASADAS Y SAZONADORES,$0.000,$47.000
7501006585209,DEL MONTE SALSA CATSUP 650GR,SALSAS ENVASADAS Y SAZONADORES,$30.500,$43.000
97891,CARIBBEAN GOURMET PINEAPPLE HABANERO 150 ML,SALSAS ENVASADAS Y SAZONADORES,$45.000,$55.000
9780201379693,CARRIBBEAN GOURMET TAMARINDO HABANERO 150 ML,SALSAS ENVASADAS Y SAZONADORES,$45.000,$55.000
9780201379129,CARIBBEAN GOURMET MANGO HABANERO 150 ML,SALSAS ENVASADAS Y SAZONADORES,$45.000,$55.000
9780201379143,CARIBBEAN GOURMET HABANERO GARLIC 150 ML,SALSAS ENVASADAS Y SAZONADORES,$45.000,$55.000
9780201379136,CARIBBEAN GOURMET AGUACATE HABANERO 150 ML,SALSAS ENVASADAS Y SAZONADORES,$45.000,$55.000
7501003100917,SALSA DE GUACAMOLE PICANTE HERDEZ 240 GR,SALSAS ENVASADAS Y SAZONADORES,$25.700,$30.000
7501003127600,SALSA VERDE HERDEZ 240 GR,SALSAS ENVASADAS Y SAZONADORES,$17.620,$20.000
7501003103703,SALSA CASERA HERDEZ 240 GR,SALSAS ENVASADAS Y SAZONADORES,$21.700,$26.000
7501017005918,SALSA CASERA MEXICANA LA COSTEÑA 250GR,SALSAS ENVASADAS Y SAZONADORES,$0.000,$18.000
013000001243,TOMATE KÉTCHUP HEINZ 397 GR,SALSAS ENVASADAS Y SAZONADORES,$23.120,$31.000
7501003105431,SALSA DE GUACAMOLE HERDEZ 240GR,SALSAS ENVASADAS Y SAZONADORES,$23.600,$34.000
633148100624,TAJIN CLÁSICO REDUCIDO EN SODIO 142 G.,SALSAS ENVASADAS Y SAZONADORES,$29.827,$39.000
633148211139,TAJIN CLASICO SOBRE 4G,SALSAS ENVASADAS Y SAZONADORES,$0.000,$3.000
7501017043385,CHILITO LA COSTEÑA 130 G.,SALSAS ENVASADAS Y SAZONADORES,$25.000,$30.000
011848123189,SALSA CON CHILE HABANERO TATEMADO KUT-IK 150ML,SALSAS ENVASADAS Y SAZONADORES,$19.410,$26.000
7501003105929,SALSA TATEMADA Y MARTAJADA HERDEZ 240 GR,SALSAS ENVASADAS Y SAZONADORES,$23.120,$26.000
097339090604,SALSA VALENTINA SOBRE10GR,SALSAS ENVASADAS Y SAZONADORES,$0.000,$1.000
75080129,CATSUP DEL MONTE 390 G.,SALSAS ENVASADAS Y SAZONADORES,$12.458,$17.000
738545010030,BOTANERA 500 ML,SALSAS ENVASADAS Y SAZONADORES,$15.995,$21.000
7501003301888,CONDIMENTO SAL CON CHILE Y LIMON 104 G,SALSAS ENVASADAS Y SAZONADORES,$23.000,$23.000
633148100617,TAJIN SALSA CHAMOY 475ML,SALSAS ENVASADAS Y SAZONADORES,$27.000,$27.000
7501003337627,CANELA MOLIDA MCCORMICK 63 G,SALSAS ENVASADAS Y SAZONADORES,$40.000,$40.000
011848205540,PASTA ADOBO ACHIOTE LA ANITA 1 KG,SALSAS ENVASADAS Y SAZONADORES,$68.000,$68.000
097339000214,VALENTINA AMARILLA 350ML,SALSAS ENVASADAS Y SAZONADORES,$12.380,$11.000
7502265070956,SALSA BBQ POUCH 612GR,SALSAS ENVASADAS Y SAZONADORES,$27.000,$27.000
738545010511,BOTANERA SALSA PICANTE 353 ML,SALSAS ENVASADAS Y SAZONADORES,$10.000,$12.000
7501017035007,SALSA CATSUP COSTEÑA 1KG,SALSAS ENVASADAS Y SAZONADORES,$22.000,$23.000
011210000834,SALSA TABASCO 60 ML,SALSAS ENVASADAS Y SAZONADORES,$35.000,$54.000
7501017003716,PURE TOMATE COSTEÑA 1 KG,SALSAS ENVASADAS Y SAZONADORES,$21.000,$21.000
75053901,CATSUP DEL MONTE 320 G,SALSAS ENVASADAS Y SAZONADORES,$12.960,$15.000
633148188578,SAZON TAJIN CONT,SALSAS ENVASADAS Y SAZONADORES,$5.000,$5.000
01245210254,SALSAS CAPSUP DEL  MONTE DE 650 G,SALSAS ENVASADAS Y SAZONADORES,$29.000,$29.000
7501018203849,CATSUP EMBASA 1 KG,SALSAS ENVASADAS Y SAZONADORES,$22.000,$22.000
123456987,CAPSUN DEL MONTE 900 G,SALSAS ENVASADAS Y SAZONADORES,$31.000,$31.000
633148101027,TAJIN CLASICO 255G,SALSAS ENVASADAS Y SAZONADORES,$40.000,$40.000
7501052473529,SALSA TAQUERA CLEMENTE J. 370GR,SALSAS ENVASADAS Y SAZONADORES,$18.000,$18.000
7501052472102,CATSUP CLEMENTE J. 340GR,SALSAS ENVASADAS Y SAZONADORES,$10.000,$10.000
756702134542,SALSA CHILE SECO CHARRAS 240GR,SALSAS ENVASADAS Y SAZONADORES,$13.000,$14.000
756702134559,SALSA ROJA ASADA CHARRAS 240GR,SALSAS ENVASADAS Y SAZONADORES,$13.000,$13.000
7501059297586,JUGO NAGGI SAZONADO 45ML,SALSAS ENVASADAS Y SAZONADORES,$15.000,$20.000
7501052472195,SALSA CATSUP CLEMENTE JACQUES 220GR,SALSAS ENVASADAS Y SAZONADORES,$8.000,$12.000
7501017004683,SALSA VERDE LA COSTEÑA 475GR,SALSAS ENVASADAS Y SAZONADORES,$13.000,$16.000
7501017041145,SALSA CATSUP LA COSTEÑA 375GR,SALSAS ENVASADAS Y SAZONADORES,$11.000,$14.000
7501017004706,SALSA ROJA TAQUERA LA COSTEÑA 475GR,SALSAS ENVASADAS Y SAZONADORES,$20.000,$24.000
7501003393050,SALSA BUFALO 150GR,SALSAS ENVASADAS Y SAZONADORES,$8.000,$13.000
7501006582949,HUNTS BOLOGNESA 360GR,SALSAS ENVASADAS Y SAZONADORES,$11.000,$14.000
8585002432339,MAGGI JUGOSO AL SARTEN 23.4GR,SALSAS ENVASADAS Y SAZONADORES,$0.000,$19.000
7501003311450,MCCORMICK SAL CON AJO 125GR,SALSAS ENVASADAS Y SAZONADORES,$0.000,$0.000
7501006510379,SALSA VERDE DEL MONTE 220GR,SALSAS ENVASADAS Y SAZONADORES,$0.000,$13.000
7501003337887,MCCORMICK ABLANDADOR DE CARNES 155GR,SALSAS ENVASADAS Y SAZONADORES,$0.000,$12.000
7501003337825,MCCORMICK SAL CON AJO 157GR,SALSAS ENVASADAS Y SAZONADORES,$0.000,$12.000
204,SALSA PICANTE TABASCO 60 ML,SALSAS ENVASADAS Y SAZONADORES,$0.000,$16.000
7501037217179,LOL-TUN SALSA HABANERO 150GR,SALSAS ENVASADAS Y SAZONADORES,$0.000,$47.000
7501006584028,HUNTS SALSA BBQ 620GR,SALSAS ENVASADAS Y SAZONADORES,$0.000,$62.000
7501006584035,SALSA BBQ 360GR HUNTS,SALSAS ENVASADAS Y SAZONADORES,$0.000,$32.000
165,JUGO SAZONADOR MAGGI 200 ML,SALSAS ENVASADAS Y SAZONADORES,$0.000,$43.000
7501001604103,JUGO SAZONADOR MAGGI 100 ML,SALSAS ENVASADAS Y SAZONADORES,$34.210,$45.000
7501058628664,SALSA TIPO INGLESA CROSSE & BLACKWELL 50ML,SALSAS ENVASADAS Y SAZONADORES,$0.000,$17.000
7501001604318,SALSA TIPO INGLESA CROSSE & BLACKWELL 145ML,SALSAS ENVASADAS Y SAZONADORES,$0.000,$49.000
041390000508,SALSA DE SOYA KIKKOMAN 148ML,SALSAS ENVASADAS Y SAZONADORES,$0.000,$30.000
160,SALSA CATSUP DEL MONTE 320GR,SALSAS ENVASADAS Y SAZONADORES,$12.080,$16.000
75014339,SALSA CATSUP DEL MONTE 220GR,SALSAS ENVASADAS Y SAZONADORES,$10.480,$14.000
7501006510386,SALSA TAQUERA DEL MONTE 220GR,SALSAS ENVASADAS Y SAZONADORES,$0.000,$13.000
7501017005925,SALSA VERDE LA COSTEÑA 250GR,SALSAS ENVASADAS Y SAZONADORES,$22.473,$30.000
7501017005949,SALSA ROJA TAQUERA LA COSTEÑA TATEMADA 250GR,SALSAS ENVASADAS Y SAZONADORES,$22.473,$30.000
011848455570,PASTA ADOBO ACHIOTE LA ANITA 110GR,SALSAS ENVASADAS Y SAZONADORES,$9.680,$18.000
738545010481,SALSA BOTANERA 370ML,SALSAS ENVASADAS Y SAZONADORES,$10.807,$15.000
738545010016,SALSA BOTANERA 1 LT.,SALSAS ENVASADAS Y SAZONADORES,$23.523,$20.000
097339000047,SALSA VALENTINA NEGRA 1LT,SALSAS ENVASADAS Y SAZONADORES,$28.067,$23.000
097339000030,SALSA VALENTINA AMARILLA 1 LT,SALSAS ENVASADAS Y SAZONADORES,$26.790,$34.000
097339000054,SALSA VALENTINA AMARILLA 370ML,SALSAS ENVASADAS Y SAZONADORES,$12.020,$18.000
097339000061,SALSA VALENTINA NEGRA 370ML,SALSAS ENVASADAS Y SAZONADORES,$14.180,$18.000
076397007908,SALSA CHILE PASILLA DOÑA CHONITA 350GR,SALSAS ENVASADAS Y SAZONADORES,$0.000,$22.000
076397007854,SALSA CHILE GUAJILLO DOÑA CHONITA 350GR,SALSAS ENVASADAS Y SAZONADORES,$0.000,$22.000
076397007601,ADOBO DOÑA CHONITA 350GR,SALSAS ENVASADAS Y SAZONADORES,$0.000,$22.000
633148211146,TAJIN POLVO SOBRE 4GR,SALSAS ENVASADAS Y SAZONADORES,$0.000,$3.000
633148100013,TAJIN POLVO FRASCO 142GR.,SALSAS ENVASADAS Y SAZONADORES,$31.490,$36.000
7501055385843,SANTA CLARA DESLACTOSADA 1.5L,SANTA CLARA,$0.000,$40.000
7501055374571,SANTA CLARA CREMA PREMIUM EDIFICADA 420ML,SANTA CLARA,$0.000,$49.000
7501055358106,SANTA CLARA DESLACTOSADA CHOCOLATE 250ML,SANTA CLARA,$0.000,$17.000
7501055375462,SANTA CLARA LECHE ENTERA 1.5LT,SANTA CLARA,$0.000,$39.000
7501055377916,SANTA CLARA ENTERA 180ML,SANTA CLARA,$0.000,$11.000
7501055377213,LECHE SANTA CLARA CAPUCCINO 180 ML,SANTA CLARA,$11.250,$12.000
7501055361052,LECHE SANTA CLARA  MENTA CHOCOLATE 250ML,SANTA CLARA,$14.100,$17.000
7501055377206,SANTA CLARA VAINILLA 180ML,SANTA CLARA,$11.250,$12.000
7501055377190,SANTA CLARA FRESA 180ML,SANTA CLARA,$11.250,$12.000
7501055377183,SANTA CLARA CHOCOLATE 180ML,SANTA CLARA,$11.250,$12.000
025293002920,SILK SABOR ALMENDRA SIN AZUCAR 946 ML,SANTA CLARA,$0.000,$49.000
7501055358113,SANTA CLARA FRESA 250 ML,SANTA CLARA,$14.167,$17.000
7501055367832,MTDA SANTA CLARA CHOCOLATE 135ML,SANTA CLARA,$9.000,$9.000
7501295600614,SANTA CLARA DE CHOCOLATE 200 ML,SANTA CLARA,$10.000,$10.000
7501295600607,LECHE STA CLARA 200ML,SANTA CLARA,$6.000,$6.000
7501055360239,SANTA CLARA DESLACTOSADA  750 ML,SANTA CLARA,$16.000,$16.000
7501055360246,SANTA CLARA ENTERA  750 ML,SANTA CLARA,$15.000,$18.000
7501055367139,SANTA CLARA CHOCOLATE 250ML,SANTA CLARA,$14.100,$16.000
7501295600621,SANTA CLARA FRESA 200ML,SANTA CLARA,$9.000,$10.000
7501295600140,SANTA CLARA LIGHT 1 LT,SANTA CLARA,$0.000,$10.000
7501295600126,SANTA CLARA ENTERA 1 LT,SANTA CLARA,$26.000,$28.000
7501295600157,SANTA CLARA DESLACTOSADA 1 LT,SANTA CLARA,$26.833,$28.000
7501035030176,SIDRA POMA ROSA 700 ML,SIDRAS,$70.000,$70.000
7501059200050,STA MARIA AGUA NATURAL 500ML,STA MARIA Y NESTLE,$0.000,$6.000
7501059235441,STA MARIA AGUA NATURAL 1 LT,STA MARIA Y NESTLE,$0.000,$15.000
7501059295551,NESTLE AGUA NATURAL KIDS 300 ML,STA MARIA Y NESTLE,$2.950,$5.000
7501059200777,NESTLE AGUA NATURAL 1.5 LT,STA MARIA Y NESTLE,$0.000,$15.000
7501059200708,PUREZA VITAL 500 ML,STA MARIA Y NESTLE,$0.000,$9.000
7501059215764,NESTLE AGUA NATURAL 1 LT,STA MARIA Y NESTLE,$4.730,$13.000
7501059295254,NESTLE AGUITAS DE MANZANA 300 ML,STA MARIA Y NESTLE,$5.000,$5.000
027541010244,AGUA NIAGARA 1 LT,STA MARIA Y NESTLE,$7.000,$7.000
7501059236745,NESTLE AGUA NATURAL 4 LT,STA MARIA Y NESTLE,$14.083,$35.000
7501059200012,STA MARIA AGUA NATURAL 1.5 LT,STA MARIA Y NESTLE,$0.000,$15.000
7501059274488,NESTLE AGUA NATURAL 600ML,STA MARIA Y NESTLE,$4.250,$10.000
7501025400170,PINOL AROMAS FLORAL 500ML,SUAVIZANTES Y LIMPIADORES,$0.000,$26.000
7509546044408,SUAVITEL COMPLETE FRESCA PRIMAVERA 450ML,SUAVIZANTES Y LIMPIADORES,$0.000,$20.000
7501025451158,PINOL AROMAS FRAGANCIAS FINAS 828ML,SUAVIZANTES Y LIMPIADORES,$0.000,$28.000
012388003979,BOLD 3 SUAVISANTE SUAVE FRESCURA 1LT,SUAVIZANTES Y LIMPIADORES,$0.000,$30.000
012388003986,BOLD 3 SUAVISANTE FLORES DE PRIMAVERA 1LT,SUAVIZANTES Y LIMPIADORES,$0.000,$30.000
7501025445461,PINOS AROMAS FRAGANCIAS FINAS FRESCURA NOCTURNA 828ML,SUAVIZANTES Y LIMPIADORES,$23.090,$28.000
7501025443603,ENSUEÑO ULTRA FRESCO VERANO 7 EN 1 740ML,SUAVIZANTES Y LIMPIADORES,$0.000,$33.000
7501025403607,PINOL COCINA 650ML,SUAVIZANTES Y LIMPIADORES,$0.000,$64.000
7501025403614,PINOL VIDRIOS 650ML,SUAVIZANTES Y LIMPIADORES,$0.000,$64.000
7501981901834,PASTILLA DESODORANTE LA POBLANITA AQUA BLUE 50 GR,SUAVIZANTES Y LIMPIADORES,$8.500,$15.000
7501981901827,PASTILLA DESODORANTE LA POBLANITA PINO 50 GR,SUAVIZANTES Y LIMPIADORES,$8.500,$15.000
7501981901810,PASTILLA DESODORANTE LA POBLANITA LAVANDA 50 GR,SUAVIZANTES Y LIMPIADORES,$8.500,$15.000
7501841000400,PASTILLA DESINFECTANTE MONY BLUE,SUAVIZANTES Y LIMPIADORES,$12.500,$20.000
7501071907630,POETT ESPÍRITU PLAY 900 ML,SUAVIZANTES Y LIMPIADORES,$15.441,$22.000
7501071906947,POETT ALEGRA TU DIA 900 ML,SUAVIZANTES Y LIMPIADORES,$15.441,$22.000
7501071906992,POETT MUSICA EN PRIMAVERA 900ML,SUAVIZANTES Y LIMPIADORES,$18.080,$22.000
7501025408428,ENSUEÑO MAX FRESCURA AZUL 1L.,SUAVIZANTES Y LIMPIADORES,$21.003,$27.000
7501025450144,ENSUEÑO FRESCURA PRIMAVERAL 1L.,SUAVIZANTES Y LIMPIADORES,$21.003,$27.000
7501025404840,JABON LIQUIDO PINOL ROPA BLANCA Y COLOR 828 ML.,SUAVIZANTES Y LIMPIADORES,$27.400,$34.000
7501025404871,JABON LIQUIDO PINOL ROPA OSCURA Y MEZCLILLA,SUAVIZANTES Y LIMPIADORES,$27.400,$34.000
7501025412913,PASTILLA CLORALEX 45 G.,SUAVIZANTES Y LIMPIADORES,$29.300,$38.000
7501268200216,LOS PATITOS FLORAL 1LT,SUAVIZANTES Y LIMPIADORES,$15.000,$20.000
7501268200377,LOS PATITOS BEBE 1LT,SUAVIZANTES Y LIMPIADORES,$15.000,$20.000
7501268200544,LOS PATITOS LIMA-LIMON 1LT,SUAVIZANTES Y LIMPIADORES,$15.000,$20.000
7501268200414,LOS PATITOS MANZANA CANELA 1LT,SUAVIZANTES Y LIMPIADORES,$15.000,$20.000
7501268200346,LOS PATITOS FRUTAL 1LT,SUAVIZANTES Y LIMPIADORES,$15.000,$20.000
7501268200230,LOS PATITOS NARANJA 1LT,SUAVIZANTES Y LIMPIADORES,$15.000,$20.000
7501268200223,LOS PATITOS FRESCO AMANECER 1LT,SUAVIZANTES Y LIMPIADORES,$15.000,$20.000
7501016802105,AROMATIZANTE BLASA PASTILLA AROMA LAVANDA100 G.,SUAVIZANTES Y LIMPIADORES,$11.997,$16.000
7509546680132,SUAVITEL COMPLETE PRIMAVERA 700ML,SUAVIZANTES Y LIMPIADORES,$21.120,$28.000
7501058752772,VANISH GEL QUITAMANCHAS 450 ML.,SUAVIZANTES Y LIMPIADORES,$0.000,$32.000
7501025462017,PINOL ORIGINAL 1LT,SUAVIZANTES Y LIMPIADORES,$21.800,$29.000
7501071900204,POETT FRESCURA LAVANDA 900ML,SUAVIZANTES Y LIMPIADORES,$18.080,$16.000
7501025404079,ENSUEÑO MAX ROCIO DE VIOLETAS 1 L.,SUAVIZANTES Y LIMPIADORES,$21.000,$25.000
7509546680156,SUAVITEL COMPLETE ACQUA 700 ML,SUAVIZANTES Y LIMPIADORES,$22.083,$28.000
7509546680163,SUAVITEL COMPLETE FRESCO AROMA 700 ML,SUAVIZANTES Y LIMPIADORES,$21.120,$28.000
7509546680118,SUAVITEL COMPLETE ANOCHECER 700 ML,SUAVIZANTES Y LIMPIADORES,$18.670,$28.000
7501268200247,LIMPIADOR LIQUIDO LOS PATITOS LAVANDA 1LT,SUAVIZANTES Y LIMPIADORES,$15.000,$20.000
7501032922795,WINDEX ORIGINAL 640ML,SUAVIZANTES Y LIMPIADORES,$0.000,$55.000
7509546687179,SUAVITEL C. SUPERIOR F. DE MANZANA 740ML,SUAVIZANTES Y LIMPIADORES,$0.000,$27.000
7500435126045,DOWNY ELEGANCE 750 ML,SUAVIZANTES Y LIMPIADORES,$32.000,$32.000
7500435126014,DOWNY ROMANCE 750 ML,SUAVIZANTES Y LIMPIADORES,$32.000,$32.000
7500435125987,DOWNY PASSION 750 ML,SUAVIZANTES Y LIMPIADORES,$32.000,$32.000
7509546676562,SUAVITEL FRESCO AMOR 700 ML,SUAVIZANTES Y LIMPIADORES,$23.000,$23.000
7501025413019,ENSUEÑO FRESCURA PRIMAVERAL 850 ML,SUAVIZANTES Y LIMPIADORES,$23.000,$23.000
7509546045689,VEL ROSITA 450 ML,SUAVIZANTES Y LIMPIADORES,$30.040,$39.000
7509546074061,AJAX PINO 2 L,SUAVIZANTES Y LIMPIADORES,$36.000,$36.000
7501025440183,ENSUEÑO ULTRA 7 EN 1 740 ML,SUAVIZANTES Y LIMPIADORES,$23.000,$23.000
7501025408084,ENSUEÑO DE LICHI Y ARGAN 850 ML,SUAVIZANTES Y LIMPIADORES,$23.000,$23.000
7501025401610,ENSUEÑO MAX FRESCURA AZUL 850 ML,SUAVIZANTES Y LIMPIADORES,$23.000,$23.000
7501058755179,BRASSO GOLD ANTIGRASA DE NARANJA 650ML,SUAVIZANTES Y LIMPIADORES,$64.000,$64.000
7501199419442,PASTILLAS S. BREF DUO PINO 100G,SUAVIZANTES Y LIMPIADORES,$40.000,$40.000
7501199419305,PASTILLAS S. BREF DUO ORIGINAL 100G,SUAVIZANTES Y LIMPIADORES,$40.000,$40.000
7509546062396,SUAVITEL M. MAGICOS ABRAZO DE AMOR 2.8 LT,SUAVIZANTES Y LIMPIADORES,$75.000,$75.000
7501025456382,PINOL ORIGINAL CITRICO 1.65LT,SUAVIZANTES Y LIMPIADORES,$32.000,$32.000
7501025403201,PINOL ROPA BLANCA Y DE COLOR 1LT,SUAVIZANTES Y LIMPIADORES,$20.000,$20.000
7501025403386,PINOL ORIGINAL 5LT,SUAVIZANTES Y LIMPIADORES,$70.000,$70.000
7500435152112,DOWNY FRESCURA ORIGINAL SUAVIZANTE 4.8LTS,SUAVIZANTES Y LIMPIADORES,$120.000,$120.000
7509546653631,FABULOSO F. ACTIVA LIMÓN R. 1.65L,SUAVIZANTES Y LIMPIADORES,$30.000,$34.000
7509546073927,SUAVITEL BABY 3 LT,SUAVIZANTES Y LIMPIADORES,$65.000,$65.000
7509546080680,SUAVITEL COMPLETE AQUA 2.8 L,SUAVIZANTES Y LIMPIADORES,$65.000,$65.000
7509546080703,SUAVITEL COMPLETE FLOR DE PRIMAVERA 2.8 L,SUAVIZANTES Y LIMPIADORES,$65.000,$65.000
7500435126052,DOWNY PERFUME C. PASSION 2.8 LT,SUAVIZANTES Y LIMPIADORES,$65.000,$65.000
7501035905368,FABULOSO MAR FRESCO 2 LT,SUAVIZANTES Y LIMPIADORES,$34.000,$40.000
7509546070117,SUAVITEL D. PLACERES F. Y CHO. 2.8 LT,SUAVIZANTES Y LIMPIADORES,$65.000,$65.000
7509546655833,SUAVITEL NATURAL AGUA DE ROSA 750 ML,SUAVIZANTES Y LIMPIADORES,$21.000,$21.000
7500435126076,DOWNY ELEGANCE PERFUME 2.8 LT,SUAVIZANTES Y LIMPIADORES,$70.000,$70.000
7501025456368,PINOL ORIGINAL CITRICOS 828 ML,SUAVIZANTES Y LIMPIADORES,$23.000,$23.000
7501025404208,PINOL ROPA DELICADA 1 L,SUAVIZANTES Y LIMPIADORES,$21.000,$20.000
7501025404604,PINOL ROPA OSCURA 1 LT,SUAVIZANTES Y LIMPIADORES,$21.000,$21.000
7501025456238,PINOL ORIGINAL 1.65 L,SUAVIZANTES Y LIMPIADORES,$29.000,$29.000
7501025456313,PINOL EL ORIGINAL 1.65 L,SUAVIZANTES Y LIMPIADORES,$27.000,$27.000
7706800148203,MR MUSCULO PARA VIDRIOS 500 ML,SUAVIZANTES Y LIMPIADORES,$37.000,$36.000
7501058720634,BRASSO GOLD PARA VIDRIOS Y SUPERFICIES 650 ML,SUAVIZANTES Y LIMPIADORES,$38.000,$38.000
7501071901478,POETT LIMP BEBE 1.8 L,SUAVIZANTES Y LIMPIADORES,$22.000,$22.000
7501058716088,VANISH 3.6 L,SUAVIZANTES Y LIMPIADORES,$90.000,$90.000
7706800790594,MR. MUSCULO COCINA 650ML,SUAVIZANTES Y LIMPIADORES,$41.103,$41.000
7509546073217,FABULOSO COMPLETE MENTA REFRESCANTE 828ML,SUAVIZANTES Y LIMPIADORES,$24.000,$24.000
7500435160988,DAWNY 5 EN 1 730 ML,SUAVIZANTES Y LIMPIADORES,$20.000,$20.000
7501035903234,SUAVITEL CUIDADO SUPERIOR 3 LITROS,SUAVIZANTES Y LIMPIADORES,$58.000,$58.000
7501035903029,SUAVITEL CUIDADO SUPERIOR FRESCA PRIMAVERA 1 L,SUAVIZANTES Y LIMPIADORES,$20.000,$24.000
7509546059501,SUAVITEL CUIDADO SUPERIOR FRESCO AROMA DE SOL 3 L,SUAVIZANTES Y LIMPIADORES,$58.000,$65.000
7501058780201,VANISH GEL MULTIUSO 9 L,SUAVIZANTES Y LIMPIADORES,$241.000,$241.000
7501268200803,PASTILLA DESODORANTE LOS PATITOS 70 G,SUAVIZANTES Y LIMPIADORES,$9.317,$12.000
10521352,FABULOSO MAR FRESCO 2 LT,SUAVIZANTES Y LIMPIADORES,$38.000,$38.000
7501001155841,DOWNY AROMA FLORAL 800 ML,SUAVIZANTES Y LIMPIADORES,$25.030,$33.000
7590002040003,DOWNY PUREZA SILVESTRE 800 ML,SUAVIZANTES Y LIMPIADORES,$26.000,$33.000
7506339394917,DOWNY BRISA FRESCA 800 ML,SUAVIZANTES Y LIMPIADORES,$25.030,$33.000
7500459000307,MAS  OSCURA 6.64 L,SUAVIZANTES Y LIMPIADORES,$152.000,$152.000
7501058715364,VANISH GEL MULTIUSOS  420 ML,SUAVIZANTES Y LIMPIADORES,$24.073,$19.000
7509546028378,FABULOSO  PASION DE FRUTAS  2 L,SUAVIZANTES Y LIMPIADORES,$38.000,$40.000
7501025440305,FLASH BRISA MARINA 1 LT,SUAVIZANTES Y LIMPIADORES,$17.500,$15.000
7501025440299,FLASH LAVANDA 1 L,SUAVIZANTES Y LIMPIADORES,$17.500,$22.000
7501025440282,FLASH FLORAL,SUAVIZANTES Y LIMPIADORES,$12.000,$15.000
7501025431457,FLASH FRUTAL,SUAVIZANTES Y LIMPIADORES,$12.000,$15.000
7501025456375,PINOL EL  ORIGINAL  CITRICO  1,SUAVIZANTES Y LIMPIADORES,$21.000,$21.000
7501025403355,PINOL ORIGINAL  FLORAL 1 L,SUAVIZANTES Y LIMPIADORES,$21.000,$21.000
7501025403034,PINOL EL ORIGINAL  1 L,SUAVIZANTES Y LIMPIADORES,$23.000,$23.000
7501025443979,ENSUEÑO ARGAN  DE MANDARINA 850 ML,SUAVIZANTES Y LIMPIADORES,$20.350,$23.000
7509546078441,FABULOSO FUSION  PERFECTA 828 ML,SUAVIZANTES Y LIMPIADORES,$20.000,$20.000
1545215452,SUAVITEL MOMENTOS MAGICOS 1.75 L,SUAVIZANTES Y LIMPIADORES,$35.000,$35.000
1322652365,LYSON DESINFECTANTE SPRAY 650 ML,SUAVIZANTES Y LIMPIADORES,$60.000,$60.000
7501025443825,ENSUEÑO NATURELA LAVANDA 850ML,SUAVIZANTES Y LIMPIADORES,$18.000,$23.000
7501071903557,POETT LIMP. SUAV. DE ALGODON 1.8 LT,SUAVIZANTES Y LIMPIADORES,$18.000,$22.000
7501071906480,POETT LIMP. LOVEVOLUTION 1.8 LT,SUAVIZANTES Y LIMPIADORES,$18.000,$22.000
7501058714152,DESINFECTANTE LYSOL SPRAY FOR BABYS ROOM 354GR,SUAVIZANTES Y LIMPIADORES,$124.000,$130.000
7501058794932,DESINFECTANTE LYSOL SPRAY 354GR,SUAVIZANTES Y LIMPIADORES,$124.000,$130.000
7509546079158,SUAVIT. COMP. FLOR DE PRIM. 800ML,SUAVIZANTES Y LIMPIADORES,$22.000,$22.000
7509546032887,SUAV. MOMENT. MAG. ABRAZO DE AMOR 1.3 LT,SUAVIZANTES Y LIMPIADORES,$35.000,$35.000
7500435147460,DOWNY SPORT 750ML,SUAVIZANTES Y LIMPIADORES,$23.000,$23.000
7509546077895,SUAV. COMP. FRESCA PRIMAVERA 300ML,SUAVIZANTES Y LIMPIADORES,$12.000,$12.000
7501035905344,FABULOSO LAVANDA 2 LT,SUAVIZANTES Y LIMPIADORES,$29.000,$40.000
7501071906466,POETT LOVEVOLUTION 900ML,SUAVIZANTES Y LIMPIADORES,$14.000,$14.000
7501071901355,POETT SUAVIDAD DE ALGODON 900ML,SUAVIZANTES Y LIMPIADORES,$18.080,$14.000
7509546070100,SUAVITEL FRESAS Y CHOCOLATE 1.3 LT,SUAVIZANTES Y LIMPIADORES,$35.000,$35.000
7501025403881,PINOL AROMAS THERAPY RELAX 828ML,SUAVIZANTES Y LIMPIADORES,$23.040,$20.000
7501025400118,PINOL AROMAS LAVANDA 828ML,SUAVIZANTES Y LIMPIADORES,$23.030,$28.000
7501025403904,PINOL AROMAS THERAPY FRESH 828ML,SUAVIZANTES Y LIMPIADORES,$23.040,$28.000
7501025400149,PINOL AROMAS MARINO 500ML,SUAVIZANTES Y LIMPIADORES,$14.000,$14.000
7509546074078,AJAX PINO 1 LT,SUAVIZANTES Y LIMPIADORES,$18.000,$23.000
7501032905224,GLADE FLORAL PERFECTION 400ML,SUAVIZANTES Y LIMPIADORES,$48.000,$55.000
7501032907075,GLADE FRESH LIMON 400ML,SUAVIZANTES Y LIMPIADORES,$48.000,$55.000
7501032938215,GLADE CAMPOS DE LAVANDA 400ML,SUAVIZANTES Y LIMPIADORES,$48.000,$55.000
046500006210,GLADE JARDIN CAMPESTRE 400ML,SUAVIZANTES Y LIMPIADORES,$48.000,$55.000
7509546041803,FABULOSO OXY LAVANDA 828ML,SUAVIZANTES Y LIMPIADORES,$0.000,$19.000
7501025400101,PINOL AROMAS LAVANDA 500ML,SUAVIZANTES Y LIMPIADORES,$0.000,$14.000
7501035905054,AJAX AMONIA 1 LT,SUAVIZANTES Y LIMPIADORES,$0.000,$7.000
7501025400187,PINOL AROMAS FLORAL 828ML,SUAVIZANTES Y LIMPIADORES,$23.040,$20.000
7501025400088,PINOL AROMAS FRUTAL 828ML,SUAVIZANTES Y LIMPIADORES,$23.040,$28.000
7501025400156,PINOL AROMAS MARINO 828ML,SUAVIZANTES Y LIMPIADORES,$23.040,$28.000
7509546068954,SUAVITEL CUIDADO SUPERIOR FRESCA PRIMAVERA 360ML,SUAVIZANTES Y LIMPIADORES,$0.000,$12.000
7501981900028,PASTILLA POBLANITA AROMATIZANTE 70GR,SUAVIZANTES Y LIMPIADORES,$0.000,$7.000
7501025414252,ENSUEÑO NATUREZA MANZANILLA ALOE 850ML,SUAVIZANTES Y LIMPIADORES,$0.000,$23.000
7501025414030,ENSUEÑO MAX FRESCO VERANO 850ML,SUAVIZANTES Y LIMPIADORES,$22.400,$23.000
7501025414207,ENSUEÑO FRESCA ARMONIA 850 ML.,SUAVIZANTES Y LIMPIADORES,$17.080,$23.000
7501025414153,ENSUEÑO BEBE 850 ML,SUAVIZANTES Y LIMPIADORES,$21.000,$23.000
7501025414351,ENSUEÑO NATURELA AVENA Y ALMENDRA 850ML,SUAVIZANTES Y LIMPIADORES,$20.750,$23.000
7501025414450,ENSUEÑO DE PEPINO 850 ML,SUAVIZANTES Y LIMPIADORES,$21.000,$23.000
7501025444365,ENSUEÑO COCO + KARITE 850ML,SUAVIZANTES Y LIMPIADORES,$0.000,$23.000
7501025413002,ENSUEÑO ZERO ENJUAGUE FRESCURA PRIMAVERAL 850ML,SUAVIZANTES Y LIMPIADORES,$20.320,$23.000
7501025414108,ENSUEÑO SENSACION NATURAL 850 ML,SUAVIZANTES Y LIMPIADORES,$22.400,$23.000
7501025414054,ENSUEÑO ROCIO DE VIOLETAS 850ML,SUAVIZANTES Y LIMPIADORES,$22.400,$23.000
7509546067506,SUAVITEL COMPLETE ACQUA 800ML,SUAVIZANTES Y LIMPIADORES,$18.330,$28.000
7509546067551,SUAVITEL COMPLETE ORQUIDEAS BLANCAS 800ML,SUAVIZANTES Y LIMPIADORES,$0.000,$33.000
7509546067544,SUAVITEL COMPLETE ANOCHECER 800ML,SUAVIZANTES Y LIMPIADORES,$18.330,$22.000
7509546067520,SUAVITEL COMPLETE FRESCO AROMA DE SOL 800ML,SUAVIZANTES Y LIMPIADORES,$18.330,$28.000
7509546032856,SUAVITEL MOMENTOS MAGICOS ABRAZO DE AMOR 750ML,SUAVIZANTES Y LIMPIADORES,$0.000,$33.000
7509546067513,SUAVITEL COMPLETE FRESCA PRIMAVERA 800ML,SUAVIZANTES Y LIMPIADORES,$18.330,$25.000
7509546067537,SUAVITEL COMPLETE ARMONIA DE DURAZNO 800ML,SUAVIZANTES Y LIMPIADORES,$0.000,$33.000
7509546032863,SUAVITEL MOMENTOS MAGICOS ABRAZO DE SOL 750ML,SUAVIZANTES Y LIMPIADORES,$0.000,$33.000
7509546070124,SUAVITEL DULCES PLACERES TORONJA Y FLOR DE CEREZA 750ML,SUAVIZANTES Y LIMPIADORES,$0.000,$33.000
7509546070070,SUAVITEL DULCES PLACERES FRESAS Y CHOCOLATE 750ML,SUAVIZANTES Y LIMPIADORES,$0.000,$0.000
7509546032870,SUAVITEL MOMENTOS MAGICOS BESOS DE FLORES 750ML,SUAVIZANTES Y LIMPIADORES,$0.000,$33.000
7503002319529,VANISH ROSA LIQUIDO 925 ML,SUAVIZANTES Y LIMPIADORES,$0.000,$42.000
7509546043579,SUAVITEL BABY ANTIBACTERIAL 850ML,SUAVIZANTES Y LIMPIADORES,$17.667,$27.000
7509546050102,SUAVITEL CUIDADO SUPERIOR ANOCHECER 850ML,SUAVIZANTES Y LIMPIADORES,$0.000,$27.000
7509546016306,SUAVITEL CUIDADO SUPERIOR FRESCA PRIMAVERA 850ML,SUAVIZANTES Y LIMPIADORES,$17.222,$28.000
7509546016313,SUAVITEL CUIDADO SUPERIOR FRESCO AROMA DE SOL 850ML,SUAVIZANTES Y LIMPIADORES,$22.493,$27.000
7509546017815,SUAVITEL CUIDADO SUPERIOR FRESCO AROMA DE SOL 450ML,SUAVIZANTES Y LIMPIADORES,$0.000,$12.000
7509546017808,SUAVITEL CUIDADO SUPERIOR FRESCA PRIMAVERA 450ML,SUAVIZANTES Y LIMPIADORES,$0.000,$12.000
7501035904118,VEL ROSITA 500 ML BOLSA,SUAVIZANTES Y LIMPIADORES,$0.000,$46.000
7501035904071,VEL ROSITA 1 LT,SUAVIZANTES Y LIMPIADORES,$0.000,$60.000
7501035910041,FABULOSO MAR FRESCO 1 LT,SUAVIZANTES Y LIMPIADORES,$20.250,$31.000
7509546008295,FABULOSO PASION DE FRUTAS 1 LT,SUAVIZANTES Y LIMPIADORES,$23.167,$31.000
7509546062914,FABULOSO MENTA Y ORQUIDEA 1 LT,SUAVIZANTES Y LIMPIADORES,$0.000,$31.000
7501035910034,FABULOSO LAVANDA 1 LT,SUAVIZANTES Y LIMPIADORES,$20.250,$31.000
7501035910096,FABULOSO FRESCO AMANECER 1 LT,SUAVIZANTES Y LIMPIADORES,$21.300,$31.000
7509546051956,FABULOSO ALTERNATIVA AL CLORO 1 LT,SUAVIZANTES Y LIMPIADORES,$21.330,$25.000
7509546008202,FABULOSO ENERGIA NARANJA 1 LT,SUAVIZANTES Y LIMPIADORES,$21.080,$31.000
7501071903137,POETT BOSQUE DE BAMBU 900ML,SUAVIZANTES Y LIMPIADORES,$0.000,$14.000
7501071900280,POETT PRIMAVERA 900ML,SUAVIZANTES Y LIMPIADORES,$18.080,$14.000
7501071900969,POETT FRESCURA FRUTAL 900ML,SUAVIZANTES Y LIMPIADORES,$0.000,$14.000
7501035906464,FABULOSO FRESCO AMANECER 500ML,SUAVIZANTES Y LIMPIADORES,$14.960,$20.000
75001186,FABULOSO MAR FRESCO 500ML,SUAVIZANTES Y LIMPIADORES,$14.960,$20.000
75001162,FABULOSO LAVANDA 500ML,SUAVIZANTES Y LIMPIADORES,$14.960,$20.000
7501025403485,LIMPIADOR PINOL 828 ML,SUAVIZANTES Y LIMPIADORES,$18.580,$26.000
7501025403027,LIMPIADOR PINOL 500ML,SUAVIZANTES Y LIMPIADORES,$14.820,$19.000
7502268541460,ELECTROLIFE ZERO PONCHE DE FRUTAS 625ML,SUEROX,$0.000,$25.000
7501055381890,FLASHLYTE SANDIA CON ELECTROLITOS 625ML,SUEROX,$0.000,$20.000
650240072147,SUEROX DEFENSE NARANJA MANGO 630ML,SUEROX,$16.769,$23.000
650240072154,SUEROX ENERGY MANZANA VERDE LIMON 630ML,SUEROX,$16.364,$23.000
7503046131224,ELECTROLIT PONCHE DE FRUTAS 625ML,SUEROX,$14.500,$25.000
650240066306,SUEROX FRESA 630 ML,SUEROX,$16.769,$23.000
650240066283,SUEROX FRESA-MENTA 630ML,SUEROX,$16.769,$23.000
7501055381883,FLASHYTE BEBIDA SABOR FRESA 625ML,SUEROX,$0.000,$20.000
650240057946,SUEROX DE ALOE VERA Y LYCHEE 630 ML,SUEROX,$15.750,$23.000
650240066139,SUEROX DE FRESA Y FRUTOS ROJOS 630 ML,SUEROX,$16.308,$23.000
650240032271,SUEROX UVA 630ML,SUEROX,$12.000,$23.000
650240035395,SUEROX COCO 630ML,SUEROX,$12.000,$23.000
650240032264,SUEROX SABOR FRESA-KIWI 630 ML,SUEROX,$16.308,$23.000
650240032325,SUEROX LIMA-LIMON 630ML,SUEROX,$16.769,$23.000
650240032257,SUEROX MANZANA 630ML,SUEROX,$16.308,$23.000
650240032301,SUEROX NARANJA-MANDARINA 630ML,SUEROX,$16.308,$23.000
650240032295,SUEROX MORA AZUL-HIERBABUENA 630ML,SUEROX,$16.308,$23.000
75004132,TECATE LIGHT 355ML,TECATE,$0.000,$15.000
7501061651024,CARTA BLANCA MEGA 1.2L,TECATE,$0.000,$38.000
75024741,BOHEMIA VIENNA OSCURA 355ML,TECATE,$0.000,$25.000
7503032272801,INDIO MISIL 710 ML,TECATE,$21.511,$34.000
7503032272771,BOHEMIA CLARA CRISTAL 473ML,TECATE,$18.680,$23.000
7503032272436,TECATE 0.0 DE 355 ML,TECATE,$0.000,$14.000
75003821,XX LAGER 355 ML,TECATE,$12.750,$18.000
7503032272818,MILLER HIGH LIFE 473ML,TECATE,$15.667,$25.000
7501061696971,INDIO LATA CHICA 355ML,TECATE,$11.558,$15.000
75002459,TECATE LATA CHICA 355 ML,TECATE,$11.840,$15.000
7503032272535,HEINEKEN SILVER 355ML,TECATE,$0.000,$23.000
7503032272207,BOHEMIA CRISTAL LATA 355ML,TECATE,$10.417,$18.000
503032272436,HEINEKEN 0.0 355 ML,TECATE,$19.500,$21.000
503032272535,HEINEKEN SILVER 355 ML,TECATE,$22.000,$23.000
7501064199141,STELLA ARTOIS BELGIUM 330ML,TECATE,$18.000,$24.000
7503024416107,AMSTEL ULTRA 355 ML,TECATE,$15.916,$20.000
7501061671244,TECATE MISIL 710 ML,TECATE,$23.500,$34.000
7503032272375,SOL MANGOYADA 473 ML,TECATE,$18.648,$27.000
7503024416237,CERVEZA MILLER MEGA 940ML,TECATE,$35.476,$45.000
7503024416220,MILLER HIGH LIFE  MISIL 710ML,TECATE,$26.067,$33.000
75019297,BOHEMIA NOCHE BUENA 355ML,TECATE,$20.000,$20.000
7503028412624,HEINEKEN ORIGINAL 237 ML,TECATE,$13.000,$13.000
7503028412709,PURA PIRAÑA DURAZNO 355ML,TECATE,$25.000,$25.000
7503032272016,AMSTEL ULTRA SELTZER FRAMBUESA Y TE NEGRO 355 ML,TECATE,$28.000,$28.000
2035203263,SIX DE TECATE TITANIUM  LATON,TECATE,$120.000,$120.000
7503024416817,TECATE AMBAR 473 ML,TECATE,$18.000,$15.000
7503024416572,STRONGBOW APPLE CIDERS RED BERRIES 330 ML,TECATE,$18.000,$28.000
75005221,INDIO RETORNABLE DE 325 ML,TECATE,$14.000,$14.000
7503028412587,CARTA BLANCA  LATON  473 ML,TECATE,$14.688,$22.000
7503024416510,HEINEKEN 0 ALCOHOL 355 ML,TECATE,$14.500,$18.000
75019303,INDIO MEGA 1.2 LT,TECATE,$31.767,$43.000
7503024416442,CARTA BLANCA CAGUAMITA 300ML,TECATE,$12.006,$14.000
7501064194504,MICHELOB ULTRA LATA 355ML,TECATE,$12.510,$20.000
7501064198168,MICHELOB ULTRA VIDRIO 355ML,TECATE,$12.500,$20.000
7501049999360,HEINEKEN LATON 473ML,TECATE,$26.040,$29.000
7501049999261,HEINEKEN NO RET. 355ML,TECATE,$16.153,$19.000
8690582193201,CERVEZA TUBORG 330ML,TECATE,$141.000,$13.000
7501061600398,STRONGBOW APPLE CIDERS GOLD APPLE 330ML,TECATE,$15.000,$28.000
12183,ENVASE HEINEKEN 1 LT,TECATE,$8.000,$8.000
2004,CARTA BLANCA RET. 940ML,TECATE,$8.000,$28.000
7501061622017,INDIO 12 PACK  NO RET. 355ML,TECATE,$0.000,$27.000
7501061659365,TECATE LIGHT 12 PACK 355ML,TECATE,$0.000,$11.000
7501061601128,TECATE 12 PACK 355ML,TECATE,$0.000,$11.000
7501049999469,HEINEKEN RET. 1 LT,TECATE,$33.828,$46.000
7501061669289,TECATE LIGHT 473ML,TECATE,$16.200,$23.000
7501061640028,BOHEMIA PILSNER NO RET. 355ML,TECATE,$18.644,$23.000
7501061625032,BOHEMIA VIENNA NO RET. 355ML,TECATE,$18.644,$23.000
7501061626015,BOHEMIA WEIZEN NO RET. 355ML,TECATE,$0.000,$10.000
7501061600749,TECATE TITANIUM 473ML,TECATE,$0.000,$21.000
7501049912284,XX LAGER ESPECIAL 473ML,TECATE,$17.433,$25.000
7501049912321,XX AMBAR 473ML,TECATE,$18.482,$25.000
7501049912314,XX AMBAR RET. 1.2 LT,TECATE,$0.000,$47.000
7501061601098,INDIO PLATA 473ML,TECATE,$0.000,$20.000
7501049917272,SOL MICHELADA 473ML,TECATE,$0.000,$26.000
7501049917296,SOL CHELADA 473ML,TECATE,$17.662,$27.000
75019693,XX LAGER NO RET. 355 ML,TECATE,$15.300,$21.000
7501049926014,XX AMBAR NO RET. 355ML,TECATE,$15.778,$21.000
75019495,INDIO NO RET. 355ML,TECATE,$14.967,$20.000
7501049938451,SOL NO RET. 355ML,TECATE,$0.000,$15.000
7501049900212,SOL CERO 355ML,TECATE,$0.000,$14.000
75005160,CARTA BLANCA NO RET. 355ML,TECATE,$0.000,$13.000
75005252,SUPERIOR NO RET. 355ML,TECATE,$0.000,$9.000
7501061668930,TECATE RET. 1.2 LT,TECATE,$31.768,$43.000
7501061679202,TECATE LIGHT RET. 1.2 LT,TECATE,$0.000,$43.000
7501049967062,SOL CLAMATO 473ML,TECATE,$18.687,$27.000
7501049962012,SOL SAL Y LIMON  LATA 355ML,TECATE,$0.000,$35.000
7501061696988,INDIO LATON 473 ML.,TECATE,$15.000,$23.000
089826001415,TECATE ROJA LATON 473 ML,TECATE,$16.785,$23.000
7501049912215,XX LAGER RET 1.2LT,TECATE,$33.970,$47.000
75004101,CERVEZA CARTA BLANCA RET. 940ML,TECATE,$0.000,$25.000
7503028412570,BOHEMIA CRISTAL VIDRIO 355ML,TECATE,$0.000,$23.000
7501035014060,MAESTRO DOBEL DIAMANTE 1.75 LT,TEQUILA,$0.000,"$2,090.000"
7501005617482,TEQUILA HORNITOS PLATA 700ML,TEQUILA,$0.000,$535.000
744607048101,EL JIMADOR TEQUILA BLANCO 700ML,TEQUILA,$0.000,$460.000
744607048804,EL JIMADOR TEQUILA BLANCO 950ML,TEQUILA,$0.000,$580.000
7501035014848,TEQUILA MAESTRO DOBEL DIAMANTE 700ML,TEQUILA,$0.000,$905.000
7501035043121,TEQUILA MAESTRO DOBEL REPOSADO 700ML,TEQUILA,$0.000,$680.000
7503027709343,GRAN MALO LICOR DE TAMARINDO 750ML,TEQUILA,$0.000,$400.000
7503027709909,GRAN MALO LICOR DE HORCHATA 750ML,TEQUILA,$0.000,$400.000
708547001206,TEQUILA 30-30 RESERVA ESPECIAL 1L,TEQUILA,$0.000,$450.000
7501035010802,JOSE CUERVO RESERVA DE LA FAMILIA 740ML,TEQUILA,$0.000,"$2,700.000"
698450504263,TEQUILA CASCO VIEJO REPOSADO 750ML,TEQUILA,$0.000,$210.000
759380113267,TEQUILA 3 CABALLOS BLANCO 250ML,TEQUILA,$0.000,$60.000
7501079400614,TEQUILA GRENDAIN BLANCO 200ML,TEQUILA,$0.000,$40.000
759380110525,TEQUILA RPOSADO REAL HACIENDA 700ML,TEQUILA,$0.000,$220.000
638478000415,TEQUILA DON RAMON 1LT,TEQUILA,$0.000,$395.000
7503000677027,TEQUILA REPOSADO CORRALEJO 1LT,TEQUILA,$0.000,$547.000
7502247081598,RANCHO ESCONDIDO TAMARINDO 750 ML,TEQUILA,$80.490,$110.000
7501005618410,HORNITOS 200 ML,TEQUILA,$0.000,$148.000
744607007900,HERRADURA TEQUILA ULTRA AÑEJO CRISTALINO 700ML,TEQUILA,$0.000,"$1,070.000"
744607008044,HERRADURA TEQUILA PLATA 700ML,TEQUILA,$0.000,$750.000
744607008068,HERRADURA TEQUILA REPOSADO 700ML,TEQUILA,$0.000,$860.000
744607000802,HERRADURA TEQUILA BLANCO 950ML,TEQUILA,$0.000,"$1,125.000"
744607008075,HERRADURA TEQUILA REPOSADO 950ML,TEQUILA,$0.000,"$1,190.000"
744607007948,ANTIGUO TEQUILA REPOSADO 700ML,TEQUILA,$0.000,$510.000
744607007955,ANTIGUO TEQUILA REPOSADO 950ML,TEQUILA,$0.000,$625.000
7501005617277,TRES GENERACIONES TEQUILA AÑEJO 750ML,TEQUILA,$0.000,"$1,010.000"
7501005617307,TRES GENERACIONES REPOSADO 750ML,TEQUILA,$0.000,$820.000
7501005617291,TRES GENERACIONES TEQUILA PLATA 750ML,TEQUILA,$0.000,$785.000
7501043722933,MAYORAZGO TEQUILA REPOSADO 750ML,TEQUILA,$0.000,$305.000
5000281056258,TEQUILA DON JULIO AÑEJO 700ML,TEQUILA,$0.000,"$1,303.000"
7501079400034,TEQUILA ORENDAIN 500ML,TEQUILA,$0.000,$223.000
7501048810406,GRAN CENTENARIO AÑEJO 695ML,TEQUILA,$0.000,$775.000
7640175660437,CAZADORES TEQUILA REPOSADO 700ML,TEQUILA,$0.000,$354.000
7640175660376,CAZADORES TEQUILA BLANCO 700,TEQUILA,$0.000,$319.000
7640175660390,CAZADORES TEQUILA BLANCO 950ML,TEQUILA,$0.000,$372.000
7501079400256,TEQUILA ORENDAIN 250ML,TEQUILA,$0.000,$107.000
0102039584929,AUGURIO MEZCAL 750ML,TEQUILA,$0.000,$180.000
7501079400010,ORENDAIN BLANCO 1LT,TEQUILA,$0.000,$310.000
652341110148,CAMPO AZUL SELECTO BLANCO 700ML,TEQUILA,$0.000,$250.000
749787500203,TEQUILA CABRITO 250 ML,TEQUILA,$68.000,$88.000
7501035012271,JOSE CUERVO TRADICIONAL PLATA,TEQUILA,$0.000,$466.000
7503027250159,LLANO ESCONDIDO AZUL 1L,TEQUILA,$47.000,$80.000
7503000677232,TEQUILA CORRALEJO 700ML,TEQUILA,$0.000,$420.000
7501043710589,TEQUILA MAYORAZGO 750ML,TEQUILA,$216.000,$272.000
7502213346522,CANTO AZUL 1LT,TEQUILA,$53.510,$80.000
7502213349455,EL JEFE AZUL 1LT,TEQUILA,$53.510,$80.000
749787600163,CABRITO REP. CON BOT/250ML 750,TEQUILA,$145.000,$200.000
744607008693,TEQUILA JIMADOR 200 ML.,TEQUILA,$0.000,$136.000
7501035011090,TEQ. J. CUERVO FRESA PICOSA 700ML,TEQUILA,$0.000,$250.000
7500783000127,DBY PRESIDENTE PICA PIÑA 700ML,TEQUILA,$0.000,$170.000
7500464628923,DEST. GRAN AZUL SUPREMO 1 LT,TEQUILA,$0.000,$80.000
744293161429,AZUL INTENSO SABOR TAMARINDO 1 LT,TEQUILA,$75.000,$90.000
7501005617512,HORNITOS RESPOSADO 1 L,TEQUILA,$388.990,$510.000
7501005617345,100 AÑOS REPOSADO 1 LT,TEQUILA,$262.000,$262.000
8410221110150,LICOR 43 700 ML,TEQUILA,$584.000,$581.000
7501008610244,CAZADORES 200 ML,TEQUILA,$81.000,$90.000
7502247081710,RANCHO ESCONDIDO DE MANGO 750 ML,TEQUILA,$85.005,$110.000
638478000064,DON RAMON REPOSADO 100% AGAVE 750ML,TEQUILA,$334.000,$334.000
7501043722223,VIUDA DE ROMERO 250 ML,TEQUILA,$55.900,$67.000
3847800006,DON RAMON REPOSADO 750 ML,TEQUILA,$332.000,$332.000
7501043722230,VIUDA DE ROMERO TEQUILA BLANCO 1 LT,TEQUILA,$166.000,$204.000
7501048840267,TEQ. AZUL CENTENARIO 950ML,TEQUILA,$299.000,$375.000
7501048840250,TEQ. AZUL CENT. 700ML,TEQUILA,$234.000,$297.000
7501787811993,TEQ. RESERVA DEL VIEJO 1 LT,TEQUILA,$64.000,$70.000
5000281056272,TEQUILA DON JULIO BLANCO 700ML,TEQUILA,$566.000,$770.000
638478000453,TEQUILA DON RAMON REPOSADO 750 ML PUNTA DIAMANTE,TEQUILA,$309.000,$363.000
7501787811771,TEQ. RESERVA DEL VIEJO 1 LT,TEQUILA,$62.000,$75.000
7501005617376,100 AÑOS BLANCO 700ML,TEQUILA,$165.000,$212.000
7640175660307,CAZADORES REP. 700ML,TEQUILA,$225.000,$354.000
7502247081536,RANCHO ESCONDIDO TAMARINDO 1 LT,TEQUILA,$116.000,$128.000
7501035043169,MAESTRO DOBEL DIAMANTE 700 ML,TEQUILA,$737.000,$905.000
5000281056241,DON JULIO REP. 700ML,TEQUILA,$576.340,$749.000
7501043722247,VIUDA DE R.OMERO REPOSADO 1 LT,TEQUILA,$165.996,$229.000
7502214400056,TEQ. COMPADRE REP. 750ML,TEQUILA,$48.060,$75.000
7500326957710,CAÑA DE ORO 600ML,TEQUILA,$16.042,$22.000
750175102251,TEQ. SAN MATIAS REPOSADO AZUL 750ML,TEQUILA,$100.000,$120.000
750175102275,TEQ. SAN MATIAS REPOSADO AZUL 1 LT,TEQUILA,$120.000,$140.000
750175102039,TEQ. SAN MATIAS REPOSADO 500ML,TEQUILA,$60.000,$80.000
750175102015,TEQ. SAN MATIAS REPOSADO 1 LT,TEQUILA,$110.000,$126.000
7501005616904,100 AÑOS BLANCO 700ML,TEQUILA,$100.000,$165.000
759380118613,TEQ. 3 CABALLOS REPOSADO 940ML C/2 250ML,TEQUILA,$110.000,$145.000
7503000677065,"TEQ, CORRALEJO REPOSADO 700ML",TEQUILA,$300.000,$341.000
7501053090121,VIUDA DE ROMERO REPOSADO 1 LT,TEQUILA,$130.000,$150.000
7501053090114,VIUDA DE ROMERO BLANCO 1 LT,TEQUILA,$120.000,$135.000
7501035012219,JOSE CUERVO TRADICIONAL PLATA 695ML,TEQUILA,$200.000,$381.000
7501171600028,CAZADORES REPOSADO 750ML,TEQUILA,$150.000,$175.000
7501048810307,GRAN CENTENARIO PLATA 700ML,TEQUILA,$200.000,$362.000
7501048810116,GRAN CENTENARIO PLATA 950ML,TEQUILA,$329.800,$421.000
7501005600804,SAUZA HACIENDA REPOSADO 700ML,TEQUILA,$205.030,$277.000
7501005600781,SAUZA HACIENDA REPOSADO 1 LT,TEQUILA,$200.000,$345.000
7501048810208,GRAN CENTENARIO REPOSADO 700ML,TEQUILA,$242.240,$363.000
7501005600743,SAUZA HORNITOS REPOSADO 1 LT,TEQUILA,$367.001,$338.000
7501005617505,SAUZA HORNITOS REPOSADO 700ML,TEQUILA,$327.000,$401.000
7506064300221,DON JULIO BLANCO 750ML,TEQUILA,$300.000,$770.000
7501035013483,CUERVO 1800 CRISTALINO 700ML,TEQUILA,$500.000,"$1,010.000"
7501035013124,CUERVO 1800 REPOSADO 700ML,TEQUILA,$516.000,$664.000
744607000161,HERRADURA AÑEJO 750ML,TEQUILA,$500.000,$618.000
744607002806,HERRADURA REPOSADO 950ML,TEQUILA,$500.000,$565.000
7501043710572,TEQ. JARANA 250ML,TEQUILA,$0.000,$93.000
698450540001,CASCO VIEJO 200ML,TEQUILA,$0.000,$38.000
750175101049,SAN MATIAS BLANCO 250ML,TEQUILA,$0.000,$7.000
744607002103,HERRADURA REPOSADO 700ML,TEQUILA,$0.000,$445.000
750175102046,SAN MATIAS REPOSADO 250ML,TEQUILA,$0.000,$56.000
744607000109,HERRADURA BLANCO 700ML,TEQUILA,$0.000,$351.000
7506064300269,DON JULIO REPOSADO 750ML,TEQUILA,$0.000,$430.000
5000281056265,DON JULIO 70 AÑEJO 700ML,TEQUILA,$0.000,"$1,305.000"
7501005617314,100 AÑOS AÑEJO 700ML,TEQUILA,$250.000,$277.000
759380116299,TEQ. 3 CABALLOS REPOSADO 200ML,TEQUILA,$0.000,$46.000
7640175660420,CAZADORES REPOSADO 950 ML,TEQUILA,$180.000,$421.000
7501035010116,JOSE CUERVO ESPECIAL REPOSADO 695ML,TEQUILA,$158.620,$237.000
698450501002,CASCO VIEJO JOVEN 950ML,TEQUILA,$0.000,$120.000
7501005617499,SAUZA HORNITOS REPOSADO 200ML,TEQUILA,$0.000,$148.000
7501035013117,CUERVO 1800 BLANCO 700ML,TEQUILA,$0.000,$502.000
7501035013018,CUERVO 1800 A,TEQUILA,$0.000,$820.000
744607049801,EL JIMADOR REPOSADO 950ML,TEQUILA,$304.999,$455.000
7501005617321,100 AÑOS 200ML,TEQUILA,$0.000,$91.000
7501005617857,SAUZA HACIENDA REPOSADO 500ML,TEQUILA,$0.000,$216.000
744607049108,EL JIMADOR REPOSADO 700ML,TEQUILA,$285.998,$382.000
7501035012028,CUERVO TRADICIONAL REPOSADO 695ML,TEQUILA,$308.003,$420.000
7501035012035,CUERVO TRADICIONAL REPOSADO 950ML,TEQUILA,$391.990,$511.000
7501035010550,JOSE CUERVO ESPECIAL REPOSADO 990ML,TEQUILA,$206.300,$322.000
7503023578219,PRESIDENTE 940ML,TEQUILA,$0.000,$171.000
7501043710565,TEQ. JARANA REPOSADO 1 LT,TEQUILA,$0.000,$284.000
7501048840205,CENTENARIO AZUL REPOSADO 750ML,TEQUILA,$0.000,$184.000
7501048840212,CENTENARIO AZUL REPOSADO 950ML,TEQUILA,$0.000,$224.000
749787500135,CABRITO REP. CON BOT/250ML 950ML,TEQUILA,$141.380,$220.000
7501005617338,100 AÑOS REPOSADO 700ML,TEQUILA,$0.000,$246.000
7501048810017,GRAN CENTENARIO REPOSADO 950ML,TEQUILA,$319.998,$444.000
7503001506579,RANCHO ESCONDIDO 1.750 ML,TEQUILA,$0.000,$148.000
7503001506890,RANCHO ESCONDIDO 200ML,TEQUILA,$0.000,$38.000
7503001506876,RANCHO ESCONDIDO 750ML,TEQUILA,$51.275,$75.000
7500810035306,TÍA ROSA MANTECADAS MANZANA CANELA 105 GR,TIA ROSA,$11.390,$15.000
7500810039311,TIA ROSA BIGOTES CHOCOLATE 160 GR,TIA ROSA,$19.210,$25.000
7501020564242,LALA CHIQUITIN CON FRESA,TIA ROSA,$0.000,$7.000
7500810026069,TIA ROSA MINI POLVORONCITOS CASEROS 50GR,TIA ROSA,$7.780,$10.000
020899002503,MARIAN BOLITAS DE NUEZ 45GR,TIA ROSA,$0.000,$13.000
7500810033852,TOTOPOS TIA ROSA 320GR,TIA ROSA,$0.000,$36.000
7501000101238,WONDER PAN PARA HAMBURGUESAS 8 PIEZAS 540GR,TIA ROSA,$0.000,$60.000
7500810033524,SWISS ROLL 40GR,TIA ROSA,$0.000,$7.000
7500810030189,TIA ROSA MI PANADERIA PANQUE,TIA ROSA,$0.000,$12.000
7500810027578,TIA ROSA MI PANADERÍA BISQUET PZ,TIA ROSA,$0.000,$12.000
7500810020180,TIA ROSA MI PANADERIA 85GR,TIA ROSA,$0.000,$12.000
7500810027547,TIA ROSA MINI PANADERIA 90GR,TIA ROSA,$9.839,$12.000
7503034672319,DEL HOGAR TOTOPOS CHILIMONES 280GR,TIA ROSA,$0.000,$40.000
7500810016657,DEL HOGAR TOSTADAS NORTEÑO 230GR,TIA ROSA,$0.000,$25.000
7500810030288,TIA ROSA HORNEADITA CREMA PASTELERA 60GR,TIA ROSA,$9.110,$10.000
7500810029312,TIA ROSA MINI TWINKIES SABOR A CHOCOLATE,TIA ROSA,$9.130,$12.000
7500810026014,TIA ROSA TORTILLAS DE HARINA DEL HOGAR 300GR,TIA ROSA,$15.090,$15.000
7500810025154,TIA ROSA BESOS MANZANA CANELA 60GR,TIA ROSA,$0.000,$10.000
7500810028513,TIA ROSA MANTECADAS VAINILLA 210GR,TIA ROSA,$22.780,$30.000
7500810009055,TIA ROSA GALLETA AVENA LINAZA Y CHOCOLATE 66GR,TIA ROSA,$8.560,$11.000
7500810029206,TIA ROSA BIGOTES CAJETA 80GR,TIA ROSA,$11.390,$16.000
7500810029077,TIA ROSA BIGOTES DE CHOCOLATE 80GR,TIA ROSA,$11.390,$15.000
7500810016282,TIA ROSA GABI BESOS DE NUEZ 60GR,TIA ROSA,$6.670,$14.000
7500810025284,TIA ROSA GALLETAS MIAS CON ARANDANO 96GR,TIA ROSA,$11.110,$15.000
7503032606828,MINI OREJITAS PZA,TIA ROSA,$0.000,$2.000
7501000112401,TIA ROSA MANTECADAS VAINILLA 125GR,TIA ROSA,$15.190,$20.000
7501030430421,TIA ROSA TORTILLINAS 30 PZ,TIA ROSA,$41.000,$50.000
7501000142804,DORADITAS 110 G.,TIA ROSA,$8.800,$16.000
7501030431169,TIA ROSA OREJITAS MANTEQUILLA 450GR,TIA ROSA,$10.370,$15.000
7500810020609,TIA ROSA DONA CHOCO TORRO 85GR,TIA ROSA,$13.122,$16.000
7500810008782,TIA ROSA GALLETA DE AVENA CON ARANDANO,TIA ROSA,$9.330,$12.000
7500810019030,TIA ROSA TARTINAS DURAZNO 100GR,TIA ROSA,$14.000,$18.000
7503031287998,TIA ROSA JULITAS 40GR,TIA ROSA,$4.560,$6.000
7500810020852,100 WHOLEWHEAT WIT SESAME WONDER 305G,TIA ROSA,$0.000,$35.000
7500810015261,"TARTINAS DE FRESA TIA ROSA 133,3G",TIA ROSA,$0.000,$18.000
7500810016190,"TARTINAS DE PIÑA TIA ROSA 133,3G",TIA ROSA,$0.000,$18.000
7503030572088,BESOS DE COCO 90G,TIA ROSA,$0.000,$13.000
7503030572071,BESOS DE CHOCOLATE GABI GALLETAS 90G,TIA ROSA,$0.000,$13.000
014437002278,FINA VARIEDAD GABI GALLETAS 200G,TIA ROSA,$0.000,$27.000
750081001561,TARTINAS CON FRESA,TIA ROSA,$15.000,$18.000
7500810016206,"TARTINAS DE ZARZAMORA TIA ROSA 133,3G",TIA ROSA,$0.000,$18.000
7500810003626,POLVORÓN LUXURY 84G (GABI),TIA ROSA,$0.000,$16.000
7503033555774,TIA ROSA POLVORON ARANDANO 84GR (GABI),TIA ROSA,$0.000,$17.000
7500810014516,TARTAS CAJETA 110G (GABI),TIA ROSA,$14.330,$18.000
7500810016466,TIA ROSA TARTAS GUAYABA 110GR (GABI),TIA ROSA,$17.604,$17.000
7503032248523,BESOS DE NUEZ 90 G,TIA ROSA,$10.370,$18.000
7503030572712,TIA ROSA EMPANADAS 54GR,TIA ROSA,$7.376,$9.000
7501030456988,TIA ROSA GALLETA DE AVENA 66GR,TIA ROSA,$9.330,$12.000
7500810012925,TORTILLINAS PARRILLERAS 290 G,TIA ROSA,$27.000,$27.000
7503033555439,PANQUE MARMOL DE TIA ROSA 255 G,TIA ROSA,$34.000,$38.000
7503033555798,TIA ROSA DORADITAS SABOR DE NUEZ 127GR,TIA ROSA,$12.150,$16.000
7503032991757,MINI TWINKIES 27GR,TIA ROSA,$5.000,$6.000
7503032991740,MINI CHOCO TORRO 24GR,TIA ROSA,$5.000,$10.000
7503032991429,TIA ROSA MANTECADAS CHISPAS DE CHOCOLATE 165GR,TIA ROSA,$19.740,$26.000
7503031028027,MUFFIN DE CHOCOLATE 130GR,TIA ROSA,$13.670,$18.000
7503032248561,TEDDY CHISPAS 90 G,TIA ROSA,$10.000,$10.000
7501030421672,TEDDY SABOR CHOCOLATE 100 G,TIA ROSA,$10.000,$10.000
7501030427018,TIA ROSA TORTILLAS DE HARINA DEL HOGAR 200GR,TIA ROSA,$14.760,$18.000
7501000364695,TOTOPOS DEL HOGAR 280GR,TIA ROSA,$25.000,$25.000
7503030199988,TIA ROSA TORTILLINAS EL HOGAR 20PZ 440GR,TIA ROSA,$24.600,$30.000
7501030458814,TIA ROSA POLVORONCITOS CASEROS 90G,TIA ROSA,$14.000,$20.000
7503028643417,TIA ROSA TARTINAS SABOR FRESA 100GR,TIA ROSA,$14.000,$18.000
7503018544465,TIA ROSA APAPACHOS PZ SUELTA,TIA ROSA,$1.500,$1.500
7501030431817,TIA ROSA TORTILLAS DE HARINA EL HOGAR 220GR,TIA ROSA,$14.760,$15.000
202020,OREJITAS + BIGOTES TIA ROSA,TIA ROSA,$15.000,$15.000
7501030456322,TIA ROSA MANTECADAS VAINILLA 157.5GR,TIA ROSA,$19.740,$21.000
7501030418689,TIA ROSA MUFFIN 130GR,TIA ROSA,$13.670,$18.000
7501030429319,TIA ROSA TWINKIES VAINILLA 114GR,TIA ROSA,$14.600,$19.000
7501030429340,TIA ROSA TWINKIES CHOCOLATE 114GR,TIA ROSA,$14.600,$19.000
7503029771140,TIA ROSA CUERNITOS 150 G,TIA ROSA,$16.000,$16.000
7503029151638,TIA ROSA PANQUE 235GR,TIA ROSA,$24.300,$36.000
7501030431220,TIA ROSA CONCHAS 130GR,TIA ROSA,$15.940,$21.000
1320303203,TIA ROSA TIRAS DORADITAS 58 G,TIA ROSA,$6.000,$7.000
7501030419242,TIA ROSA HOJITAS 150 G,TIA ROSA,$20.000,$20.000
7501030458807,TIA ROSA POLVORON CASERO,TIA ROSA,$1.560,$3.000
7501030421344,MINI OREJITA TIA ROSA,TIA ROSA,$1.000,$1.000
7501030477327,TIA ROSA TORTILLINAS 50% MENOS GRASA 328GR,TIA ROSA,$21.320,$42.000
7501030456018,TIA ROSA TORTILLINAS 382GR,TIA ROSA,$31.160,$42.000
7501000111299,TORTILLINAS TIA ROSA 510GR,TIA ROSA,$0.000,$25.000
7501000111251,TORTILLINAS TIA ROSA 255GR,TIA ROSA,$0.000,$15.000
7501000101412,WONDER HOT DOGS 340GR,TIA ROSA,$0.000,$24.000
7501030478386,TIA ROSA WONDER SUPER PAN BLANCO 567GR,TIA ROSA,$43.160,$52.000
7501030478409,TIA ROSA WONDER INTEGRAL AJONJOLI 100V7GR,TIA ROSA,$45.650,$55.000
7501030481720,TIA ROSA FINA VARIEDAD GABI 200GR,TIA ROSA,$27.000,$27.000
7501030454786,TIA ROSA PANQUE 255GR,TIA ROSA,$0.000,$27.000
7501030457008,TIA ROSA DORADITAS 58GR,TIA ROSA,$7.590,$10.000
7501030464242,TIA ROSA DORADITAS 120GR,TIA ROSA,$12.150,$16.000
7503028643424,TIA ROSA TARTINAS PIÑA 78GR,TIA ROSA,$14.000,$18.000
7503028643431,TIA ROSA TARTINAS ZARZAMORA 78GR,TIA ROSA,$14.000,$18.000
7501030473817,TIA ROSA TARTINAS FRESA 78GR,TIA ROSA,$0.000,$13.000
7501030463528,TIA ROSA REJITAS 65GR,TIA ROSA,$0.000,$5.000
7501000103034,TIA ROSA DALMATA 55GR,TIA ROSA,$11.530,$15.000
7501000103065,TIA ROSA CHOCOTORRO 50GR,TIA ROSA,$11.530,$15.000
7501030467885,TIA ROSA BESOS DE NUEZ GABI 70GR,TIA ROSA,$0.000,$8.000
7501000103287,TIA ROSA TWINKY FRESA 114GR,TIA ROSA,$0.000,$12.000
7501000103232,TIA ROSA TWINKY CHOCOLATE 114GR,TIA ROSA,$0.000,$12.000
7501000103256,TIA ROSA TWINKY VAINILLA 114GR,TIA ROSA,$0.000,$12.000
7501030456124,TIA ROSA MANTECADAS CHOCOLATE 142.5GR,TIA ROSA,$19.740,$26.000
7501030433781,TIA ROSA PACHONCITOS NARANJA CON COCO 132GR,TIA ROSA,$0.000,$10.000
7501000142453,TIA ROSA CONCHAS 120GR,TIA ROSA,$17.200,$5.000
7501030474357,TIA ROSA PACHONCITOS NATA 140GR,TIA ROSA,$16.700,$22.000
7501000142200,TIA ROSA BIGOTES CHOCOLATE 60GR,TIA ROSA,$10.479,$15.000
7501000142217,TIA ROSA BIGOTES CAJETA 60GR,TIA ROSA,$12.301,$15.000
7501000142408,TIA ROSA MANTECADAS VAINILLA 157.5GR,TIA ROSA,$0.000,$26.000
7501000142705,TIA ROSA CUERNITOS 100GR,TIA ROSA,$13.670,$18.000
7501030425243,TIA ROSA SEMITA 184GR,TIA ROSA,$19.670,$25.000
7501030455042,TIA ROSA OREJAS 100GR,TIA ROSA,$0.000,$12.000
7501030455707,TIA ROSA OREJITAS 71GR,TIA ROSA,$0.000,$15.000
7501058752017,BRASSO GOLD 500ML,TLAPALERIA Y FERRETERIA,$0.000,$30.000
7501058716552,HARPIC 100% REMOVEDOR 200ML,TLAPALERIA Y FERRETERIA,$0.000,$30.000
8718699731724,PHILIPS ECOHOME FOCO 14W,TLAPALERIA Y FERRETERIA,$0.000,$38.000
123456789111,FOCVO MAGIC LUX PZ,TLAPALERIA Y FERRETERIA,$7.000,$10.000
7501032940300,COLORFIEL CAFE 60ML,TLAPALERIA Y FERRETERIA,$0.000,$12.000
7777777,PILA TECTRON AA 4PZ,TLAPALERIA Y FERRETERIA,$0.000,$14.000
767676,PILA TECTRON AAA 4PZ,TLAPALERIA Y FERRETERIA,$0.000,$14.000
7503026210451,MLESSO FOCO 10W PZ,TLAPALERIA Y FERRETERIA,$0.000,$25.000
6927496900048,TRUSTY 100WATT,TLAPALERIA Y FERRETERIA,$0.000,$10.000
6924584400152,YUAN MART FOCO AHORRADOR LED,TLAPALERIA Y FERRETERIA,$0.000,$18.000
7509538001822,FOCO STARLIGHT PZ,TLAPALERIA Y FERRETERIA,$0.000,$13.000
8999002691311,EVEREADY GOLD PILA AA PZ,TLAPALERIA Y FERRETERIA,$0.000,$13.000
8999002691212,EVEREADY GOLD PILA AAA PZ,TLAPALERIA Y FERRETERIA,$0.000,$15.000
7505848006021,FOCO LED 10W PIN MARKT,TLAPALERIA Y FERRETERIA,$0.000,$15.000
010206,FOCO  CHIYODA 100 W,TLAPALERIA Y FERRETERIA,$6.000,$25.000
8680534700854,FOCO ALONDRA 100W,TLAPALERIA Y FERRETERIA,$0.000,$14.000
3170688253115,FOCO ROOMLUX 100W,TLAPALERIA Y FERRETERIA,$0.000,$14.000
7504502380606,FOCO ALEFCO 40W,TLAPALERIA Y FERRETERIA,$0.000,$14.000
7404005961329,FOCO AMARILLO CHIYODA 100W,TLAPALERIA Y FERRETERIA,$7.000,$14.000
7500938006646,FOCO LED TIANLAI 10W,TLAPALERIA Y FERRETERIA,$10.000,$20.000
041333001098,PILA DURACELL AA,TLAPALERIA Y FERRETERIA,$16.333,$23.000
7503127866182,FOCO LULDEX 10 W,TLAPALERIA Y FERRETERIA,$7.000,$15.000
7845163185484,FOCO LUZ BLANCA GO KONNING,TLAPALERIA Y FERRETERIA,$6.500,$25.000
8888021206074,PILA ENERGIZER MAX AA PIEZA,TLAPALERIA Y FERRETERIA,$13.500,$19.000
8888021206081,PILA ENERGIZER MAX AAA PIEZA,TLAPALERIA Y FERRETERIA,$13.500,$20.000
7501037601718,EVEREADY 4 PACK PILLA AAA,TLAPALERIA Y FERRETERIA,$36.500,$20.000
30250,FUSIBLE GAMMA 30A 250V,TLAPALERIA Y FERRETERIA,$0.000,$18.000
8888021306859,FOCO LUZ BLANCA EVEREADY 5W,TLAPALERIA Y FERRETERIA,$0.000,$25.000
041333666815,PILA DURACEL AA16,TLAPALERIA Y FERRETERIA,$0.000,$19.000
841710157222,BATERIA C AMAZON BAS.,TLAPALERIA Y FERRETERIA,$29.000,$29.000
841710157246,BATERIA D AMAZON BAS.,TLAPALERIA Y FERRETERIA,$37.000,$37.000
7501102630001,PLASTI LOKA VERDE 20R,TLAPALERIA Y FERRETERIA,$22.000,$22.000
7501102631206,PLASTI LOKA AZUL 20R,TLAPALERIA Y FERRETERIA,$22.000,$22.000
9781565924796,FOCO WOLF LUCES 100 WATTS,TLAPALERIA Y FERRETERIA,$10.000,$10.000
QP01001L,FOCO LED 1 PZ,TLAPALERIA Y FERRETERIA,$22.000,$22.000
7501025422134,SULTAN ACIDO MURIATICO LIMON 900ML,TLAPALERIA Y FERRETERIA,$16.000,$16.000
041333900483,DURACEL AA 6 PZ,TLAPALERIA Y FERRETERIA,$114.000,$114.000
041333667256,DURACELL AA TURBO PZA,TLAPALERIA Y FERRETERIA,$19.000,$19.000
7503025208626,BOMBILLA LED ETCO 19 W,TLAPALERIA Y FERRETERIA,$36.000,$36.000
7501206657706,"VOLTECK ZI-9V, PILA ZINC-CARBÓN",TLAPALERIA Y FERRETERIA,$26.000,$32.000
7501058772107,HARPIC DESTOP DESTAPACAÑOS 1 LT,TLAPALERIA Y FERRETERIA,$98.000,$98.000
7501058743107,CERA LIQUIDA NUGGET BLANCO 60ML,TLAPALERIA Y FERRETERIA,$12.167,$19.000
01055021,PILAS GORDAS,TLAPALERIA Y FERRETERIA,$25.000,$25.000
3652659,PILAS AA,TLAPALERIA Y FERRETERIA,$10.000,$10.000
7501102614322,KOLA LOKA BROCHA 5 GR,TLAPALERIA Y FERRETERIA,$22.500,$26.000
7501102614001,KOLA LOKA GOTERITO 3.5 GR,TLAPALERIA Y FERRETERIA,$18.000,$26.000
00021,PILA AA PZA AMAZ.,TLAPALERIA Y FERRETERIA,$10.000,$10.000
00020,PILA AAA PZA AMAZ.,TLAPALERIA Y FERRETERIA,$6.000,$8.000
7501032940201,COLORFIEL CERA BLANCA 60ML,TLAPALERIA Y FERRETERIA,$11.000,$11.000
7501032940102,COLORFIEL CERA NEGRA 60ML,TLAPALERIA Y FERRETERIA,$11.000,$12.000
6956616712254,FOCO MEGA LUX,TLAPALERIA Y FERRETERIA,$7.000,$10.000
041333666426,DURACELL BATERIA AA,TLAPALERIA Y FERRETERIA,$18.225,$19.000
7501058743121,CERA LIQUIDA NUGGET NEGRO 60ML,TLAPALERIA Y FERRETERIA,$12.690,$19.000
7501058743145,CERA LIQUIDA NUGGET CAFE 60ML,TLAPALERIA Y FERRETERIA,$14.950,$19.000
7501102610003,KOLA LOKA ORIGINAL 2 GR,TLAPALERIA Y FERRETERIA,$17.500,$28.000
46677286804,FOCO PHILIPS 72 W,TLAPALERIA Y FERRETERIA,$0.000,$20.000
172,BATERIA EVEREADY AAA,TLAPALERIA Y FERRETERIA,$0.000,$30.000
171,BATERIA EVEREADY AA,TLAPALERIA Y FERRETERIA,$0.000,$30.000
041333428482,DURACELL BATERIA AAA,TLAPALERIA Y FERRETERIA,$18.225,$15.000
41333666426,BATERIA DURACELL AA,TLAPALERIA Y FERRETERIA,$0.000,$19.000
041333000992,BATERIA DURACELL C2,TLAPALERIA Y FERRETERIA,$0.000,$80.000
041333000985,BATERIA DURACELL D2,TLAPALERIA Y FERRETERIA,$0.000,$80.000
841710157253,BATERIA 9V AMAZON BAS.,TLAPALERIA Y FERRETERIA,$0.000,$40.000
7501052486109,LUCERO SALSA DE CHIPOTLE ADOBADOS 210GR,TORTILLAS Y SALSAS,$0.000,$22.000
790910289182,TORTILLAS MATEO,TORTILLAS Y SALSAS,$23.000,$28.000
02092,SALSAS SAN MARTIN,TORTILLAS Y SALSAS,$16.000,$18.000
987654321,TORTILLAS DE HARINA MEDIO KG,TORTILLAS Y SALSAS,$16.000,$18.000
02076,TORTILLA A GRANEL MAIZ MEDIO KG,TORTILLAS Y SALSAS,$10.500,$13.000
02152020,SOPES SAN MARTIN 12 PZ,TORTILLAS Y SALSAS,$21.000,$25.000
032203,SALSA MACHA,TORTILLAS Y SALSAS,$15.000,$21.000
124521541,SALSA SAN  MARTIN,TORTILLAS Y SALSAS,$15.000,$17.000
155986265,SAN  MARTIN SALSA CASERA,TORTILLAS Y SALSAS,$11.000,$15.000
742832410908,TORTILLA SAN MARTIN 900GR,TORTILLAS Y SALSAS,$23.000,$27.000
02099,TORTILLA A GRANEL MAIZ KG,TORTILLAS Y SALSAS,$21.000,$15.000
7503014791023,LA TEXCOCANA TOSTADITAS 200 GR,TOTOPOS Y TOSTADAS,$0.000,$30.000
7500366002005,TOTIS TOTOPOS 400GR,TOTOPOS Y TOSTADAS,$0.000,$40.000
767728000247,TOSTADAS EMPERADOR JALISCO 300GR,TOTOPOS Y TOSTADAS,$0.000,$40.000
767728000018,SHERYN TOSTADAS 150GR,TOTOPOS Y TOSTADAS,$0.000,$27.000
2535004000018,MATEO CHILAQUILES 300 GR,TOTOPOS Y TOSTADAS,$28.000,$36.000
7502535300110,TOSTADAS MATEO 300 GR,TOTOPOS Y TOSTADAS,$28.000,$38.000
7500464333810,VUALA SWITCH ROLL CHOCO 32 G.,TOTOPOS Y TOSTADAS,$5.660,$7.000
756702135143,MAIZ POZOLERO CHARRAS 800 G.,TOTOPOS Y TOSTADAS,$27.000,$33.000
756702000236,CHARRAS CORN CRACKERS,TOTOPOS Y TOSTADAS,$25.000,$30.000
7503010694939,TOSTADAS DOÑA PACHIS 227G CUADRADA,TOTOPOS Y TOSTADAS,$30.000,$35.000
7503010694441,TOSTADAS DOÑA PACHIS 227G ONDULADA,TOTOPOS Y TOSTADAS,$30.000,$35.000
756702131732,TOSTADAS PLANAS CHARRAS 148GR,TOTOPOS Y TOSTADAS,$18.000,$27.000
7500464333834,VUALA SWICH CHOCOLATE Y VAINILLA 32GR,TOTOPOS Y TOSTADAS,$5.660,$6.000
0742832410861,TOSTADAS SAN MARTIN 300 G,TOTOPOS Y TOSTADAS,$25.000,$30.000
7500810011102,TOSTADAS DE NOPAL Y AJONJOLIN 216 G,TOTOPOS Y TOSTADAS,$32.400,$38.000
7503014791054,LA TEXCOCANA TOSTADA TRADICIONAL 230 G,TOTOPOS Y TOSTADAS,$25.000,$30.000
756702133774,CHARRAS TORTILLA CHIPS ORIG. 340GR,TOTOPOS Y TOSTADAS,$25.000,$29.000
7503014791092,TOTOPOS TEXCOCANA 250GR,TOTOPOS Y TOSTADAS,$18.000,$24.000
756702134689,TOSTADAS CHARRAS DE 50 PZ,TOTOPOS Y TOSTADAS,$28.000,$28.000
7503005027117,TOSTADAS EL CHARRO 280 G,TOTOPOS Y TOSTADAS,$25.000,$25.000
756702133873,TOSTADAS CHARRAS HORNEADAS AJONJOLI 200GR,TOTOPOS Y TOSTADAS,$27.000,$21.000
756702133880,TOSTADAS CHARRAS BAKED CACTUS Y FLAXSEED 200 G,TOTOPOS Y TOSTADAS,$21.000,$21.000
756702133637,TOSTADAS CHARRAS JALAPEÑO 250 G,TOTOPOS Y TOSTADAS,$25.000,$30.000
756702133644,TOSTADAS CHARRAS CHIPOTLE 250 G,TOTOPOS Y TOSTADAS,$25.000,$30.000
756702133651,TOSTADAS CHARRAS AJONJOLI 250 G,TOTOPOS Y TOSTADAS,$21.000,$21.000
756702133897,TOSTADAS CHARRAS BAKED TRADICIONAL,TOTOPOS Y TOSTADAS,$21.000,$21.000
7503014791108,TOTOPOS LA TEXCOCANA CONTENIDO 400 G,TOTOPOS Y TOSTADAS,$32.000,$42.000
7503014791009,TOSTADAS LA TEXCOCANA 300 G,TOTOPOS Y TOSTADAS,$28.000,$34.000
756702000328,TOSTADAS CHARRAS ORIGINAL 280GR,TOTOPOS Y TOSTADAS,$27.910,$35.000
7503027158035,TOSTADAS CHARRAS FIESTA PESO NETO 250 G,TOTOPOS Y TOSTADAS,$20.000,$30.000
7500464333803,VUALA  DE CAJETA 60 G,TOTOPOS Y TOSTADAS,$13.500,$16.000
7503014791030,LA TEXCOCANA TOSTADAS CON AJONJOLI 300 GR,TOTOPOS Y TOSTADAS,$28.500,$35.000
321456789,TOTOTOPOS SAN MARTIN,TOTOPOS Y TOSTADAS,$17.000,$30.000
756702134344,CHARRAS CHITOPO QUESO JALAPEÑO 60GR,TOTOPOS Y TOSTADAS,$8.000,$9.000
756702134009,CHARRONCITOS CHILE Y LIMON CHARRAS 150GR,TOTOPOS Y TOSTADAS,$18.000,$23.000
7503023836135,VUALA SORPRESA VAINILLA 60GR,TOTOPOS Y TOSTADAS,$14.167,$16.000
7503023836142,VUALA SORPRESA CHOCOLATE 60GR,TOTOPOS Y TOSTADAS,$14.920,$16.000
709859400145,ALIS CHAROLA 855 50 PZAS,UNICEL Y PLASTICOS,$0.000,$25.000
7503030829397,UNIKO VASO DE PLASTICO 20PZ,UNICEL Y PLASTICOS,$0.000,$18.000
7503030829380,UNIKO CHAROLA TERMICA #855 20PZ,UNICEL Y PLASTICOS,$0.000,$18.000
7503030829373,UNIKO CHAROLA TERMICA #66 20PZ,UNICEL Y PLASTICOS,$0.000,$14.000
0764451176096,ALUKIV CHAROLA OVALADA LUMINIO,UNICEL Y PLASTICOS,$0.000,$21.000
0764451176102,ALUKIV CHAROLA RECTANGULAR ALUMINIO,UNICEL Y PLASTICOS,$0.000,$21.000
7506425610792,MARLI SERVILLETAS 250 PZAS,UNICEL Y PLASTICOS,$0.000,$25.000
7506425602759,DELSEY MAX RENDIDORA 100 PZAS,UNICEL Y PLASTICOS,$0.000,$15.000
7503022217607,SERVILLETA LINEA VERDE 400 PZAS,UNICEL Y PLASTICOS,$0.000,$32.000
7503021589163,FUN & FUN ALUMINIO #50,UNICEL Y PLASTICOS,$0.000,$16.000
7506383911511,WOW TENEDORES GIGANTES 25 PZS,UNICEL Y PLASTICOS,$0.000,$25.000
150985,GRUPO PHOENIX VASO PARA MICHELADA,UNICEL Y PLASTICOS,$0.000,$220.000
7502238610233,FUN & FUN CUCHARA MEDIANA 25 PZAS,UNICEL Y PLASTICOS,$8.600,$13.000
752216095157,VASO DESECHABLE JAGUAR NUM 10 50PZAS,UNICEL Y PLASTICOS,$30.180,$38.000
7501044033328,VASCONIA CHAROLA RECTANGULAR PZA,UNICEL Y PLASTICOS,$0.000,$75.000
7501059922747,EKCO CHAROLA OVALADA PZ,UNICEL Y PLASTICOS,$0.000,$60.000
6972554330015,TOOTHPICK PALILLOS,UNICEL Y PLASTICOS,$0.000,$12.000
7506383910576,WOW CUCHARA SOPERA 17.7,UNICEL Y PLASTICOS,$7.070,$22.000
7501771330127,JESSY TENEDOR JUMBO 25PZ,UNICEL Y PLASTICOS,$0.000,$20.000
87458923459287,PLASTIKAN CUCHARA GRANDE 25PZ,UNICEL Y PLASTICOS,$0.000,$18.000
7501219119963,PRIMO VASO #8 50PZ,UNICEL Y PLASTICOS,$18.000,$28.000
7506425654758,PETALO 6 ROLLOS 600 HOJAS,UNICEL Y PLASTICOS,$0.000,$72.000
616276400019,VASOS DE PLÁSTICO BOSCUP 50 PZ,UNICEL Y PLASTICOS,$15.000,$30.000
7502247335677,ELITE 287 HOJAS,UNICEL Y PLASTICOS,$20.800,$28.000
752216081044,CHAROLA #066 JAGUAR 50 PZ,UNICEL Y PLASTICOS,$13.200,$20.000
7502238610028,MAX CUBIERTOS CUCHARA PASTELERA 50 PZ,UNICEL Y PLASTICOS,$0.000,$14.000
7506383910071,TENEDOR NOVA WOW 50 PZ,UNICEL Y PLASTICOS,$7.128,$13.000
7502238610011,MAX CUCHARA MEDIANA 25 PZ,UNICEL Y PLASTICOS,$0.000,$16.000
7503008370357,FUN FUN TENEDORES CHICOS 50 PZ,UNICEL Y PLASTICOS,$9.700,$12.000
7506383910019,CUCHARA NOVA WOW 50pz,UNICEL Y PLASTICOS,$10.692,$13.000
7502238610264,TENEDORES MEDIANOS 25PZAS,UNICEL Y PLASTICOS,$0.000,$15.000
7501136700114,SERVILLETAS MR BIG 1OO PZ,UNICEL Y PLASTICOS,$10.910,$15.000
7502238610240,CUCHARA GRANDE FUN FUN GRANDE 25PZ,UNICEL Y PLASTICOS,$0.000,$18.000
041594206218,VASO DE UNICEL DART 25 10 OZ,UNICEL Y PLASTICOS,$10.600,$17.000
7501431205239,VASO BOSCO PLASTICO 8 OZ,UNICEL Y PLASTICOS,$20.712,$30.000
7501036625159,REGIO 4 ROLLOS XXL LUXURY,UNICEL Y PLASTICOS,$27.700,$31.000
7501431261105,VASO TERMICO CONVERMEX 10oz 25PZ,UNICEL Y PLASTICOS,$11.040,$19.000
7501431201088,VASO TERMICO CONVERMEX 8oz 25pz,UNICEL Y PLASTICOS,$12.350,$17.000
7502238610004,CUCHARA GRANDE MAX 25 PZS,UNICEL Y PLASTICOS,$15.787,$25.000
7501828343674,PALILLOS DON REDONDO,UNICEL Y PLASTICOS,$0.000,$14.000
7501059980761,ALUMINIO DELEITE 10,UNICEL Y PLASTICOS,$0.000,$18.000
7502238610226,CUCAHARA CHICA FUN&FUN 50PZ,UNICEL Y PLASTICOS,$0.000,$18.000
7501431204805,VASO FUN FUN TERMICO #10,UNICEL Y PLASTICOS,$10.700,$18.000
7506425649495,SERVITOALLA JUMB PETALO 230 HJS,UNICEL Y PLASTICOS,$0.000,$25.000
7503008370333,TENEDOR MEDIANO FUN FUN,UNICEL Y PLASTICOS,$9.700,$12.000
7502238610257,TENEDORES CHICOS FUN FUN,UNICEL Y PLASTICOS,$9.700,$13.000
6970437240826,PALILLOS DE MADERA,UNICEL Y PLASTICOS,$4.167,$8.000
7713042198729,SERVILLETAS ROSA FAMILIAR 360 HJS,UNICEL Y PLASTICOS,$22.990,$31.000
7501431263208,PLATO POZOLERO CONVERMEX 20PZ,UNICEL Y PLASTICOS,$15.600,$24.000
7501219113046,VASO BICOLOR 16OZ 20PZ ROJO,UNICEL Y PLASTICOS,$23.000,$40.000
7503009924092,ALUPRACTIK 10 METROS,UNICEL Y PLASTICOS,$15.372,$20.000
7503008370388,CUCHARA GRANDE FUN FUN 25 PZAS,UNICEL Y PLASTICOS,$13.100,$18.000
7503008370340,CUCHARA MEDIANA FUN FUN 50 PZAS,UNICEL Y PLASTICOS,$8.600,$15.000
7503008370364,CUCHARA PASTELERA FUN FUN 50 PZAS,UNICEL Y PLASTICOS,$9.700,$13.000
752216051047,PLATO PASTELERO JAGUAR 25 PZAS,UNICEL Y PLASTICOS,$10.760,$18.000
7502209310728,CHAROLA 066 PACHANGA 50 PZAS,UNICEL Y PLASTICOS,$0.000,$28.000
752216031094,VASO PLASTICO JAGUAR #8 50 PZAS,UNICEL Y PLASTICOS,$23.075,$29.000
7501431204799,VASO PLASTICO #8 FUN FUN 50 PZAS,UNICEL Y PLASTICOS,$20.370,$30.000
7501431203297,CHAROLA FUN FUN MAGNUM 66,UNICEL Y PLASTICOS,$11.850,$20.000
7501431203303,CHAROLA FUN&FUN 855 25 PZAS,UNICEL Y PLASTICOS,$18.490,$30.000
752216051061,PLATO POZOLERO JAGUAR 25 PZ,UNICEL Y PLASTICOS,$0.000,$26.000
7506425600397,PETALO SERVILLETA 420 HOJAS,UNICEL Y PLASTICOS,$44.620,$54.000
7501050410953,HORTENSIA SUPREME 600 HOJAS,UNICEL Y PLASTICOS,$0.000,$45.000
7503019013960,TENEDOR CHICO BLANCO RINO 50PZ,UNICEL Y PLASTICOS,$0.000,$14.000
753019013960,TENEDOR CHICO BLANCO CUBIERTOS RINO 50PZ,UNICEL Y PLASTICOS,$0.000,$14.000
7501431243200,CONVERMEX PLATO PASTELERO 20 PZ,UNICEL Y PLASTICOS,$9.700,$16.000
7501136700305,HIG. RINDE HOGAR 16 MTS,UNICEL Y PLASTICOS,$14.000,$15.000
7503019013953,RINO CUCHARA CHICA 50 PZ,UNICEL Y PLASTICOS,$9.500,$14.000
7506425600465,SERVILLETAS VOGUE 380 PZ,UNICEL Y PLASTICOS,$40.000,$47.000
7503019013939,RINO TENEDORES SOPERA 50 PZAS,UNICEL Y PLASTICOS,$14.000,$14.000
7502247335226,SERVITOALLA ELITE MEGA ROLL 180 HJS,UNICEL Y PLASTICOS,$27.000,$27.000
7501050410557,ROLLO DE PAPEL BIG QUALITY PIEZA,UNICEL Y PLASTICOS,$7.458,$12.000
7502208804235,CONTENEDOR LISO 7X7 50 PZ,UNICEL Y PLASTICOS,$138.000,$138.000
7502208802644,CLING FILM PLAYO 100 MTS,UNICEL Y PLASTICOS,$54.000,$54.000
7502208805188,CHAROLA TERMICA 9-2 D 25PZ,UNICEL Y PLASTICOS,$28.000,$28.000
041594307281,DART TAPA DEL 16 100 PZ,UNICEL Y PLASTICOS,$86.000,$86.000
7502208800114,VASO REYMA DE 16 OZ 25 PZ,UNICEL Y PLASTICOS,$36.000,$36.000
98522565,YOFI SERVILLETAS 125 PZ,UNICEL Y PLASTICOS,$12.000,$12.000
15645614,YOFI SERVILLETAS 250 PZ,UNICEL Y PLASTICOS,$23.000,$23.000
7501201105509,CUCHILLO DESECHABLE BF 25 PZAS,UNICEL Y PLASTICOS,$13.000,$13.000
7502208800299,TAPA REYMA NUMERO 16 RENURADA 50PZ,UNICEL Y PLASTICOS,$47.000,$47.000
7501431203204,CHAROLA 066 CONVERMEX 50 PZAS,UNICEL Y PLASTICOS,$13.290,$22.000
7501431213203,CHAROLA 855 CONVERMEX 50 PZAS,UNICEL Y PLASTICOS,$30.890,$35.000
7501219112605,VASO PLASTICO PRIMO 50 PZAS 8 OZ,UNICEL Y PLASTICOS,$32.000,$32.000
7502247335127,PAPEL ELITE 4 ROLLOS 200 HOJAS,UNICEL Y PLASTICOS,$16.880,$19.000
041594215289,TAPA PARA VASO UNICEL N. 32SL 100 TAPAS 1 LT,UNICEL Y PLASTICOS,$60.000,$120.000
7502208802132,TAPA VASO PLASTICO REYMA 1/2 LT,UNICEL Y PLASTICOS,$23.000,$23.000
041594347805,VASO UNICEL 16 OZ 473ML,UNICEL Y PLASTICOS,$22.000,$25.000
7501050411349,HORTENSIA MEGA SUPREME MANZANILLA 360 HJS,UNICEL Y PLASTICOS,$25.000,$25.000
7502247330474,TOALLAS ELITE MEGA ROLL 160 HJS,UNICEL Y PLASTICOS,$20.000,$20.000
041594206607,VASO UNICEL #10,UNICEL Y PLASTICOS,$10.445,$18.000
7502208800145,VASO REYMA #32 25 PZAS,UNICEL Y PLASTICOS,$71.000,$75.000
041594903247,TAPA UNICEL 32RL 50 PZAS,UNICEL Y PLASTICOS,$53.000,$53.000
7501036623896,REGIO TOALLAS PARA MANOS 160PZAS,UNICEL Y PLASTICOS,$27.000,$27.000
7501036622042,REGIO LUXURY 4 PZ DE ROLLO,UNICEL Y PLASTICOS,$24.000,$24.000
7501943466357,PETALO SERVILLETAS DE COLORES 350 PZ,UNICEL Y PLASTICOS,$40.000,$40.000
823703160150,PAPEL ALUMINIO TENDER 38GR,UNICEL Y PLASTICOS,$10.000,$10.000
7502208804174,CHAROLA HAMBURGUESERA 50 PZ,UNICEL Y PLASTICOS,$46.000,$70.000
7506425624805,SERVILLETAS PETALO 125,UNICEL Y PLASTICOS,$12.670,$16.000
7501943474307,SERVITOALLA PETALO 180 HJS,UNICEL Y PLASTICOS,$21.000,$21.000
7501136700275,SERVILLETAS FLORENCIA  400 PZAS,UNICEL Y PLASTICOS,$24.910,$34.000
2525,VASO CORONA Y VICTORIA MICHELADA 1 LT,UNICEL Y PLASTICOS,$97.000,$97.000
7501067285094,CHARLOLA DE PAVO GRANDE,UNICEL Y PLASTICOS,$19.000,$19.000
7506425620609,VOGUE CON MANZANILLA 4 ROLLOS 800 HOJAS,UNICEL Y PLASTICOS,$42.990,$59.000
2365236,PLATO SUELTO,UNICEL Y PLASTICOS,$1.000,$1.000
823703160143,ALUM. TANDER #7 25GR,UNICEL Y PLASTICOS,$10.000,$10.000
7502208800558,CHAROLA TERMICA MARIEL 066 50 PIEZAS,UNICEL Y PLASTICOS,$14.202,$19.000
7501050410397,HORTENSIA SUPREME 300 HOJAS,UNICEL Y PLASTICOS,$22.000,$25.000
1545218541,PALILLOS,UNICEL Y PLASTICOS,$7.000,$10.000
7501943412217,PETALO DE 300 HOJAS 4 ROLLOS,UNICEL Y PLASTICOS,$23.140,$30.000
02078,BOLSA PARA BASURA CHICA,UNICEL Y PLASTICOS,$5.000,$5.000
7713042173276,SERVILLETAS  PRUEBA CONTENIDO 250 PIEZAS,UNICEL Y PLASTICOS,$16.000,$16.000
1024520241,CUCHARA PASTELERA SUELTA,UNICEL Y PLASTICOS,$0.500,$0.500
7501943465404,SERVILLETA SUAVEL 380 HOJAS,UNICEL Y PLASTICOS,$24.000,$33.000
7500326159084,TENEDOR CHICO 50 PZ,UNICEL Y PLASTICOS,$8.600,$9.000
7500326159138,TENEDOR JUMBO 25 PZ,UNICEL Y PLASTICOS,$9.000,$12.000
7500326159121,CUCHARA JUMBO 25 PIEZAS,UNICEL Y PLASTICOS,$9.000,$13.000
7502208805171,CHAROLA REYMA DE DIVISIONES 25 PZ,UNICEL Y PLASTICOS,$19.000,$28.000
1542154152,DART TAPAS PLASTICAS CON PERFORACION PARA POPOTE 100 NO. 32 SL,UNICEL Y PLASTICOS,$53.000,$60.000
041594517963,DART TAPAS 100 PIEZAS NO. 10 SL,UNICEL Y PLASTICOS,$32.000,$32.000
041594518021,DART TAPAS 100 PIEZAS,UNICEL Y PLASTICOS,$35.000,$35.000
7502208800787,VASO CON. 25 PIEZAS  DE  16 L,UNICEL Y PLASTICOS,$17.000,$17.000
7502208805218,PLATO TERMICO 25 PIEZAS PH8,UNICEL Y PLASTICOS,$13.500,$27.000
041594206256,VASOS TERMICOS DART 16 OZ DE 473 ML,UNICEL Y PLASTICOS,$12.000,$16.000
041594206270,VASOS TERMICOS  DART DE 32 OZ 946 ML,UNICEL Y PLASTICOS,$16.500,$34.000
041594206331,TAZON DART 16 OZ,UNICEL Y PLASTICOS,$16.500,$16.500
7502208800053,VASO DEL NUMERO 6 50 PIEZAS,UNICEL Y PLASTICOS,$20.000,$29.000
2652596359,CUCHARA  SOPERA X  PIEZA,UNICEL Y PLASTICOS,$1.000,$1.000
15521510254,TAPAS PLASTICAS NO.32 SL,UNICEL Y PLASTICOS,$53.000,$53.000
4159420627,VASOS TERMICOS 15 PIEZAS,UNICEL Y PLASTICOS,$16.500,$16.500
154574652965,ROLLO DE PAPEL SUELTO ECONOMICO,UNICEL Y PLASTICOS,$6.000,$8.000
7501036625852,REGIO 4 ROLLOS DE 600 HOJAS,UNICEL Y PLASTICOS,$33.760,$46.000
010900003216,REYNOLDS PAPEL ENCERADO,UNICEL Y PLASTICOS,$34.000,$34.000
7500093783727,PELICULA AUTOADHERIBLE PRECISSIMO,UNICEL Y PLASTICOS,$22.000,$22.000
7500093921198,PAPEL ALUMINIO PRECISSIMO,UNICEL Y PLASTICOS,$13.000,$13.000
7501019911125,BOL ROL 50 BOLSAS GRANDES,UNICEL Y PLASTICOS,$26.000,$26.000
147852369,BOLSA DE ASA,UNICEL Y PLASTICOS,$1.000,$1.000
7502208805454,CHAROLA TERMICA MARIEL  DE 855 50 PIEZAS,UNICEL Y PLASTICOS,$20.998,$35.000
041594231173,VASO UNICEL #8,UNICEL Y PLASTICOS,$12.350,$10.000
00001,VASO SUELTO PZA,UNICEL Y PLASTICOS,$0.500,$1.000
7503018892030,ALUPLASTIC ALUMINIO #10,UNICEL Y PLASTICOS,$8.875,$14.000
7506425602780,SERVILLETA VOGUE 100 PZAS,UNICEL Y PLASTICOS,$9.173,$12.000
1018,BOLSA DE BASURA 60*90,UNICEL Y PLASTICOS,$2.015,$6.000
20547120,PALILLERO MILUSA 200 PZAS,UNICEL Y PLASTICOS,$7.000,$8.000
0001,BOLSA DE BASURA JUMBO 90*120,UNICEL Y PLASTICOS,$5.100,$10.000
01014,HIG. PETALO 300 HJS,UNICEL Y PLASTICOS,$20.000,$28.000
7506425605330,HIG. VOGUE 600 HJS,UNICEL Y PLASTICOS,$34.220,$43.000
7503009156066,TENEDOR GRANDE IMPERIAL 25 PZAS,UNICEL Y PLASTICOS,$8.000,$10.000
752216085035,TENEDOR PASTELERO JAGUAR 50 PZAS,UNICEL Y PLASTICOS,$8.000,$10.000
7502238610035,TENEDOR GRANDE MÁX CUBIERTOS 25 PZAS,UNICEL Y PLASTICOS,$4.719,$10.000
7500326159077,CUCHARA PASTELERA PLASTIKIN 50 PZAS,UNICEL Y PLASTICOS,$8.000,$11.000
619684004015,CUCHARA PASTELERA MARGARITA 50PZAS,UNICEL Y PLASTICOS,$8.000,$11.000
7503009156080,CUCHARA SOPERA IMPERIAL 50PZAS,UNICEL Y PLASTICOS,$8.000,$10.000
6900487000248,PALILLOS TOOTHPICK PZA,UNICEL Y PLASTICOS,$5.000,$8.000
7503004361014,CUCHARA PASTELERA FANTASY 50 PZAS,UNICEL Y PLASTICOS,$8.000,$10.000
7500462081201,CUCHARA SOPERA FORIBA 25 PZAS,UNICEL Y PLASTICOS,$8.000,$9.000
7501281200477,PALILLOS MAYA 250 PZAS,UNICEL Y PLASTICOS,$0.000,$8.000
7501119500366,MICRODYN MICROBICIDA 15ML,UNICEL Y PLASTICOS,$23.340,$26.000
7500462081218,CUCHARA PASTELERA 50 PZAS FORIBA,UNICEL Y PLASTICOS,$0.000,$9.000
643131504773,CHAROLA 855 25 PZAS ORION,UNICEL Y PLASTICOS,$0.000,$38.000
643131504780,CHAROLA 066 ORION 50 PZAS,UNICEL Y PLASTICOS,$0.000,$25.000
7502208800077,VASO PLASTICO REYMA 50 PZAS 8 OZ,UNICEL Y PLASTICOS,$20.394,$32.000
7500462081256,TENEDOR SOPERO 25 PZAS FORIBA,UNICEL Y PLASTICOS,$0.000,$9.000
643131523132,PLATO POZOLERO ORION 25 PZAS PH8,UNICEL Y PLASTICOS,$0.000,$18.000
41594206607,VASO TERMICO 10JY10 DARK 10 OZ 25 PZAS,UNICEL Y PLASTICOS,$0.000,$10.000
7502208805225,PLATO PASTELERO REYMA 006 25 PZAS,UNICEL Y PLASTICOS,$13.838,$16.000
010900199056,REYNOLDS PAPEL ALUMINIO WRAP 25FT+5FT,UNICEL Y PLASTICOS,$0.000,$52.000
7503022677289,P. ALUMINIO ALUHOME 14 MTS,UNICEL Y PLASTICOS,$0.000,$15.000
7501943466364,SERVILLETAS PETALO 220 PZAS,UNICEL Y PLASTICOS,$0.000,$36.000
7501007704302,SERVILLETAS PETALO 100 PZAS,UNICEL Y PLASTICOS,$12.670,$18.000
7503022217348,SERVILLETAS PRUEBA 500 PZAS,UNICEL Y PLASTICOS,$0.000,$31.000
7501050410311,HORTENSIA SUPREME 400 HJS,UNICEL Y PLASTICOS,$0.000,$29.000
7501050410366,HORTENSIA SUPREME 450 HOJAS,UNICEL Y PLASTICOS,$0.000,$34.000
7501943485730,"SERVILLETA MARLI ""INTERFOLIADA"" C/250 PZ",UNICEL Y PLASTICOS,$0.000,$15.000
7506306215689,GEL EGO ALFA 200ML,UNICEL Y PLASTICOS,$0.000,$17.000
7501036619233,PAPEL HIGIENICO REGIO 400 HJS,UNICEL Y PLASTICOS,$22.500,$35.000
7501943412200,PAPEL HIGIENICO PETALO JUMBO 400HJS,UNICEL Y PLASTICOS,$28.240,$35.000
2165465,PAPEL HIGIENICO QUIALITY 6 PZAS,UNICEL Y PLASTICOS,$45.000,$60.000
7509546048321,COLGATE TRIPLE ACCION 125 ML,VASOS E INSUMOS,$0.000,$45.000
12102,CAFE VASO GRANDE PZA,VASOS E INSUMOS,$0.000,$18.000
12101,CAFE VASO CHICO PZA,VASOS E INSUMOS,$0.000,$12.000
7503006620010,VELADORA SANTA CECILIA GIGANTE,"VELAS, VELADORAS Y CERAS FUNDIDAS",$0.000,$14.000
7503040863091,ARAMO VELADORA LUZ #5,"VELAS, VELADORAS Y CERAS FUNDIDAS",$0.000,$26.000
7502284900081,SANTO PADRE VELADORA 1PZ,"VELAS, VELADORAS Y CERAS FUNDIDAS",$0.000,$18.000
7501557207209,VELADORA ARAMO 30 HORAS,"VELAS, VELADORAS Y CERAS FUNDIDAS",$0.000,$15.000
602499165644,VELADORA DIA DE MUERTOS PZA,"VELAS, VELADORAS Y CERAS FUNDIDAS",$0.000,$25.000
7501557205038,ARAMO VELADORA #13 DIA DE MUERTOS,"VELAS, VELADORAS Y CERAS FUNDIDAS",$0.000,$16.000
7503040863220,VELADORA ARAMO VIDRIO PZA,"VELAS, VELADORAS Y CERAS FUNDIDAS",$0.000,$18.000
7503048973174,VELADORA FLORERO DIA DE MUERTOS,"VELAS, VELADORAS Y CERAS FUNDIDAS",$0.000,$29.000
7503040863244,VELADORA CUBERO DIA DE MUERTOS,"VELAS, VELADORAS Y CERAS FUNDIDAS",$0.000,$26.000
7503048973181,VELADORA COLISEO DIA DE MUERTOS,"VELAS, VELADORAS Y CERAS FUNDIDAS",$0.000,$40.000
7502012640739,VELADORA SAN FELIPE MEDIA SEMANA,"VELAS, VELADORAS Y CERAS FUNDIDAS",$0.000,$27.000
723829219575,VELADORA SANTO PADRE MILAGROSA,"VELAS, VELADORAS Y CERAS FUNDIDAS",$0.000,$22.000
7501102260024,MEGA VELADORA LIMONERO USO MEGA PZ,"VELAS, VELADORAS Y CERAS FUNDIDAS",$13.186,$20.000
7503048973143,VELADORA DIVINO CRISTO,"VELAS, VELADORAS Y CERAS FUNDIDAS",$12.500,$20.000
7502284900074,VELADORA MILAGROSA SANTO PADRE,"VELAS, VELADORAS Y CERAS FUNDIDAS",$10.950,$20.000
7503006620003,VELADORA SANTA CECILIA PZ,"VELAS, VELADORAS Y CERAS FUNDIDAS",$0.000,$10.000
7503000951370,VELADORA INDU CHICA,"VELAS, VELADORAS Y CERAS FUNDIDAS",$0.000,$20.000
723829219568,VELADORA SANTO PADRE,"VELAS, VELADORAS Y CERAS FUNDIDAS",$15.000,$25.000
7502012647349,VELADORA SAN FELIPE 4,"VELAS, VELADORAS Y CERAS FUNDIDAS",$0.000,$26.000
744831122219,VELADORA LUZ ETERNA,"VELAS, VELADORAS Y CERAS FUNDIDAS",$13.624,$18.000
7505466707720,VELADORA DE VASO LIMONERO SAN PALERMO,"VELAS, VELADORAS Y CERAS FUNDIDAS",$0.000,$22.000
7503003924494,VELADORA DE VASO SAN JUAN,"VELAS, VELADORAS Y CERAS FUNDIDAS",$0.000,$24.000
7501557210544,VELADORA DE VIDRIO SANTO PADRE,"VELAS, VELADORAS Y CERAS FUNDIDAS",$15.000,$24.000
649646900406,VELADORA DE VASO LA SOLEDAD,"VELAS, VELADORAS Y CERAS FUNDIDAS",$9.833,$20.000
744831150953,VELADORA LUZ ETERNA VASO DE VIDRIO,"VELAS, VELADORAS Y CERAS FUNDIDAS",$21.227,$28.000
744831153022,LUZ ETERNA ROSITA SEMANAL,"VELAS, VELADORAS Y CERAS FUNDIDAS",$22.537,$32.000
7501557209425,VELADORA SAN JUDAS TADEO,"VELAS, VELADORAS Y CERAS FUNDIDAS",$0.000,$20.000
7502012640654,VELADORA SAN FELIPE SEMANAL,"VELAS, VELADORAS Y CERAS FUNDIDAS",$0.000,$46.000
7503000951523,VELADORA INDUVELSA,"VELAS, VELADORAS Y CERAS FUNDIDAS",$22.000,$22.000
744831152759,LIMONCITO LUZ ETERNA,"VELAS, VELADORAS Y CERAS FUNDIDAS",$12.000,$15.500
7503003924777,VELADORA SAN JUANORGIEA D1 PZ,"VELAS, VELADORAS Y CERAS FUNDIDAS",$21.000,$21.000
7503003924517,VELADORA SAN JUAN LIMONERO FINO 1PZ,"VELAS, VELADORAS Y CERAS FUNDIDAS",$25.000,$25.000
7501557205519,VELADORA ARAMO 1 PZ,"VELAS, VELADORAS Y CERAS FUNDIDAS",$19.047,$22.000
7501557200804,VELADORA ESMERALDA *2,"VELAS, VELADORAS Y CERAS FUNDIDAS",$105.000,$105.000
7501557200699,VELADORA CARAMELITO NUMERO 3,"VELAS, VELADORAS Y CERAS FUNDIDAS",$14.068,$22.000
744831192717,VELADORA ALCATRAZ 1 PZ,"VELAS, VELADORAS Y CERAS FUNDIDAS",$22.000,$22.000
7502012645550,VELADORA ROSA DE ORO #5,"VELAS, VELADORAS Y CERAS FUNDIDAS",$22.000,$22.000
744831124039,VELADORA LUZ ETERNA 1PZ,"VELAS, VELADORAS Y CERAS FUNDIDAS",$19.000,$19.000
7503003924234,VELADORA SAN JUAN JUMBO PZA,"VELAS, VELADORAS Y CERAS FUNDIDAS",$76.000,$76.000
823703180035,VELADORA SANTUARIO 1 PZ,"VELAS, VELADORAS Y CERAS FUNDIDAS",$18.000,$18.000
7502012641156,VELADORA SAN FELIPE DIAMANTE 1 PZ,"VELAS, VELADORAS Y CERAS FUNDIDAS",$78.000,$81.000
7503003924197,VELADORA SAN JUAN DE CARACOL 1 PZ,"VELAS, VELADORAS Y CERAS FUNDIDAS",$40.000,$50.000
7502012640050,VELADORA PAPEL CHICA SAN FELIPE NUM 3,"VELAS, VELADORAS Y CERAS FUNDIDAS",$9.150,$8.000
7501557201016,VEL. ESMERALDA #1  ECO.,"VELAS, VELADORAS Y CERAS FUNDIDAS",$127.000,$149.000
7502012646588,VELADORA SAN FELIPE #8,"VELAS, VELADORAS Y CERAS FUNDIDAS",$30.040,$48.000
7502012641354,VELADORA DIAMANTE GIGANTE SN FELIPE,"VELAS, VELADORAS Y CERAS FUNDIDAS",$90.000,$152.000
4521152414,VELAS PZ,"VELAS, VELADORAS Y CERAS FUNDIDAS",$4.244,$7.000
7501102269508,VELADORA ECO FAROLITO 1 PZA,"VELAS, VELADORAS Y CERAS FUNDIDAS",$29.000,$29.000
7502012641019,VELADORA SAN JUDAS T. PZA,"VELAS, VELADORAS Y CERAS FUNDIDAS",$15.500,$20.000
7502012640036,VELADORA SANTO CRISTO PZA,"VELAS, VELADORAS Y CERAS FUNDIDAS",$13.610,$18.000
7501557207087,VELADORA CARAMELITO NUMERO 7,"VELAS, VELADORAS Y CERAS FUNDIDAS",$25.820,$42.000
7503003924111,VELADORA M. S. BLANCA SAN JUAN,"VELAS, VELADORAS Y CERAS FUNDIDAS",$165.000,$22.000
7503003924357,VELADORA LIMONERO COMERCIAL,"VELAS, VELADORAS Y CERAS FUNDIDAS",$16.400,$22.000
7501557230726,VELADORA GRANDE CARAMELO MAGICO NUMERO 1,"VELAS, VELADORAS Y CERAS FUNDIDAS",$49.000,$49.000
7503003924159,VEL. SEM. SAN JUAN ROJO,"VELAS, VELADORAS Y CERAS FUNDIDAS",$26.000,$37.000
7501557207957,VELADORA ARAMO ECOLIMON,"VELAS, VELADORAS Y CERAS FUNDIDAS",$12.900,$17.000
602499132950,VELADORA LIMONERO SUPREMO,"VELAS, VELADORAS Y CERAS FUNDIDAS",$12.000,$20.000
7501557207377,VELADORA ARAMO LUMINOSA #15,"VELAS, VELADORAS Y CERAS FUNDIDAS",$40.000,$47.000
7501557200767,VELADORA ARAMO CARAMELO PZA,"VELAS, VELADORAS Y CERAS FUNDIDAS",$46.580,$47.000
7501557207360,VELADORA ARAMO LUMINOSA #7,"VELAS, VELADORAS Y CERAS FUNDIDAS",$24.000,$30.000
7501557200101,VELADORA ARAMO NORMAL #8,"VELAS, VELADORAS Y CERAS FUNDIDAS",$24.000,$40.000
7501557207353,VELADORA ARAMO #3 LUMINOSA,"VELAS, VELADORAS Y CERAS FUNDIDAS",$15.000,$18.000
7501557200415,VELADORA ARAMO NORMAL #3,"VELAS, VELADORAS Y CERAS FUNDIDAS",$15.000,$20.000
7501557200408,VELADORA ARAMO NO.4,"VELAS, VELADORAS Y CERAS FUNDIDAS",$12.900,$26.000
7503006961151,VELADORA LIMONERO ESPIRITU DIVINO,"VELAS, VELADORAS Y CERAS FUNDIDAS",$17.150,$11.000
7503006961199,VELA PZA,"VELAS, VELADORAS Y CERAS FUNDIDAS",$4.119,$7.000
7501102212511,VELADORA FAROLITO PAPEL #5,"VELAS, VELADORAS Y CERAS FUNDIDAS",$0.000,$24.000
7501102212214,VELADORA FAROLITO PAPEL #2,"VELAS, VELADORAS Y CERAS FUNDIDAS",$0.000,$12.000
7791540090417,FINCA LAS MORAS SAUVIGNON BLANC 750 ML,VINO BLANCO,$0.000,$170.000
7501053160213,CHARDONNAY LA CETTO 750ML,VINO BLANCO,$0.000,$188.000
8410106023254,DIAMANTE SEMI DULCE RIOJA  750 ML,VINO BLANCO,$0.000,$272.000
7501053160169,LA CETTO CHENIN BLANC 750ML,VINO BLANCO,$0.000,$198.000
7501772802708,PARIS DE NOCHE COLA 2 LT,VINO BLANCO,$73.111,$95.000
7501772803576,KOSAKO MORA AZUL 1 LT,VINO BLANCO,$37.778,$50.000
7501032485740,VIUDA DE ROMERO PALOMA 355ML,VINO BLANCO,$0.000,$25.000
7503034941347,MICHELOB ULTRA 210ML,VINO BLANCO,$0.000,$15.000
75050238,MODELO AMBAR 355ML,VINO BLANCO,$15.000,$22.000
7501053106518,BLANC DE BLANCS LA CETTO 750 ML.,VINO BLANCO,$144.435,$172.000
7501053160176,FUME BLANC LA CETTO 750 ML,VINO BLANCO,$131.301,$172.000
7503023578318,V. BLACO XA DOMEC 750ML,VINO BLANCO,$130.294,$165.000
7501003609083,V. PARA CONSAGRAR UCERO 750ML,VINO BLANCO,$120.000,$149.000
7501036100465,V.B. CALIFORNIA TETRA PAK 1 LT,VINO BLANCO,$67.672,$90.000
7804320636009,RESERVADO SAUVIGNON BLANC 750ML,VINO BLANCO,$100.000,$125.000
080516130743,LAMBRUSCO ROSE 750 ML,VINO ROSADO,$152.000,$173.000
8004385028620,VILLA JOLANDA 750ML,VINO ROSADO,$231.000,$231.000
7503013140228,ESTEFANYA LAMBRUSO 750 ML,VINO TINTO,$0.000,$140.000
7804320148397,CONCHA Y TORO RESERVADO MERLOT 750 ML,VINO TINTO,$0.000,$170.000
729090020650,CUATRO SOLES CABERNET SAUVIGNON 750 ML,VINO TINTO,$0.000,$175.000
7501032485627,COOLWINE VINO TINTO DULCE 750ML,VINO TINTO,$0.000,$110.000
7804320637006,RESERVADO CABERNET SAUVIGNON 750ML,VINO TINTO,$0.000,$124.000
7501053160572,MERLOT 750 ML,VINO TINTO,$0.000,$176.000
7791540127168,FINCA LAS MORAS MALBEC 750ML,VINO TINTO,$0.000,$170.000
7791540127106,FINCA LAS MORAS CABERNET SAUVIGNON 750ML,VINO TINTO,$0.000,$170.000
729090020667,CUATRO SOLES MEXICO VINO TINTO 750ML,VINO TINTO,$0.000,$175.000
7804320985633,CASILLERO DEL DIABLO MERLOT 750ML,VINO TINTO,$0.000,$308.000
729090020643,CUATRO SOLES 750ML,VINO TINTO,$105.000,$140.000
7503023578332,XA VINO TINTO 750ML,VINO TINTO,$134.000,$168.000
8028338350019,LAMBRUSCO DOLCE AMORE 750 ML,VINO TINTO,$145.442,$178.000
7501079801015,SANGRE DE CRISTO TINTO 750ML,VINO TINTO,$138.005,$183.000
7804320303178,CASILLERO DEL DIABLO CABERNET SAUVIGNON 750ML,VINO TINTO,$200.000,$308.000
7501053160053,RESERVADO CABERNET SAUVIGNON 750ML,VINO TINTO,$120.000,$155.000
8410113003065,GRAN SANGRE DE TORO TINTO 750ML,VINO TINTO,$220.000,$401.000
7501067606134,SIDRA GOTA REAL 680ML,VINO TINTO,$0.000,$85.000
7501036100458,V.T. CALIFORNIA TETRA PAK 1 LT,VINO TINTO,$68.997,$90.000
080516135144,V.T. RIUNITE LAMBRUSCO 750ML,VINO TINTO,$130.001,$173.000
7312040017201,ABSOLUT VODKA 200ML,VODKA,$0.000,$110.000
5000196006133,BUCHANAN'S 12 200ML,VODKA,$0.000,$260.000
4750021000041,VODKA STOLICHNAYA 375ML,VODKA,$0.000,$80.000
4750021002700,VODKA STOLICHNAYA NARANJA 375ML,VODKA,$0.000,$80.000
7502213346997,ZAVERICH RASPBERRY 1LT,VODKA,$0.000,$187.000
7502213347222,ZAVERICH MANGO PICANTE 1LT,VODKA,$0.000,$185.000
7312040350261,ABSOLUT PEARS PEAR FLACORED VODKA 750ML,VODKA,$0.000,$388.000
5900685006050,WYBOROWA VODKA 750ML,VODKA,$0.000,$221.000
7501035015142,OSO NNEGRO 1.75ML,VODKA,$0.000,$230.000
88071603,SKYY VODKA NATURAL 750ML,VODKA,$0.000,$209.000
082000006336,SMIRNOFF TAMARINDO 200ML,VODKA,$0.000,$71.000
7501035015005,OSO NEGRO 200 ML,VODKA,$45.003,$62.000
7502213341398,ZAVERICH VODKA 1.75 LT,VODKA,$156.994,$208.000
7312040350063,ABSOLUT RASPBERRI 750 ML,VODKA,$199.000,$388.000
7312040552825,VODKA ABOSLUT SUECO 750ML,VODKA,$308.000,$308.000
503027906049,VODKA MOLOTOFF 1LT,VODKA,$81.000,$81.000
7503027906049,VODKA SASHA MOLOTOFF 1 LT,VODKA,$85.000,$85.000
851926004500,LICOR NUVO 750 ML,VODKA,$828.000,$834.000
7502213348410,ZAVERICH SABOR TAMARINDO 1 LT,VODKA,$165.000,$166.000
744293160118,AZUL XTREMO 1 L,VODKA,$56.005,$75.000
5410316950527,SMIRNOFF TAMARINDO 750ML,VODKA,$225.000,$306.000
082000000068,VODKA SMIRNOFF 750ML,VODKA,$181.000,$279.000
082000000051,VODKA SMIRNOFF 1 LT,VODKA,$221.000,$316.000
7501035015043,OSO NEGRO GINEBRA 1 LT,VODKA,$134.000,$182.000
5900191016444,VODKA WYBOROWA 750ML,VODKA,$123.000,$221.000
7501043710688,VODKA KARAT 250ML,VODKA,$0.000,$51.000
7312040050758,VODKA ABSOLUT MANDARINA 750ML,VODKA,$0.000,$388.000
7312040090754,VODKA ABSOLUT CITRON 750ML,VODKA,$0.000,$363.000
7312040150755,VODKA ABSOLUT PEAR 750ML,VODKA,$0.000,$388.000
4750021000157,VODKA STOLICHNAYA 750ML,VODKA,$0.000,$306.000
5900685006067,VODKA WYBOROWA 1 LT,VODKA,$0.000,$252.000
721059007504,VODKA SKYY 750ML,VODKA,$125.000,$262.000
7502213341350,VODKA ZAVERICH PREMIUM 1LT,VODKA,$81.030,$131.000
7501035015067,OSO NEGRO 250ML,VODKA,$47.473,$52.000
7312040040759,VODKA ABSOLUT RASPBERRI 750ML,VODKA,$0.000,$363.000
7312040180752,VODKA ABSOLUT MANGO 750ML,VODKA,$0.000,$388.000
7312040017010,VODKA ABSOLUT AZUL 750ML,VODKA,$228.996,$388.000
5410316948319,VODKA SMIRNOFF 750ML,VODKA,$161.657,$157.000
7501035015203,VODKA OSO NEGRO 1 LT,VODKA,$190.669,$138.000
7501043710701,VODKA KARAT 1 LT,VODKA,$107.996,$144.000
5000267023601,BLACK LABEL 12 AÑOS 1 LT,WHISKY,$958.240,"$1,421.000"
5000299210444,WHISKY PASSPORT SELECTION 1LT,WHISKY,$0.000,$230.000
5000267014074,WHISKY RED LABEL 750ML,WHISKY,$0.000,$365.000
5000299210383,WHISKY PASSPORT SCOTCH 355ML,WHISKY,$0.000,$85.000
5000299210413,WHISKY  PASSPORT SELECTION 700ML,WHISKY,$0.000,$178.000
744607008235,JACK DANIELS LEMONADE 350ML,WHISKY,$0.000,$37.000
744607008297,JACK DANIELS APPLE 350ML,WHISKY,$0.000,$37.000
5010677715003,BOMBAY SAPPHIRE INFUSED 750ML,WHISKY,$0.000,$520.000
5000196006218,BUCHANAN´S TWO SOULS 750ML,WHISKY,$0.000,"$1,150.000"
5099873017623,JACK DANIEL´S JENNESSEE APPLE 700ML,WHISKY,$0.000,$653.000
5000267015200,RED LABEL JOHNNIE WALKER 200ML,WHISKY,$0.000,$134.000
5000196006041,BUCHANAN´S DELUXE 12 YEARS 200ML,WHISKY,$0.000,$258.000
5010752000420,WILLIAM LAWSONS 350ML,WHISKY,$0.000,$137.000
5000196006744,BUCHANAN´S DELUXE 750ML JBALVIN EDICION ESPECIAL,WHISKY,$0.000,"$1,095.000"
7501003698162,BALLANTINES 700 ML/200ML,WHISKY,$0.000,$385.000
5010103800310,WHISKY RARE JB 750ML,WHISKY,$0.000,$323.000
5010106113493,WHI BALLANTINES FINEST 200ML,WHISKY,$0.000,$105.000
7502213348458,MC ANDREWS 750 ML,WHISKY,$261.000,$210.000
082184090473,JACK DANIELS 700 ML,WHISKY,$538.000,$575.000
5010106113073,BALLANTINES 700 ML,WHISKY,$283.000,$348.000
5000267171579,RED LABEL 200ML,WHISKY,$89.000,$110.000
5000196006232,BLACK & WHITE ORANGE 700ML,WHISKY,$215.000,$215.000
5011013100156,BAILEYS ORIGINAL 700ML,WHISKY,$345.690,$472.000
7640171033129,WILLIAM LAWSONS SUPER CHILI 700ML,WHISKY,$168.000,$200.000
080432400388,CHIVAS REGAL 12 AÑOS 375ML,WHISKY,$198.000,$198.000
264521320230,BAILEYS ORIGINAL 700ML,WHISKY,$325.000,$325.000
50196135,BLACK & WHITE 700ML,WHISKY,$193.970,$292.000
50196838,BLACK & WHITE 200ML,WHISKY,$68.997,$80.000
5000292001001,VAT 69 WHISKY 750ML,WHISKY,$120.000,$150.000
082184090442,JACK DANIELS 1 LT,WHISKY,$753.000,$825.000
082184042397,JACK DANIELS JENNESSEE HONEY 700ML,WHISKY,$380.000,$575.000
5000267024004,J. W.  BLACK LABEL 12 AÑOS 750ML,WHISKY,$676.340,$996.000
5000267117201,J. W. DOUBLE BLACK 750ML,WHISKY,$800.000,$897.000
080432400395,CHIVAS REGAL 750ML 12 AÑOS,WHISKY,$600.000,"$1,035.000"
5000196003774,BUCHANAN´S MASTER 750ML,WHISKY,$800.000,$829.000
5010103800457,WKY. J & B 1 LT,WHISKY,$0.000,$395.000
5010103800303,WKY. J & B 750ML,WHISKY,$0.000,$324.000
5010327905105,WKY. CLAN MAC GREGOR 750ML,WHISKY,$0.000,$142.000
5000299210208,PASSPORT 200ML,WHISKY,$58.000,$81.000
50196913,BUCHANANS 18 AÑOS 750ML,WHISKY,$0.000,"$1,589.000"
50196081,BLACK & WHITE 1 LT,WHISKY,$274.999,$357.000
5011013100118,CREMA DE WHISKY BAILEYS 1 LT,WHISKY,$0.000,$630.000
5011013100132,CREMA DE WHISKY BAILEYS 750ML,WHISKY,$0.000,$281.000
080432401774,PASSPORT 1 LT,WHISKY,$175.000,$345.000
5000267013602,RED LABEL J. WALKER 1 LT,WHISKY,$381.900,$574.000
50196265,BLACK & WHITE 750ML,WHISKY,$0.000,$293.000
5010752000307,WILLIAM LAWSONS 750ML,WHISKY,$121.550,$230.000
080432402870,WHISKY PASSPORT 700ML,WHISKY,$118.100,$256.000
5000267014203,RED LABEL J. WALKER 700ML,WHISKY,$267.443,$412.000
50196388,BUCHANAN'S 12 AÑOS 750ML,WHISKY,$833.990,"$1,090.000"
